invoice_id,invoice_number,customer_id,subscription_id,invoice_date,due_date,status,currency,subtotal_amount,tax_amount,total_amount,paid_at
1,INV-000001,1,1,2025-07-01,2025-07-31,paid,USD,116.00,0.00,116.00,2025-07-16
2,INV-000002,1,1,2025-08-01,2025-09-15,paid,USD,116.00,0.00,116.00,2025-08-02
3,INV-000003,1,1,2025-09-01,2025-09-16,paid,USD,116.00,0.00,116.00,2025-09-15
4,INV-000004,1,2,2026-02-18,2026-03-20,paid,USD,87.00,0.00,87.00,2026-02-18
5,INV-000005,1,2,2026-03-18,2026-05-02,paid,USD,87.00,0.00,87.00,2026-03-27
6,INV-000006,1,2,2026-04-18,2026-05-18,paid,USD,87.00,0.00,87.00,2026-05-08
7,INV-000007,1,2,2026-05-18,2026-06-17,paid,USD,87.00,0.00,87.00,2026-06-11
8,INV-000008,1,2,2026-06-18,2026-07-03,paid,USD,87.00,0.00,87.00,2026-06-19
9,INV-000009,1,2,2026-07-18,2026-09-01,paid,USD,87.00,0.00,87.00,2026-07-19
10,INV-000010,1,2,2026-08-18,2026-09-02,paid,USD,87.00,0.00,87.00,2026-08-18
11,INV-000011,2,3,2024-08-15,2024-08-30,paid,USD,174.00,0.00,174.00,2024-08-17
12,INV-000012,2,3,2024-09-15,2024-10-15,paid,USD,174.00,0.00,174.00,2024-09-16
13,INV-000013,2,3,2024-10-15,2024-11-14,paid,USD,174.00,0.00,174.00,2024-10-17
14,INV-000014,2,3,2024-11-15,2024-12-30,void,USD,174.00,0.00,174.00,
15,INV-000015,2,3,2024-12-15,2025-01-29,paid,USD,174.00,0.00,174.00,2024-12-15
16,INV-000016,2,3,2025-01-15,2025-02-14,paid,USD,174.00,0.00,174.00,2025-02-12
17,INV-000017,2,3,2025-02-15,2025-03-02,paid,USD,174.00,0.00,174.00,2025-02-17
18,INV-000018,2,3,2025-03-15,2025-03-30,paid,USD,174.00,0.00,174.00,2025-03-16
19,INV-000019,2,3,2025-04-15,2025-05-30,paid,USD,174.00,0.00,174.00,2025-04-15
20,INV-000020,2,3,2025-05-15,2025-06-29,paid,USD,174.00,0.00,174.00,2025-05-15
21,INV-000021,2,3,2025-06-15,2025-07-15,paid,USD,174.00,0.00,174.00,2025-07-10
22,INV-000022,2,3,2025-07-15,2025-07-30,paid,USD,145.00,0.00,145.00,2025-07-17
23,INV-000023,2,3,2025-08-15,2025-09-14,paid,USD,145.00,0.00,145.00,2025-08-16
24,INV-000024,2,3,2025-09-15,2025-10-15,paid,USD,145.00,0.00,145.00,2025-09-21
25,INV-000025,2,3,2025-10-15,2025-11-14,paid,USD,145.00,0.00,145.00,2025-10-24
26,INV-000026,2,3,2025-11-15,2025-12-15,paid,USD,145.00,0.00,145.00,2025-11-16
27,INV-000027,2,3,2025-12-15,2026-01-14,paid,USD,145.00,0.00,145.00,2025-12-28
28,INV-000028,2,3,2026-01-15,2026-01-30,paid,USD,145.00,0.00,145.00,2026-01-15
29,INV-000029,2,3,2026-02-15,2026-03-17,paid,USD,145.00,0.00,145.00,2026-02-22
30,INV-000030,3,4,2023-01-03,2023-02-17,paid,USD,116.00,0.00,116.00,2023-01-14
31,INV-000031,3,4,2023-02-03,2023-02-18,paid,USD,116.00,0.00,116.00,2023-02-17
32,INV-000032,3,4,2023-03-03,2023-04-17,paid,USD,116.00,0.00,116.00,2023-03-04
33,INV-000033,3,4,2023-04-03,2023-05-03,paid,USD,116.00,0.00,116.00,2023-04-26
34,INV-000034,3,4,2023-05-03,2023-06-02,paid,USD,116.00,0.00,116.00,2023-05-03
35,INV-000035,3,4,2023-06-03,2023-06-18,paid,USD,116.00,0.00,116.00,2023-06-05
36,INV-000036,3,4,2023-07-03,2023-08-02,paid,USD,116.00,0.00,116.00,2023-07-12
37,INV-000037,3,4,2023-08-03,2023-09-02,paid,USD,116.00,0.00,116.00,2023-08-07
38,INV-000038,3,4,2023-09-03,2023-10-03,paid,USD,116.00,0.00,116.00,2023-09-04
39,INV-000039,3,4,2023-10-03,2023-11-02,paid,USD,116.00,0.00,116.00,2023-10-04
40,INV-000040,3,4,2023-11-03,2023-12-18,paid,USD,116.00,0.00,116.00,2023-11-14
41,INV-000041,3,4,2023-12-03,2023-12-18,paid,USD,116.00,0.00,116.00,2023-12-07
42,INV-000042,3,4,2024-01-03,2024-02-02,paid,USD,116.00,0.00,116.00,2024-01-07
43,INV-000043,3,4,2024-02-03,2024-03-04,paid,USD,116.00,0.00,116.00,2024-02-21
44,INV-000044,3,4,2024-03-03,2024-04-02,uncollectible,USD,116.00,0.00,116.00,
45,INV-000045,3,4,2024-04-03,2024-05-18,paid,USD,116.00,0.00,116.00,2024-04-08
46,INV-000046,3,4,2024-05-03,2024-06-02,paid,USD,116.00,0.00,116.00,2024-05-09
47,INV-000047,3,4,2024-06-03,2024-07-03,paid,USD,236.00,0.00,236.00,2024-06-21
48,INV-000048,3,4,2024-07-03,2024-08-02,paid,USD,236.00,0.00,236.00,2024-07-03
49,INV-000049,3,4,2024-08-03,2024-08-18,paid,USD,236.00,0.00,236.00,2024-08-16
50,INV-000050,3,4,2024-09-03,2024-10-03,paid,USD,236.00,0.00,236.00,2024-09-14
51,INV-000051,4,5,2024-03-24,2024-04-23,paid,USD,70040.04,0.00,70040.04,2024-04-06
52,INV-000052,4,5,2025-03-24,2025-05-08,paid,USD,45540.00,0.00,45540.00,2025-04-02
53,INV-000053,4,5,2026-03-24,2026-05-08,paid,USD,45540.00,0.00,45540.00,2026-04-09
54,INV-000054,5,6,2026-05-27,2026-07-11,paid,USD,2949.96,0.00,2949.96,2026-05-30
55,INV-000055,6,7,2023-11-01,2023-12-01,paid,USD,7670.04,0.00,7670.04,2023-11-04
56,INV-000056,6,7,2024-11-01,2024-12-01,paid,USD,12870.00,0.00,12870.00,2024-11-06
57,INV-000057,6,8,2025-05-23,2025-06-22,paid,USD,990.00,0.00,990.00,2025-05-25
58,INV-000058,6,8,2025-06-23,2025-07-08,paid,USD,1138.00,0.00,1138.00,2025-06-30
59,INV-000059,6,8,2025-07-23,2025-09-06,paid,USD,1168.00,0.00,1168.00,2025-07-25
60,INV-000060,6,8,2025-08-23,2025-09-22,paid,USD,1089.00,0.00,1089.00,2025-08-23
61,INV-000061,6,8,2025-09-23,2025-10-23,paid,USD,1089.00,0.00,1089.00,2025-09-24
62,INV-000062,6,8,2025-10-23,2025-12-07,paid,USD,1089.00,0.00,1089.00,2025-10-23
63,INV-000063,6,8,2025-11-23,2025-12-23,paid,USD,1089.00,0.00,1089.00,2025-12-01
64,INV-000064,6,8,2025-12-23,2026-01-07,paid,USD,1089.00,0.00,1089.00,2025-12-24
65,INV-000065,6,8,2026-01-23,2026-02-22,paid,USD,1218.00,0.00,1218.00,2026-01-26
66,INV-000066,6,8,2026-02-23,2026-03-25,paid,USD,1089.00,0.00,1089.00,2026-03-03
67,INV-000067,6,8,2026-03-23,2026-04-22,paid,USD,1089.00,0.00,1089.00,2026-04-11
68,INV-000068,6,8,2026-04-23,2026-06-07,paid,USD,1089.00,0.00,1089.00,2026-04-26
69,INV-000069,6,8,2026-05-23,2026-07-07,paid,USD,1089.00,0.00,1089.00,2026-06-29
70,INV-000070,6,8,2026-06-23,2026-07-08,paid,USD,1089.00,0.00,1089.00,2026-06-26
71,INV-000071,6,8,2026-07-23,2026-08-07,paid,USD,1089.00,0.00,1089.00,2026-07-31
72,INV-000072,6,8,2026-08-23,2026-09-07,paid,USD,1089.00,0.00,1089.00,2026-08-31
73,INV-000073,7,9,2025-11-25,2025-12-25,paid,USD,87.00,0.00,87.00,2025-12-03
74,INV-000074,7,9,2025-12-25,2026-01-24,paid,USD,87.00,0.00,87.00,2025-12-29
75,INV-000075,7,9,2026-01-25,2026-02-09,paid,USD,87.00,0.00,87.00,2026-01-29
76,INV-000076,7,9,2026-02-25,2026-03-12,paid,USD,87.00,0.00,87.00,2026-03-18
77,INV-000077,7,9,2026-03-25,2026-04-24,paid,USD,87.00,0.00,87.00,2026-04-07
78,INV-000078,7,9,2026-04-25,2026-05-10,paid,USD,87.00,0.00,87.00,2026-05-01
79,INV-000079,7,9,2026-05-25,2026-07-09,paid,USD,87.00,0.00,87.00,2026-06-11
80,INV-000080,7,9,2026-06-25,2026-07-10,paid,USD,87.00,0.00,87.00,2026-06-25
81,INV-000081,7,9,2026-07-25,2026-08-24,paid,USD,87.00,0.00,87.00,2026-08-01
82,INV-000082,7,9,2026-08-25,2026-10-09,paid,USD,87.00,0.00,87.00,2026-08-30
83,INV-000083,8,10,2024-09-25,2024-11-09,paid,USD,177.00,0.00,177.00,2024-09-26
84,INV-000084,8,10,2024-10-25,2024-12-09,paid,USD,118.00,0.00,118.00,2024-10-25
85,INV-000085,8,10,2024-11-25,2024-12-10,paid,USD,118.00,0.00,118.00,2024-11-29
86,INV-000086,8,10,2024-12-25,2025-01-09,paid,USD,118.00,0.00,118.00,2024-12-28
87,INV-000087,8,10,2025-01-25,2025-03-11,paid,USD,118.00,0.00,118.00,2025-02-10
88,INV-000088,8,10,2025-02-25,2025-03-12,paid,USD,118.00,0.00,118.00,2025-03-04
89,INV-000089,8,10,2025-03-25,2025-04-09,paid,USD,118.00,0.00,118.00,2025-03-31
90,INV-000090,8,10,2025-04-25,2025-05-25,void,USD,118.00,0.00,118.00,
91,INV-000091,8,10,2025-05-25,2025-06-09,paid,USD,118.00,0.00,118.00,2025-05-25
92,INV-000092,8,10,2025-06-25,2025-07-25,paid,USD,118.00,0.00,118.00,2025-06-26
93,INV-000093,8,10,2025-07-25,2025-08-24,paid,USD,118.00,0.00,118.00,2025-07-26
94,INV-000094,8,10,2025-08-25,2025-09-24,paid,USD,118.00,0.00,118.00,2025-09-09
95,INV-000095,8,10,2025-09-25,2025-10-10,paid,USD,118.00,0.00,118.00,2025-09-28
96,INV-000096,8,10,2025-10-25,2025-11-24,paid,USD,118.00,0.00,118.00,2025-12-04
97,INV-000097,8,10,2025-11-25,2025-12-10,paid,USD,118.00,0.00,118.00,2025-12-05
98,INV-000098,8,10,2025-12-25,2026-02-08,paid,USD,118.00,0.00,118.00,2025-12-26
99,INV-000099,8,10,2026-01-25,2026-03-11,paid,USD,118.00,0.00,118.00,2026-02-05
100,INV-000100,8,10,2026-02-25,2026-03-12,paid,USD,118.00,0.00,118.00,2026-03-03
101,INV-000101,8,10,2026-03-25,2026-04-24,paid,USD,118.00,0.00,118.00,2026-03-28
102,INV-000102,8,10,2026-04-25,2026-05-25,paid,USD,118.00,0.00,118.00,2026-04-28
103,INV-000103,8,10,2026-05-25,2026-06-24,paid,USD,177.00,0.00,177.00,2026-06-22
104,INV-000104,8,10,2026-06-25,2026-08-09,paid,USD,177.00,0.00,177.00,2026-06-25
105,INV-000105,8,10,2026-07-25,2026-08-24,paid,USD,236.00,0.00,236.00,2026-07-27
106,INV-000106,8,10,2026-08-25,2026-09-24,open,USD,236.00,0.00,236.00,
107,INV-000107,9,11,2025-06-16,2025-07-16,paid,USD,1121.00,0.00,1121.00,2025-06-18
108,INV-000108,9,11,2025-07-16,2025-08-30,void,USD,1121.00,0.00,1121.00,
109,INV-000109,9,11,2025-08-16,2025-08-31,paid,USD,1121.00,0.00,1121.00,2025-08-24
110,INV-000110,9,11,2025-09-16,2025-10-16,paid,USD,1121.00,0.00,1121.00,2025-09-23
111,INV-000111,9,11,2025-10-16,2025-10-31,paid,USD,1121.00,0.00,1121.00,2025-10-17
112,INV-000112,9,11,2025-11-16,2025-12-16,paid,USD,1121.00,0.00,1121.00,2025-11-27
113,INV-000113,9,11,2025-12-16,2026-01-30,paid,USD,1121.00,0.00,1121.00,2025-12-30
114,INV-000114,9,11,2026-01-16,2026-03-02,paid,USD,1180.00,0.00,1180.00,2026-01-27
115,INV-000115,9,11,2026-02-16,2026-03-18,paid,USD,1180.00,0.00,1180.00,2026-02-24
116,INV-000116,9,11,2026-03-16,2026-04-15,paid,USD,1180.00,0.00,1180.00,2026-03-16
117,INV-000117,9,11,2026-04-16,2026-05-31,paid,USD,1180.00,0.00,1180.00,2026-05-17
118,INV-000118,9,11,2026-05-16,2026-05-31,paid,USD,1180.00,0.00,1180.00,2026-05-20
119,INV-000119,9,11,2026-06-16,2026-07-16,paid,USD,1180.00,0.00,1180.00,2026-06-17
120,INV-000120,9,11,2026-07-16,2026-08-15,paid,USD,1298.00,0.00,1298.00,2026-07-18
121,INV-000121,9,11,2026-08-16,2026-08-31,paid,USD,1298.00,0.00,1298.00,2026-08-20
122,INV-000122,10,12,2026-02-08,2026-02-23,paid,USD,87.00,0.00,87.00,2026-02-18
123,INV-000123,10,12,2026-03-08,2026-04-07,void,USD,87.00,0.00,87.00,
124,INV-000124,10,12,2026-04-08,2026-05-08,void,USD,87.00,0.00,87.00,
125,INV-000125,11,13,2026-05-03,2026-06-17,paid,USD,708.00,0.00,708.00,2026-05-03
126,INV-000126,11,13,2026-06-03,2026-07-03,paid,USD,708.00,0.00,708.00,2026-06-06
127,INV-000127,11,13,2026-07-03,2026-08-02,paid,USD,708.00,0.00,708.00,2026-07-04
128,INV-000128,11,13,2026-08-03,2026-09-02,paid,USD,708.00,0.00,708.00,2026-08-04
129,INV-000129,12,14,2026-06-02,2026-07-02,paid,USD,343370.04,0.00,343370.04,2026-06-03
130,INV-000130,13,15,2023-08-10,2023-09-09,paid,USD,82170.00,0.00,82170.00,2023-08-13
131,INV-000131,13,15,2024-08-10,2024-09-24,paid,USD,99000.00,0.00,99000.00,2024-08-31
132,INV-000132,13,15,2025-08-10,2025-08-25,paid,USD,99000.00,0.00,99000.00,2025-08-11
133,INV-000133,13,15,2026-08-10,2026-08-25,paid,USD,99000.00,0.00,99000.00,2026-08-11
134,INV-000134,14,16,2026-05-01,2026-06-15,uncollectible,USD,29499.96,0.00,29499.96,
135,INV-000135,15,17,2026-01-12,2026-02-11,paid,USD,3861.00,0.00,3861.00,2026-01-13
136,INV-000136,15,17,2026-02-12,2026-03-14,paid,USD,3861.00,0.00,3861.00,2026-03-14
137,INV-000137,15,17,2026-03-12,2026-04-11,paid,USD,3861.00,0.00,3861.00,2026-03-13
138,INV-000138,15,17,2026-04-12,2026-04-27,paid,USD,3861.00,0.00,3861.00,2026-04-13
139,INV-000139,15,17,2026-05-12,2026-06-11,paid,USD,3861.00,0.00,3861.00,2026-05-15
140,INV-000140,15,17,2026-06-12,2026-06-27,paid,USD,3861.00,0.00,3861.00,2026-06-13
141,INV-000141,15,17,2026-07-12,2026-08-11,paid,USD,3861.00,0.00,3861.00,2026-07-16
142,INV-000142,15,17,2026-08-12,2026-09-11,paid,USD,3861.00,0.00,3861.00,2026-08-17
143,INV-000143,16,18,2025-08-31,2025-09-15,paid,USD,1770.00,0.00,1770.00,2025-09-07
144,INV-000144,16,18,2025-09-30,2025-10-30,paid,USD,1770.00,0.00,1770.00,2025-10-15
145,INV-000145,16,18,2025-10-31,2025-11-30,paid,USD,1770.00,0.00,1770.00,2025-11-02
146,INV-000146,16,18,2025-11-30,2025-12-30,paid,USD,1770.00,0.00,1770.00,2025-12-07
147,INV-000147,16,18,2025-12-31,2026-01-30,paid,USD,1770.00,0.00,1770.00,2026-01-06
148,INV-000148,16,18,2026-01-31,2026-03-02,paid,USD,1770.00,0.00,1770.00,2026-01-31
149,INV-000149,16,18,2026-02-28,2026-04-14,paid,USD,1770.00,0.00,1770.00,2026-02-28
150,INV-000150,16,18,2026-03-31,2026-04-30,paid,USD,1770.00,0.00,1770.00,2026-04-13
151,INV-000151,16,18,2026-04-30,2026-05-15,paid,USD,1770.00,0.00,1770.00,2026-05-07
152,INV-000152,16,18,2026-05-31,2026-06-15,paid,USD,1770.00,0.00,1770.00,2026-06-03
153,INV-000153,16,18,2026-06-30,2026-08-14,paid,USD,1770.00,0.00,1770.00,2026-07-04
154,INV-000154,16,18,2026-07-31,2026-08-30,paid,USD,1770.00,0.00,1770.00,2026-08-08
155,INV-000155,16,18,2026-08-31,2026-09-30,open,USD,1770.00,0.00,1770.00,
156,INV-000156,17,19,2023-09-19,2023-10-19,paid,USD,377190.00,0.00,377190.00,2023-10-24
157,INV-000157,17,19,2024-09-19,2024-11-03,paid,USD,567690.00,0.00,567690.00,2024-09-24
158,INV-000158,17,19,2025-09-19,2025-10-04,paid,USD,630270.00,0.00,630270.00,2025-09-23
159,INV-000159,18,20,2026-06-29,2026-07-29,paid,USD,25329.96,0.00,25329.96,2026-07-03
160,INV-000160,19,21,2025-07-23,2025-08-22,paid,USD,2065.00,0.00,2065.00,2025-07-31
161,INV-000161,19,21,2025-08-23,2025-09-07,paid,USD,2065.00,0.00,2065.00,2025-08-26
162,INV-000162,19,21,2025-09-23,2025-10-23,paid,USD,2065.00,0.00,2065.00,2025-10-07
163,INV-000163,19,21,2025-10-23,2025-12-07,paid,USD,2065.00,0.00,2065.00,2025-10-27
164,INV-000164,19,21,2025-11-23,2026-01-07,paid,USD,2065.00,0.00,2065.00,2025-12-24
165,INV-000165,19,21,2025-12-23,2026-02-06,paid,USD,2065.00,0.00,2065.00,2025-12-23
166,INV-000166,19,21,2026-01-23,2026-02-22,paid,USD,2065.00,0.00,2065.00,2026-01-25
167,INV-000167,19,21,2026-02-23,2026-03-25,paid,USD,2065.00,0.00,2065.00,2026-02-26
168,INV-000168,19,21,2026-03-23,2026-04-22,paid,USD,2065.00,0.00,2065.00,2026-03-28
169,INV-000169,19,22,2026-08-23,2026-09-22,open,USD,290.00,0.00,290.00,
170,INV-000170,20,23,2026-06-03,2026-07-03,paid,USD,2360.04,0.00,2360.04,2026-06-11
171,INV-000171,21,24,2026-02-14,2026-03-16,paid,USD,118.00,0.00,118.00,2026-02-25
172,INV-000172,21,24,2026-03-14,2026-03-29,paid,USD,118.00,0.00,118.00,2026-03-19
173,INV-000173,21,24,2026-04-14,2026-04-29,paid,USD,118.00,0.00,118.00,2026-04-23
174,INV-000174,21,24,2026-05-14,2026-06-28,paid,USD,118.00,0.00,118.00,2026-05-23
175,INV-000175,21,24,2026-06-14,2026-07-29,paid,USD,118.00,0.00,118.00,2026-06-19
176,INV-000176,21,24,2026-07-14,2026-08-28,paid,USD,118.00,0.00,118.00,2026-07-15
177,INV-000177,21,24,2026-08-14,2026-08-29,open,USD,118.00,0.00,118.00,
178,INV-000178,22,25,2023-04-24,2023-06-08,paid,USD,708.00,0.00,708.00,2023-05-01
179,INV-000179,22,25,2023-05-24,2023-06-23,paid,USD,708.00,0.00,708.00,2023-05-28
180,INV-000180,22,25,2023-06-24,2023-07-09,paid,USD,708.00,0.00,708.00,2023-06-29
181,INV-000181,22,25,2023-07-24,2023-08-08,paid,USD,826.00,0.00,826.00,2023-07-27
182,INV-000182,22,25,2023-08-24,2023-10-08,paid,USD,826.00,0.00,826.00,2023-08-26
183,INV-000183,22,25,2023-09-24,2023-10-24,paid,USD,826.00,0.00,826.00,2023-09-24
184,INV-000184,22,25,2023-10-24,2023-11-23,paid,USD,826.00,0.00,826.00,2023-11-03
185,INV-000185,22,25,2023-11-24,2023-12-24,paid,USD,826.00,0.00,826.00,2023-12-02
186,INV-000186,22,25,2023-12-24,2024-02-07,paid,USD,826.00,0.00,826.00,2023-12-26
187,INV-000187,23,26,2022-12-01,2022-12-31,paid,USD,174.00,0.00,174.00,2022-12-18
188,INV-000188,23,26,2023-01-01,2023-01-16,paid,USD,174.00,0.00,174.00,2023-02-03
189,INV-000189,23,26,2023-02-01,2023-03-03,paid,USD,174.00,0.00,174.00,2023-02-16
190,INV-000190,23,26,2023-03-01,2023-03-31,paid,USD,174.00,0.00,174.00,2023-03-09
191,INV-000191,23,26,2023-04-01,2023-05-01,paid,USD,174.00,0.00,174.00,2023-04-04
192,INV-000192,24,27,2023-01-01,2023-01-16,paid,USD,767.00,0.00,767.00,2023-01-07
193,INV-000193,24,27,2023-02-01,2023-03-03,paid,USD,767.00,0.00,767.00,2023-02-09
194,INV-000194,24,27,2023-03-01,2023-04-15,paid,USD,767.00,0.00,767.00,2023-03-01
195,INV-000195,24,27,2023-04-01,2023-05-01,paid,USD,885.00,0.00,885.00,2023-04-07
196,INV-000196,24,27,2023-05-01,2023-06-15,paid,USD,885.00,0.00,885.00,2023-05-19
197,INV-000197,24,27,2023-06-01,2023-07-01,paid,USD,1485.00,0.00,1485.00,2023-06-01
198,INV-000198,24,27,2023-07-01,2023-07-16,paid,USD,1614.00,0.00,1614.00,2023-07-03
199,INV-000199,24,27,2023-08-01,2023-09-15,paid,USD,1485.00,0.00,1485.00,2023-08-08
200,INV-000200,24,27,2023-09-01,2023-10-16,paid,USD,1485.00,0.00,1485.00,2023-09-03
201,INV-000201,24,27,2023-10-01,2023-10-31,paid,USD,1485.00,0.00,1485.00,2023-10-07
202,INV-000202,24,27,2023-11-01,2023-12-16,paid,USD,1485.00,0.00,1485.00,2023-11-05
203,INV-000203,24,27,2023-12-01,2024-01-15,paid,USD,1485.00,0.00,1485.00,2023-12-03
204,INV-000204,24,27,2024-01-01,2024-01-16,paid,USD,1485.00,0.00,1485.00,2024-02-07
205,INV-000205,24,27,2024-02-01,2024-03-02,paid,USD,1534.00,0.00,1534.00,2024-02-08
206,INV-000206,24,27,2024-03-01,2024-04-15,paid,USD,1485.00,0.00,1485.00,2024-03-02
207,INV-000207,24,27,2024-04-01,2024-05-01,paid,USD,1564.00,0.00,1564.00,2024-04-04
208,INV-000208,24,27,2024-05-01,2024-05-16,paid,USD,1614.00,0.00,1614.00,2024-05-10
209,INV-000209,24,27,2024-06-01,2024-07-01,paid,USD,1485.00,0.00,1485.00,2024-06-06
210,INV-000210,24,27,2024-07-01,2024-07-16,paid,USD,1485.00,0.00,1485.00,2024-07-11
211,INV-000211,24,27,2024-08-01,2024-09-15,paid,USD,1564.00,0.00,1564.00,2024-08-07
212,INV-000212,24,27,2024-09-01,2024-10-01,paid,USD,1782.00,0.00,1782.00,2024-09-05
213,INV-000213,24,27,2024-10-01,2024-11-15,paid,USD,1861.00,0.00,1861.00,2024-10-05
214,INV-000214,24,27,2024-11-01,2024-12-01,paid,USD,1782.00,0.00,1782.00,2024-11-03
215,INV-000215,24,27,2024-12-01,2024-12-31,paid,USD,1782.00,0.00,1782.00,2024-12-01
216,INV-000216,24,27,2025-01-01,2025-01-31,paid,USD,1782.00,0.00,1782.00,2025-01-02
217,INV-000217,24,27,2025-02-01,2025-03-18,paid,USD,1782.00,0.00,1782.00,2025-03-06
218,INV-000218,24,27,2025-03-01,2025-03-31,paid,USD,1782.00,0.00,1782.00,2025-04-03
219,INV-000219,25,28,2025-04-23,2025-05-23,paid,USD,295.00,0.00,295.00,2025-05-09
220,INV-000220,25,28,2025-05-23,2025-06-07,paid,USD,295.00,0.00,295.00,2025-05-31
221,INV-000221,25,28,2025-06-23,2025-08-07,paid,USD,295.00,0.00,295.00,2025-06-26
222,INV-000222,25,28,2025-07-23,2025-08-22,paid,USD,295.00,0.00,295.00,2025-08-16
223,INV-000223,25,28,2025-08-23,2025-09-07,paid,USD,354.00,0.00,354.00,2025-08-25
224,INV-000224,25,28,2025-09-23,2025-11-07,paid,USD,354.00,0.00,354.00,2025-09-26
225,INV-000225,25,28,2025-10-23,2025-11-22,paid,USD,354.00,0.00,354.00,2025-10-26
226,INV-000226,25,28,2025-11-23,2025-12-08,paid,USD,354.00,0.00,354.00,2025-11-24
227,INV-000227,25,28,2025-12-23,2026-01-22,paid,USD,354.00,0.00,354.00,2026-01-09
228,INV-000228,25,28,2026-01-23,2026-02-22,paid,USD,354.00,0.00,354.00,2026-02-19
229,INV-000229,25,28,2026-02-23,2026-04-09,paid,USD,354.00,0.00,354.00,2026-03-02
230,INV-000230,25,28,2026-03-23,2026-04-22,paid,USD,354.00,0.00,354.00,2026-04-10
231,INV-000231,25,28,2026-04-23,2026-05-23,paid,USD,594.00,0.00,594.00,2026-04-28
232,INV-000232,25,28,2026-05-23,2026-07-07,paid,USD,643.00,0.00,643.00,2026-06-06
233,INV-000233,25,28,2026-06-23,2026-08-07,paid,USD,594.00,0.00,594.00,2026-06-30
234,INV-000234,26,29,2025-11-25,2025-12-25,uncollectible,USD,1485.00,0.00,1485.00,
235,INV-000235,26,29,2025-12-25,2026-01-24,paid,USD,1485.00,0.00,1485.00,2026-01-01
236,INV-000236,26,29,2026-01-25,2026-02-09,paid,USD,1485.00,0.00,1485.00,2026-02-04
237,INV-000237,26,29,2026-02-25,2026-03-12,paid,USD,1485.00,0.00,1485.00,2026-03-05
238,INV-000238,26,29,2026-03-25,2026-05-09,paid,USD,1485.00,0.00,1485.00,2026-04-03
239,INV-000239,26,29,2026-04-25,2026-05-25,paid,USD,1485.00,0.00,1485.00,2026-05-02
240,INV-000240,26,29,2026-05-25,2026-07-09,paid,USD,1485.00,0.00,1485.00,2026-06-05
241,INV-000241,26,29,2026-06-25,2026-08-09,paid,USD,1485.00,0.00,1485.00,2026-07-01
242,INV-000242,26,29,2026-07-25,2026-08-09,void,USD,1614.00,0.00,1614.00,
243,INV-000243,26,29,2026-08-25,2026-09-24,open,USD,1485.00,0.00,1485.00,
244,INV-000244,27,30,2024-04-18,2024-06-02,paid,USD,290.00,0.00,290.00,2024-04-29
245,INV-000245,27,30,2024-05-18,2024-06-17,paid,USD,290.00,0.00,290.00,2024-06-10
246,INV-000246,27,30,2024-06-18,2024-07-03,paid,USD,290.00,0.00,290.00,2024-06-20
247,INV-000247,27,30,2024-07-18,2024-08-17,paid,USD,290.00,0.00,290.00,2024-08-04
248,INV-000248,27,30,2024-08-18,2024-09-17,paid,USD,290.00,0.00,290.00,2024-08-24
249,INV-000249,27,30,2024-09-18,2024-10-03,paid,USD,290.00,0.00,290.00,2024-09-22
250,INV-000250,27,30,2024-10-18,2024-11-17,paid,USD,290.00,0.00,290.00,2024-10-30
251,INV-000251,27,30,2024-11-18,2024-12-18,paid,USD,290.00,0.00,290.00,2024-12-09
252,INV-000252,27,30,2024-12-18,2025-01-17,paid,USD,290.00,0.00,290.00,2024-12-28
253,INV-000253,27,30,2025-01-18,2025-02-17,paid,USD,290.00,0.00,290.00,2025-01-18
254,INV-000254,27,30,2025-02-18,2025-03-05,paid,USD,290.00,0.00,290.00,2025-03-10
255,INV-000255,27,30,2025-03-18,2025-04-17,paid,USD,290.00,0.00,290.00,2025-03-26
256,INV-000256,27,30,2025-04-18,2025-06-02,paid,USD,290.00,0.00,290.00,2025-04-20
257,INV-000257,27,31,2026-01-27,2026-02-11,paid,USD,174.00,0.00,174.00,2026-01-27
258,INV-000258,27,31,2026-02-27,2026-03-14,paid,USD,174.00,0.00,174.00,2026-02-27
259,INV-000259,27,31,2026-03-27,2026-04-26,paid,USD,174.00,0.00,174.00,2026-03-29
260,INV-000260,27,31,2026-04-27,2026-05-27,paid,USD,174.00,0.00,174.00,2026-04-29
261,INV-000261,27,31,2026-05-27,2026-07-11,paid,USD,174.00,0.00,174.00,2026-06-01
262,INV-000262,27,31,2026-06-27,2026-08-11,paid,USD,174.00,0.00,174.00,2026-06-27
263,INV-000263,27,31,2026-07-27,2026-08-26,paid,USD,174.00,0.00,174.00,2026-07-27
264,INV-000264,27,31,2026-08-27,2026-09-11,paid,USD,174.00,0.00,174.00,2026-08-27
265,INV-000265,28,32,2025-09-03,2025-10-18,paid,USD,4719.96,0.00,4719.96,2025-09-14
266,INV-000266,29,33,2025-01-25,2025-02-24,paid,USD,290.00,0.00,290.00,2025-02-21
267,INV-000267,29,33,2025-02-25,2025-03-27,paid,USD,290.00,0.00,290.00,2025-03-29
268,INV-000268,29,33,2025-03-25,2025-04-24,paid,USD,290.00,0.00,290.00,2025-04-01
269,INV-000269,29,33,2025-04-25,2025-06-09,paid,USD,290.00,0.00,290.00,2025-05-06
270,INV-000270,29,33,2025-05-25,2025-06-24,paid,USD,290.00,0.00,290.00,2025-06-12
271,INV-000271,29,33,2025-06-25,2025-08-09,paid,USD,290.00,0.00,290.00,2025-07-07
272,INV-000272,29,33,2025-07-25,2025-09-08,paid,USD,290.00,0.00,290.00,2025-07-25
273,INV-000273,29,33,2025-08-25,2025-10-09,paid,USD,290.00,0.00,290.00,2025-09-03
274,INV-000274,29,33,2025-09-25,2025-10-10,paid,USD,290.00,0.00,290.00,2025-09-27
275,INV-000275,29,33,2025-10-25,2025-11-09,paid,USD,290.00,0.00,290.00,2025-10-25
276,INV-000276,30,34,2025-03-04,2025-04-03,paid,USD,58.00,0.00,58.00,2025-03-04
277,INV-000277,30,34,2025-04-04,2025-05-04,paid,USD,58.00,0.00,58.00,2025-04-07
278,INV-000278,30,34,2025-05-04,2025-05-19,paid,USD,58.00,0.00,58.00,2025-05-07
279,INV-000279,30,34,2025-06-04,2025-07-04,paid,USD,58.00,0.00,58.00,2025-06-18
280,INV-000280,30,34,2025-07-04,2025-08-03,paid,USD,58.00,0.00,58.00,2025-07-21
281,INV-000281,30,34,2025-08-04,2025-08-19,paid,USD,58.00,0.00,58.00,2025-08-06
282,INV-000282,30,34,2025-09-04,2025-10-04,paid,USD,87.00,0.00,87.00,2025-09-06
283,INV-000283,30,34,2025-10-04,2025-10-19,paid,USD,87.00,0.00,87.00,2025-10-09
284,INV-000284,30,34,2025-11-04,2025-12-04,paid,USD,87.00,0.00,87.00,2025-11-12
285,INV-000285,30,34,2025-12-04,2025-12-19,paid,USD,87.00,0.00,87.00,2025-12-23
286,INV-000286,30,34,2026-01-04,2026-02-03,paid,USD,87.00,0.00,87.00,2026-01-09
287,INV-000287,30,34,2026-02-04,2026-03-21,paid,USD,87.00,0.00,87.00,2026-02-10
288,INV-000288,30,34,2026-03-04,2026-04-03,paid,USD,87.00,0.00,87.00,2026-03-07
289,INV-000289,31,35,2023-07-31,2023-08-30,paid,USD,540.83,0.00,540.83,2023-08-02
290,INV-000290,31,35,2023-08-31,2023-09-30,paid,USD,540.83,0.00,540.83,2023-09-06
291,INV-000291,31,35,2023-09-30,2023-10-15,paid,USD,540.83,0.00,540.83,2023-09-30
292,INV-000292,31,35,2023-10-31,2023-11-15,paid,USD,540.83,0.00,540.83,2023-11-01
293,INV-000293,31,35,2023-11-30,2023-12-30,paid,USD,540.83,0.00,540.83,2023-12-01
294,INV-000294,31,35,2023-12-31,2024-02-14,paid,USD,540.83,0.00,540.83,2024-01-01
295,INV-000295,31,35,2024-01-31,2024-03-01,paid,USD,540.83,0.00,540.83,2024-02-05
296,INV-000296,31,35,2024-02-29,2024-03-30,paid,USD,540.83,0.00,540.83,2024-03-01
297,INV-000297,31,35,2024-03-31,2024-04-30,paid,USD,590.00,0.00,590.00,2024-03-31
298,INV-000298,31,35,2024-04-30,2024-05-30,paid,USD,590.00,0.00,590.00,2024-05-01
299,INV-000299,31,35,2024-05-31,2024-06-15,paid,USD,590.00,0.00,590.00,2024-06-10
300,INV-000300,31,35,2024-06-30,2024-07-30,paid,USD,590.00,0.00,590.00,2024-07-14
301,INV-000301,31,35,2024-07-31,2024-09-14,paid,USD,590.00,0.00,590.00,2024-08-10
302,INV-000302,31,35,2024-08-31,2024-09-30,paid,USD,590.00,0.00,590.00,2024-09-01
303,INV-000303,31,35,2024-09-30,2024-10-15,paid,USD,590.00,0.00,590.00,2024-10-01
304,INV-000304,31,35,2024-10-31,2024-11-30,paid,USD,590.00,0.00,590.00,2024-11-06
305,INV-000305,31,35,2024-11-30,2024-12-30,paid,USD,290.00,0.00,290.00,2024-12-02
306,INV-000306,31,35,2024-12-31,2025-02-14,void,USD,290.00,0.00,290.00,
307,INV-000307,31,35,2025-01-31,2025-02-15,paid,USD,290.00,0.00,290.00,2025-02-10
308,INV-000308,31,35,2025-02-28,2025-03-15,paid,USD,290.00,0.00,290.00,2025-03-26
309,INV-000309,31,35,2025-03-31,2025-04-30,paid,USD,290.00,0.00,290.00,2025-04-04
310,INV-000310,31,35,2025-04-30,2025-05-30,paid,USD,290.00,0.00,290.00,2025-05-13
311,INV-000311,31,35,2025-05-31,2025-07-15,paid,USD,290.00,0.00,290.00,2025-06-10
312,INV-000312,31,35,2025-06-30,2025-07-30,paid,USD,290.00,0.00,290.00,2025-07-16
313,INV-000313,31,35,2025-07-31,2025-08-30,paid,USD,290.00,0.00,290.00,2025-07-31
314,INV-000314,31,35,2025-08-31,2025-09-30,paid,USD,290.00,0.00,290.00,2025-09-11
315,INV-000315,31,35,2025-09-30,2025-10-30,paid,USD,290.00,0.00,290.00,2025-10-04
316,INV-000316,31,35,2025-10-31,2025-11-30,paid,USD,290.00,0.00,290.00,2025-11-24
317,INV-000317,31,35,2025-11-30,2025-12-15,paid,USD,290.00,0.00,290.00,2025-12-06
318,INV-000318,31,35,2025-12-31,2026-01-15,paid,USD,290.00,0.00,290.00,2026-01-02
319,INV-000319,31,35,2026-01-31,2026-02-15,paid,USD,290.00,0.00,290.00,2026-02-10
320,INV-000320,31,35,2026-02-28,2026-03-30,paid,USD,290.00,0.00,290.00,2026-03-02
321,INV-000321,31,35,2026-03-31,2026-05-15,void,USD,290.00,0.00,290.00,
322,INV-000322,31,35,2026-04-30,2026-06-14,paid,USD,290.00,0.00,290.00,2026-05-07
323,INV-000323,31,35,2026-05-31,2026-06-30,paid,USD,290.00,0.00,290.00,2026-06-11
324,INV-000324,31,35,2026-06-30,2026-07-30,paid,USD,290.00,0.00,290.00,2026-07-02
325,INV-000325,31,35,2026-07-31,2026-08-30,paid,USD,290.00,0.00,290.00,2026-08-01
326,INV-000326,31,35,2026-08-31,2026-10-15,paid,USD,290.00,0.00,290.00,2026-08-31
327,INV-000327,32,36,2024-05-09,2024-06-23,paid,USD,85650.00,0.00,85650.00,2024-05-09
328,INV-000328,32,36,2025-05-09,2025-05-24,paid,USD,132650.04,0.00,132650.04,2025-05-09
329,INV-000329,32,36,2026-05-09,2026-06-08,paid,USD,126650.04,0.00,126650.04,2026-05-24
330,INV-000330,33,37,2026-08-05,2026-08-20,paid,USD,174.00,0.00,174.00,2026-08-13
331,INV-000331,34,38,2025-03-24,2025-04-23,paid,USD,2183.00,0.00,2183.00,2025-03-24
332,INV-000332,34,38,2025-04-24,2025-05-24,paid,USD,2183.00,0.00,2183.00,2025-05-25
333,INV-000333,34,38,2025-05-24,2025-06-23,paid,USD,2183.00,0.00,2183.00,2025-06-09
334,INV-000334,34,38,2025-06-24,2025-07-09,paid,USD,2183.00,0.00,2183.00,2025-07-03
335,INV-000335,34,38,2025-07-24,2025-08-23,paid,USD,2183.00,0.00,2183.00,2025-07-24
336,INV-000336,34,38,2025-08-24,2025-09-23,paid,USD,3663.00,0.00,3663.00,2025-08-24
337,INV-000337,34,38,2025-09-24,2025-10-24,paid,USD,3663.00,0.00,3663.00,2025-09-29
338,INV-000338,34,38,2025-10-24,2025-12-08,paid,USD,3663.00,0.00,3663.00,2025-10-31
339,INV-000339,34,38,2025-11-24,2025-12-24,paid,USD,3663.00,0.00,3663.00,2025-11-24
340,INV-000340,34,38,2025-12-24,2026-01-23,paid,USD,3663.00,0.00,3663.00,2026-01-03
341,INV-000341,34,38,2026-01-24,2026-02-23,paid,USD,2970.00,0.00,2970.00,2026-02-03
342,INV-000342,34,38,2026-02-24,2026-03-26,paid,USD,2970.00,0.00,2970.00,2026-03-02
343,INV-000343,34,38,2026-03-24,2026-04-23,paid,USD,2970.00,0.00,2970.00,2026-04-02
344,INV-000344,34,38,2026-04-24,2026-06-08,paid,USD,3168.00,0.00,3168.00,2026-05-12
345,INV-000345,34,38,2026-05-24,2026-06-08,paid,USD,3168.00,0.00,3168.00,2026-05-25
346,INV-000346,34,38,2026-06-24,2026-07-09,paid,USD,3217.00,0.00,3217.00,2026-06-26
347,INV-000347,34,38,2026-07-24,2026-08-23,paid,USD,3217.00,0.00,3217.00,2026-07-27
348,INV-000348,34,38,2026-08-24,2026-10-08,paid,USD,3168.00,0.00,3168.00,2026-08-31
349,INV-000349,35,39,2025-08-06,2025-09-05,paid,USD,1121.00,0.00,1121.00,2025-08-08
350,INV-000350,35,39,2025-09-06,2025-10-06,paid,USD,1121.00,0.00,1121.00,2025-09-27
351,INV-000351,35,39,2025-10-06,2025-11-05,paid,USD,1121.00,0.00,1121.00,2025-10-23
352,INV-000352,35,39,2025-11-06,2025-12-06,paid,USD,1121.00,0.00,1121.00,2025-11-12
353,INV-000353,35,39,2025-12-06,2025-12-21,paid,USD,1121.00,0.00,1121.00,2025-12-26
354,INV-000354,35,39,2026-01-06,2026-01-21,paid,USD,1121.00,0.00,1121.00,2026-01-12
355,INV-000355,35,39,2026-02-06,2026-02-21,paid,USD,1881.00,0.00,1881.00,2026-02-11
356,INV-000356,35,39,2026-03-06,2026-03-21,paid,USD,1881.00,0.00,1881.00,2026-03-08
357,INV-000357,35,39,2026-04-06,2026-05-06,paid,USD,1881.00,0.00,1881.00,2026-04-10
358,INV-000358,35,39,2026-05-06,2026-06-20,paid,USD,1881.00,0.00,1881.00,2026-05-07
359,INV-000359,35,39,2026-06-06,2026-07-06,paid,USD,1881.00,0.00,1881.00,2026-06-17
360,INV-000360,36,40,2024-04-17,2024-05-17,paid,USD,7670.04,0.00,7670.04,2024-04-24
361,INV-000361,36,40,2025-04-17,2025-06-01,paid,USD,8259.96,0.00,8259.96,2025-05-14
362,INV-000362,36,40,2026-04-17,2026-05-17,paid,USD,8259.96,0.00,8259.96,2026-04-20
363,INV-000363,37,41,2025-08-27,2025-09-11,paid,USD,354940.00,0.00,354940.00,2025-08-28
364,INV-000364,37,41,2026-08-27,2026-09-26,paid,USD,612390.00,0.00,612390.00,2026-08-31
365,INV-000365,38,42,2023-02-07,2023-02-22,paid,USD,18810.00,0.00,18810.00,2023-02-09
366,INV-000366,38,42,2024-02-07,2024-03-08,paid,USD,20790.00,0.00,20790.00,2024-02-12
367,INV-000367,38,42,2025-02-07,2025-02-22,paid,USD,35760.00,0.00,35760.00,2025-02-14
368,INV-000368,38,42,2026-02-07,2026-02-22,paid,USD,30690.00,0.00,30690.00,2026-02-13
369,INV-000369,39,43,2024-01-06,2024-01-21,paid,USD,58.00,0.00,58.00,2024-01-16
370,INV-000370,39,43,2024-02-06,2024-02-21,paid,USD,58.00,0.00,58.00,2024-02-10
371,INV-000371,39,43,2024-03-06,2024-04-20,paid,USD,58.00,0.00,58.00,2024-03-06
372,INV-000372,39,43,2024-04-06,2024-05-06,paid,USD,58.00,0.00,58.00,2024-04-18
373,INV-000373,39,43,2024-05-06,2024-06-05,paid,USD,58.00,0.00,58.00,2024-05-09
374,INV-000374,39,43,2024-06-06,2024-07-21,paid,USD,58.00,0.00,58.00,2024-06-07
375,INV-000375,39,43,2024-07-06,2024-08-05,paid,USD,58.00,0.00,58.00,2024-07-06
376,INV-000376,39,43,2024-08-06,2024-09-20,paid,USD,58.00,0.00,58.00,2024-08-14
377,INV-000377,39,43,2024-09-06,2024-10-21,paid,USD,58.00,0.00,58.00,2024-09-25
378,INV-000378,39,43,2024-10-06,2024-11-05,paid,USD,58.00,0.00,58.00,2024-10-13
379,INV-000379,39,43,2024-11-06,2024-12-06,paid,USD,58.00,0.00,58.00,2024-11-15
380,INV-000380,39,43,2024-12-06,2024-12-21,paid,USD,58.00,0.00,58.00,2024-12-11
381,INV-000381,39,43,2025-01-06,2025-02-20,paid,USD,58.00,0.00,58.00,2025-01-08
382,INV-000382,39,43,2025-02-06,2025-03-23,paid,USD,58.00,0.00,58.00,2025-02-09
383,INV-000383,39,43,2025-03-06,2025-04-05,paid,USD,58.00,0.00,58.00,2025-04-15
384,INV-000384,39,43,2025-04-06,2025-05-06,paid,USD,58.00,0.00,58.00,2025-05-08
385,INV-000385,39,43,2025-05-06,2025-06-05,paid,USD,58.00,0.00,58.00,2025-05-10
386,INV-000386,39,43,2025-06-06,2025-07-06,paid,USD,58.00,0.00,58.00,2025-06-11
387,INV-000387,39,43,2025-07-06,2025-08-05,paid,USD,58.00,0.00,58.00,2025-07-06
388,INV-000388,39,43,2025-08-06,2025-09-05,paid,USD,87.00,0.00,87.00,2025-08-12
389,INV-000389,39,43,2025-09-06,2025-10-21,paid,USD,87.00,0.00,87.00,2025-09-07
390,INV-000390,39,43,2025-10-06,2025-11-20,paid,USD,87.00,0.00,87.00,2025-10-09
391,INV-000391,39,43,2025-11-06,2025-12-06,paid,USD,87.00,0.00,87.00,2025-11-11
392,INV-000392,39,43,2025-12-06,2026-01-20,paid,USD,87.00,0.00,87.00,2025-12-09
393,INV-000393,39,43,2026-01-06,2026-01-21,paid,USD,87.00,0.00,87.00,2026-01-10
394,INV-000394,39,43,2026-02-06,2026-03-08,paid,USD,87.00,0.00,87.00,2026-02-25
395,INV-000395,39,43,2026-03-06,2026-04-05,paid,USD,87.00,0.00,87.00,2026-03-18
396,INV-000396,39,43,2026-04-06,2026-05-06,paid,USD,87.00,0.00,87.00,2026-04-08
397,INV-000397,39,43,2026-05-06,2026-06-20,paid,USD,87.00,0.00,87.00,2026-05-08
398,INV-000398,39,43,2026-06-06,2026-07-06,paid,USD,87.00,0.00,87.00,2026-06-09
399,INV-000399,39,43,2026-07-06,2026-08-05,paid,USD,87.00,0.00,87.00,2026-07-22
400,INV-000400,39,43,2026-08-06,2026-09-05,paid,USD,87.00,0.00,87.00,2026-08-08
401,INV-000401,40,44,2025-06-05,2025-07-20,paid,USD,792.00,0.00,792.00,2025-06-19
402,INV-000402,40,44,2025-07-05,2025-08-04,paid,USD,792.00,0.00,792.00,2025-07-26
403,INV-000403,40,44,2025-08-05,2025-08-20,paid,USD,792.00,0.00,792.00,2025-08-12
404,INV-000404,40,44,2025-09-05,2025-10-05,paid,USD,792.00,0.00,792.00,2025-09-06
405,INV-000405,40,44,2025-10-05,2025-11-19,paid,USD,792.00,0.00,792.00,2025-11-09
406,INV-000406,40,44,2025-11-05,2025-12-20,paid,USD,792.00,0.00,792.00,2025-11-10
407,INV-000407,40,44,2025-12-05,2026-01-19,paid,USD,871.00,0.00,871.00,2025-12-15
408,INV-000408,40,44,2026-01-05,2026-01-20,paid,USD,792.00,0.00,792.00,2026-01-14
409,INV-000409,40,44,2026-02-05,2026-03-07,paid,USD,871.00,0.00,871.00,2026-02-11
410,INV-000410,40,44,2026-03-05,2026-03-20,paid,USD,792.00,0.00,792.00,2026-03-05
411,INV-000411,40,44,2026-04-05,2026-05-05,paid,USD,990.00,0.00,990.00,2026-04-14
412,INV-000412,40,44,2026-05-05,2026-05-20,paid,USD,990.00,0.00,990.00,2026-05-10
413,INV-000413,40,44,2026-06-05,2026-07-20,paid,USD,990.00,0.00,990.00,2026-06-06
414,INV-000414,40,44,2026-07-05,2026-07-20,paid,USD,990.00,0.00,990.00,2026-07-15
415,INV-000415,40,44,2026-08-05,2026-09-19,paid,USD,1119.00,0.00,1119.00,2026-08-09
416,INV-000416,41,45,2023-02-05,2023-02-20,paid,USD,290.00,0.00,290.00,2023-02-08
417,INV-000417,41,45,2023-03-05,2023-04-19,paid,USD,290.00,0.00,290.00,2023-03-06
418,INV-000418,41,45,2023-04-05,2023-05-05,paid,USD,290.00,0.00,290.00,2023-04-18
419,INV-000419,41,45,2023-05-05,2023-06-04,void,USD,290.00,0.00,290.00,
420,INV-000420,41,45,2023-06-05,2023-07-20,paid,USD,290.00,0.00,290.00,2023-06-16
421,INV-000421,41,45,2023-07-05,2023-08-04,paid,USD,290.00,0.00,290.00,2023-07-20
422,INV-000422,41,45,2023-08-05,2023-08-20,paid,USD,290.00,0.00,290.00,2023-08-08
423,INV-000423,41,45,2023-09-05,2023-09-20,paid,USD,290.00,0.00,290.00,2023-09-11
424,INV-000424,41,45,2023-10-05,2023-11-19,paid,USD,290.00,0.00,290.00,2023-10-11
425,INV-000425,42,46,2022-07-02,2022-08-16,paid,USD,13860.00,0.00,13860.00,2022-07-12
426,INV-000426,42,46,2023-07-02,2023-08-01,paid,USD,15840.00,0.00,15840.00,2023-07-09
427,INV-000427,42,46,2024-07-02,2024-08-01,paid,USD,18810.00,0.00,18810.00,2024-07-07
428,INV-000428,42,46,2025-07-02,2025-08-16,paid,USD,18810.00,0.00,18810.00,2025-07-05
429,INV-000429,42,46,2026-07-02,2026-08-01,paid,USD,30710.04,0.00,30710.04,2026-07-26
430,INV-000430,43,47,2022-10-18,2022-11-02,paid,USD,290.00,0.00,290.00,2022-10-18
431,INV-000431,43,47,2022-11-18,2022-12-18,paid,USD,290.00,0.00,290.00,2022-11-18
432,INV-000432,43,47,2022-12-18,2023-01-02,paid,USD,290.00,0.00,290.00,2023-01-20
433,INV-000433,43,47,2023-01-18,2023-03-04,paid,USD,290.00,0.00,290.00,2023-01-19
434,INV-000434,43,47,2023-02-18,2023-03-05,paid,USD,290.00,0.00,290.00,2023-02-22
435,INV-000435,43,47,2023-03-18,2023-04-02,paid,USD,290.00,0.00,290.00,2023-03-19
436,INV-000436,43,47,2023-04-18,2023-05-18,paid,USD,290.00,0.00,290.00,2023-05-06
437,INV-000437,43,47,2023-05-18,2023-07-02,paid,USD,290.00,0.00,290.00,2023-05-22
438,INV-000438,43,47,2023-06-18,2023-07-03,paid,USD,290.00,0.00,290.00,2023-06-23
439,INV-000439,43,47,2023-07-18,2023-09-01,paid,USD,590.00,0.00,590.00,2023-07-22
440,INV-000440,43,47,2023-08-18,2023-10-02,paid,USD,590.00,0.00,590.00,2023-08-31
441,INV-000441,43,47,2023-09-18,2023-10-18,paid,USD,590.00,0.00,590.00,2023-09-19
442,INV-000442,43,47,2023-10-18,2023-11-17,paid,USD,590.00,0.00,590.00,2023-10-18
443,INV-000443,43,47,2023-11-18,2024-01-02,paid,USD,590.00,0.00,590.00,2023-12-05
444,INV-000444,43,47,2023-12-18,2024-01-17,paid,USD,590.00,0.00,590.00,2023-12-24
445,INV-000445,43,47,2024-01-18,2024-02-17,paid,USD,590.00,0.00,590.00,2024-01-19
446,INV-000446,43,47,2024-02-18,2024-03-19,paid,USD,590.00,0.00,590.00,2024-03-13
447,INV-000447,43,47,2024-03-18,2024-05-02,paid,USD,590.00,0.00,590.00,2024-03-18
448,INV-000448,43,47,2024-04-18,2024-06-02,paid,USD,590.00,0.00,590.00,2024-04-19
449,INV-000449,44,48,2023-12-15,2024-01-29,paid,USD,455400.00,0.00,455400.00,2023-12-24
450,INV-000450,44,48,2024-12-15,2025-01-29,paid,USD,29499.96,0.00,29499.96,2024-12-19
451,INV-000451,44,48,2025-12-15,2026-01-29,paid,USD,29499.96,0.00,29499.96,2025-12-15
452,INV-000452,45,49,2025-12-22,2026-02-05,paid,USD,3540.00,0.00,3540.00,2025-12-26
453,INV-000453,46,50,2024-11-19,2024-12-04,paid,USD,44080.00,0.00,44080.00,2024-11-19
454,INV-000454,46,50,2025-11-19,2026-01-03,paid,USD,40590.00,0.00,40590.00,2025-11-24
455,INV-000455,47,51,2026-01-10,2026-02-09,void,USD,529869.96,0.00,529869.96,
456,INV-000456,48,52,2025-03-31,2025-04-30,paid,USD,396.00,0.00,396.00,2025-04-05
457,INV-000457,48,52,2025-04-30,2025-05-30,paid,USD,475.00,0.00,475.00,2025-04-30
458,INV-000458,48,52,2025-05-31,2025-07-15,paid,USD,396.00,0.00,396.00,2025-06-01
459,INV-000459,48,52,2025-06-30,2025-07-15,paid,USD,396.00,0.00,396.00,2025-07-01
460,INV-000460,48,52,2025-07-31,2025-08-30,paid,USD,396.00,0.00,396.00,2025-07-31
461,INV-000461,48,52,2025-08-31,2025-09-30,paid,USD,396.00,0.00,396.00,2025-09-03
462,INV-000462,48,52,2025-09-30,2025-11-14,paid,USD,396.00,0.00,396.00,2025-10-03
463,INV-000463,48,52,2025-10-31,2025-11-30,paid,USD,396.00,0.00,396.00,2025-10-31
464,INV-000464,48,52,2025-11-30,2026-01-14,paid,USD,396.00,0.00,396.00,2025-12-03
465,INV-000465,48,52,2025-12-31,2026-01-30,paid,USD,396.00,0.00,396.00,2026-01-09
466,INV-000466,48,52,2026-01-31,2026-02-15,uncollectible,USD,525.00,0.00,525.00,
467,INV-000467,49,53,2026-06-22,2026-07-22,paid,USD,291580.00,0.00,291580.00,2026-06-26
468,INV-000468,50,54,2023-11-02,2023-11-17,paid,USD,236.00,0.00,236.00,2023-11-06
469,INV-000469,50,54,2023-12-02,2023-12-17,paid,USD,236.00,0.00,236.00,2023-12-08
470,INV-000470,50,54,2024-01-02,2024-02-16,paid,USD,236.00,0.00,236.00,2024-01-02
471,INV-000471,50,54,2024-02-02,2024-03-18,paid,USD,236.00,0.00,236.00,2024-02-02
472,INV-000472,50,54,2024-03-02,2024-04-01,paid,USD,236.00,0.00,236.00,2024-03-06
473,INV-000473,50,54,2024-04-02,2024-05-17,paid,USD,236.00,0.00,236.00,2024-04-11
474,INV-000474,50,54,2024-05-02,2024-06-01,paid,USD,236.00,0.00,236.00,2024-05-08
475,INV-000475,50,54,2024-06-02,2024-07-02,paid,USD,236.00,0.00,236.00,2024-06-10
476,INV-000476,50,54,2024-07-02,2024-07-17,paid,USD,236.00,0.00,236.00,2024-07-05
477,INV-000477,50,54,2024-08-02,2024-09-16,paid,USD,236.00,0.00,236.00,2024-08-05
478,INV-000478,50,54,2024-09-02,2024-10-02,paid,USD,236.00,0.00,236.00,2024-09-03
479,INV-000479,50,54,2024-10-02,2024-11-16,paid,USD,236.00,0.00,236.00,2024-10-10
480,INV-000480,50,54,2024-11-02,2024-12-17,paid,USD,236.00,0.00,236.00,2024-11-12
481,INV-000481,50,54,2024-12-02,2024-12-17,paid,USD,236.00,0.00,236.00,2024-12-18
482,INV-000482,50,54,2025-01-02,2025-02-01,paid,USD,236.00,0.00,236.00,2025-01-03
483,INV-000483,50,54,2025-02-02,2025-03-19,paid,USD,236.00,0.00,236.00,2025-02-12
484,INV-000484,50,54,2025-03-02,2025-04-01,paid,USD,236.00,0.00,236.00,2025-03-10
485,INV-000485,50,54,2025-04-02,2025-05-02,uncollectible,USD,295.00,0.00,295.00,
486,INV-000486,50,54,2025-05-02,2025-06-01,paid,USD,295.00,0.00,295.00,2025-05-23
487,INV-000487,50,54,2025-06-02,2025-07-17,paid,USD,295.00,0.00,295.00,2025-06-05
488,INV-000488,50,54,2025-07-02,2025-08-01,paid,USD,295.00,0.00,295.00,2025-07-24
489,INV-000489,50,54,2025-08-02,2025-08-17,paid,USD,295.00,0.00,295.00,2025-08-09
490,INV-000490,50,54,2025-09-02,2025-09-17,paid,USD,295.00,0.00,295.00,2025-09-02
491,INV-000491,50,54,2025-10-02,2025-11-16,paid,USD,295.00,0.00,295.00,2025-10-07
492,INV-000492,50,54,2025-11-02,2025-12-02,paid,USD,295.00,0.00,295.00,2025-11-11
493,INV-000493,50,54,2025-12-02,2025-12-17,paid,USD,295.00,0.00,295.00,2025-12-05
494,INV-000494,50,54,2026-01-02,2026-02-01,paid,USD,295.00,0.00,295.00,2026-01-17
495,INV-000495,50,54,2026-02-02,2026-02-17,paid,USD,295.00,0.00,295.00,2026-02-12
496,INV-000496,50,54,2026-03-02,2026-04-01,paid,USD,295.00,0.00,295.00,2026-04-02
497,INV-000497,50,54,2026-04-02,2026-04-17,paid,USD,295.00,0.00,295.00,2026-04-06
498,INV-000498,51,55,2024-02-03,2024-03-04,paid,USD,290.00,0.00,290.00,2024-02-12
499,INV-000499,51,55,2024-03-03,2024-04-17,paid,USD,290.00,0.00,290.00,2024-03-08
500,INV-000500,51,55,2024-04-03,2024-05-03,paid,USD,290.00,0.00,290.00,2024-04-08
501,INV-000501,51,55,2024-05-03,2024-06-17,paid,USD,290.00,0.00,290.00,2024-05-16
502,INV-000502,51,55,2024-06-03,2024-07-03,paid,USD,290.00,0.00,290.00,2024-06-06
503,INV-000503,51,55,2024-07-03,2024-07-18,uncollectible,USD,290.00,0.00,290.00,
504,INV-000504,51,55,2024-08-03,2024-08-18,paid,USD,290.00,0.00,290.00,2024-08-22
505,INV-000505,51,55,2024-09-03,2024-10-03,paid,USD,290.00,0.00,290.00,2024-09-04
506,INV-000506,51,55,2024-10-03,2024-11-02,paid,USD,290.00,0.00,290.00,2024-10-04
507,INV-000507,51,55,2024-11-03,2024-12-18,paid,USD,290.00,0.00,290.00,2024-11-03
508,INV-000508,51,55,2024-12-03,2024-12-18,paid,USD,290.00,0.00,290.00,2024-12-04
509,INV-000509,51,55,2025-01-03,2025-01-18,paid,USD,290.00,0.00,290.00,2025-01-08
510,INV-000510,51,55,2025-02-03,2025-03-20,paid,USD,290.00,0.00,290.00,2025-02-04
511,INV-000511,51,55,2025-03-03,2025-04-02,paid,USD,290.00,0.00,290.00,2025-03-04
512,INV-000512,51,55,2025-04-03,2025-05-18,paid,USD,290.00,0.00,290.00,2025-04-11
513,INV-000513,51,55,2025-05-03,2025-06-02,paid,USD,290.00,0.00,290.00,2025-05-06
514,INV-000514,51,55,2025-06-03,2025-07-03,paid,USD,290.00,0.00,290.00,2025-06-04
515,INV-000515,51,55,2025-07-03,2025-08-02,paid,USD,290.00,0.00,290.00,2025-07-08
516,INV-000516,51,55,2025-08-03,2025-09-02,paid,USD,290.00,0.00,290.00,2025-08-09
517,INV-000517,51,55,2025-09-03,2025-10-03,paid,USD,290.00,0.00,290.00,2025-09-13
518,INV-000518,51,55,2025-10-03,2025-11-02,paid,USD,290.00,0.00,290.00,2025-10-09
519,INV-000519,51,55,2025-11-03,2025-12-18,paid,USD,290.00,0.00,290.00,2025-11-10
520,INV-000520,51,55,2025-12-03,2026-01-02,paid,USD,290.00,0.00,290.00,2025-12-20
521,INV-000521,51,55,2026-01-03,2026-02-02,paid,USD,290.00,0.00,290.00,2026-01-04
522,INV-000522,51,55,2026-02-03,2026-03-20,paid,USD,290.00,0.00,290.00,2026-02-16
523,INV-000523,51,55,2026-03-03,2026-04-02,paid,USD,290.00,0.00,290.00,2026-03-10
524,INV-000524,51,55,2026-04-03,2026-04-18,paid,USD,290.00,0.00,290.00,2026-04-03
525,INV-000525,51,55,2026-05-03,2026-06-02,paid,USD,290.00,0.00,290.00,2026-05-10
526,INV-000526,51,55,2026-06-03,2026-06-18,paid,USD,290.00,0.00,290.00,2026-06-05
527,INV-000527,51,55,2026-07-03,2026-08-02,paid,USD,290.00,0.00,290.00,2026-07-10
528,INV-000528,51,55,2026-08-03,2026-09-02,paid,USD,290.00,0.00,290.00,2026-08-12
529,INV-000529,52,56,2023-11-11,2023-12-11,paid,USD,406339.96,0.00,406339.96,2023-11-18
530,INV-000530,52,56,2024-11-11,2024-11-26,paid,USD,291060.00,0.00,291060.00,2024-11-14
531,INV-000531,52,56,2025-11-11,2025-12-26,paid,USD,291060.00,0.00,291060.00,2025-11-16
532,INV-000532,53,57,2022-08-22,2022-09-21,paid,USD,290.00,0.00,290.00,2022-08-29
533,INV-000533,53,57,2022-09-22,2022-10-22,paid,USD,290.00,0.00,290.00,2022-10-03
534,INV-000534,53,57,2022-10-22,2022-11-21,paid,USD,290.00,0.00,290.00,2022-11-03
535,INV-000535,53,57,2022-11-22,2022-12-22,paid,USD,290.00,0.00,290.00,2022-11-29
536,INV-000536,53,57,2022-12-22,2023-01-21,paid,USD,290.00,0.00,290.00,2022-12-22
537,INV-000537,53,57,2023-01-22,2023-02-06,paid,USD,290.00,0.00,290.00,2023-01-23
538,INV-000538,53,57,2023-02-22,2023-04-08,void,USD,290.00,0.00,290.00,
539,INV-000539,53,57,2023-03-22,2023-04-06,paid,USD,290.00,0.00,290.00,2023-03-25
540,INV-000540,53,57,2023-04-22,2023-05-22,paid,USD,290.00,0.00,290.00,2023-04-23
541,INV-000541,53,57,2023-05-22,2023-07-06,paid,USD,290.00,0.00,290.00,2023-05-26
542,INV-000542,53,57,2023-06-22,2023-07-22,paid,USD,290.00,0.00,290.00,2023-06-25
543,INV-000543,53,57,2023-07-22,2023-08-21,paid,USD,290.00,0.00,290.00,2023-08-13
544,INV-000544,53,57,2023-08-22,2023-09-06,paid,USD,290.00,0.00,290.00,2023-09-03
545,INV-000545,53,57,2023-09-22,2023-10-22,paid,USD,290.00,0.00,290.00,2023-09-23
546,INV-000546,53,57,2023-10-22,2023-11-21,paid,USD,290.00,0.00,290.00,2023-11-02
547,INV-000547,53,57,2023-11-22,2023-12-22,paid,USD,261.00,0.00,261.00,2023-12-03
548,INV-000548,53,57,2023-12-22,2024-01-21,paid,USD,261.00,0.00,261.00,2023-12-23
549,INV-000549,53,57,2024-01-22,2024-02-06,paid,USD,261.00,0.00,261.00,2024-02-01
550,INV-000550,53,57,2024-02-22,2024-03-23,paid,USD,261.00,0.00,261.00,2024-03-01
551,INV-000551,53,57,2024-03-22,2024-04-21,paid,USD,290.00,0.00,290.00,2024-03-22
552,INV-000552,53,57,2024-04-22,2024-05-07,paid,USD,290.00,0.00,290.00,2024-04-22
553,INV-000553,53,57,2024-05-22,2024-06-06,paid,USD,290.00,0.00,290.00,2024-06-07
554,INV-000554,53,57,2024-06-22,2024-08-06,paid,USD,290.00,0.00,290.00,2024-06-27
555,INV-000555,53,57,2024-07-22,2024-08-21,paid,USD,290.00,0.00,290.00,2024-07-22
556,INV-000556,54,58,2023-04-28,2023-05-13,paid,USD,708.00,0.00,708.00,2023-05-07
557,INV-000557,54,58,2023-05-28,2023-06-12,paid,USD,708.00,0.00,708.00,2023-06-01
558,INV-000558,54,58,2023-06-28,2023-07-28,paid,USD,708.00,0.00,708.00,2023-06-28
559,INV-000559,54,58,2023-07-28,2023-08-27,paid,USD,708.00,0.00,708.00,2023-07-28
560,INV-000560,54,58,2023-08-28,2023-09-27,paid,USD,708.00,0.00,708.00,2023-08-28
561,INV-000561,54,58,2023-09-28,2023-10-28,paid,USD,708.00,0.00,708.00,2023-10-16
562,INV-000562,55,59,2025-04-14,2025-05-14,paid,USD,396.00,0.00,396.00,2025-04-17
563,INV-000563,55,59,2025-05-14,2025-05-29,paid,USD,445.00,0.00,445.00,2025-06-02
564,INV-000564,55,59,2025-06-14,2025-07-29,paid,USD,396.00,0.00,396.00,2025-06-18
565,INV-000565,55,59,2025-07-14,2025-08-13,paid,USD,396.00,0.00,396.00,2025-07-17
566,INV-000566,55,59,2025-08-14,2025-09-13,paid,USD,396.00,0.00,396.00,2025-08-19
567,INV-000567,55,59,2025-09-14,2025-09-29,paid,USD,525.00,0.00,525.00,2025-09-23
568,INV-000568,55,59,2025-10-14,2025-11-13,paid,USD,396.00,0.00,396.00,2025-10-17
569,INV-000569,55,59,2025-11-14,2025-12-14,paid,USD,396.00,0.00,396.00,2025-11-19
570,INV-000570,55,59,2025-12-14,2026-01-28,paid,USD,396.00,0.00,396.00,2025-12-18
571,INV-000571,55,59,2026-01-14,2026-02-28,paid,USD,396.00,0.00,396.00,2026-01-16
572,INV-000572,55,59,2026-02-14,2026-03-16,paid,USD,396.00,0.00,396.00,2026-02-16
573,INV-000573,55,59,2026-03-14,2026-04-28,paid,USD,396.00,0.00,396.00,2026-03-29
574,INV-000574,55,59,2026-04-14,2026-05-29,paid,USD,396.00,0.00,396.00,2026-04-15
575,INV-000575,55,59,2026-05-14,2026-06-13,paid,USD,475.00,0.00,475.00,2026-05-21
576,INV-000576,55,59,2026-06-14,2026-06-29,paid,USD,396.00,0.00,396.00,2026-07-04
577,INV-000577,56,60,2025-07-01,2025-07-31,paid,USD,116.00,0.00,116.00,2025-07-05
578,INV-000578,56,60,2025-08-01,2025-08-31,paid,USD,236.00,0.00,236.00,2025-08-20
579,INV-000579,56,60,2025-09-01,2025-10-01,paid,USD,236.00,0.00,236.00,2025-09-11
580,INV-000580,56,60,2025-10-01,2025-10-31,paid,USD,236.00,0.00,236.00,2025-10-04
581,INV-000581,56,60,2025-11-01,2025-11-16,paid,USD,236.00,0.00,236.00,2025-11-02
582,INV-000582,56,60,2025-12-01,2025-12-16,paid,USD,236.00,0.00,236.00,2025-12-02
583,INV-000583,56,60,2026-01-01,2026-01-31,paid,USD,236.00,0.00,236.00,2026-01-04
584,INV-000584,56,60,2026-02-01,2026-03-18,paid,USD,236.00,0.00,236.00,2026-02-03
585,INV-000585,56,60,2026-03-01,2026-03-31,paid,USD,236.00,0.00,236.00,2026-03-01
586,INV-000586,56,60,2026-04-01,2026-05-01,paid,USD,236.00,0.00,236.00,2026-04-10
587,INV-000587,57,61,2024-09-07,2024-10-22,paid,USD,54600.00,0.00,54600.00,2024-09-09
588,INV-000588,57,61,2025-09-07,2025-10-22,paid,USD,55170.00,0.00,55170.00,2025-09-25
589,INV-000589,58,62,2026-02-20,2026-03-07,paid,USD,203.00,0.00,203.00,2026-03-18
590,INV-000590,58,62,2026-03-20,2026-04-04,paid,USD,203.00,0.00,203.00,2026-04-03
591,INV-000591,58,62,2026-04-20,2026-05-20,paid,USD,203.00,0.00,203.00,2026-04-24
592,INV-000592,58,62,2026-05-20,2026-06-19,paid,USD,232.00,0.00,232.00,2026-05-25
593,INV-000593,58,62,2026-06-20,2026-07-20,paid,USD,232.00,0.00,232.00,2026-06-22
594,INV-000594,58,62,2026-07-20,2026-08-19,paid,USD,232.00,0.00,232.00,2026-07-25
595,INV-000595,58,62,2026-08-20,2026-10-04,paid,USD,232.00,0.00,232.00,2026-08-28
596,INV-000596,59,63,2025-06-28,2025-07-28,paid,USD,16830.00,0.00,16830.00,2025-07-02
597,INV-000597,59,63,2026-06-28,2026-08-12,paid,USD,36380.04,0.00,36380.04,2026-07-02
598,INV-000598,60,64,2025-09-03,2025-09-18,paid,USD,145.00,0.00,145.00,2025-09-09
599,INV-000599,60,64,2025-10-03,2025-10-18,paid,USD,145.00,0.00,145.00,2025-10-04
600,INV-000600,60,64,2025-11-03,2025-11-18,paid,USD,145.00,0.00,145.00,2025-11-13
601,INV-000601,60,64,2025-12-03,2026-01-17,paid,USD,145.00,0.00,145.00,2025-12-08
602,INV-000602,60,64,2026-01-03,2026-02-17,paid,USD,145.00,0.00,145.00,2026-01-08
603,INV-000603,60,64,2026-02-03,2026-03-20,paid,USD,145.00,0.00,145.00,2026-02-18
604,INV-000604,60,64,2026-03-03,2026-04-17,paid,USD,145.00,0.00,145.00,2026-03-06
605,INV-000605,60,64,2026-04-03,2026-05-18,paid,USD,145.00,0.00,145.00,2026-04-20
606,INV-000606,60,64,2026-05-03,2026-06-02,paid,USD,145.00,0.00,145.00,2026-05-05
607,INV-000607,60,64,2026-06-03,2026-06-18,paid,USD,116.00,0.00,116.00,2026-06-13
608,INV-000608,60,64,2026-07-03,2026-08-02,paid,USD,116.00,0.00,116.00,2026-07-07
609,INV-000609,60,64,2026-08-03,2026-09-17,paid,USD,116.00,0.00,116.00,2026-08-31
610,INV-000610,61,65,2024-11-28,2025-01-12,paid,USD,217539.96,0.00,217539.96,2024-11-29
611,INV-000611,61,65,2025-11-28,2025-12-13,paid,USD,217539.96,0.00,217539.96,2025-11-29
612,INV-000612,62,66,2026-03-04,2026-04-18,paid,USD,12980.04,0.00,12980.04,2026-03-13
613,INV-000613,63,67,2025-11-19,2025-12-19,paid,USD,58.00,0.00,58.00,2025-11-22
614,INV-000614,63,67,2025-12-19,2026-01-03,paid,USD,58.00,0.00,58.00,2025-12-21
615,INV-000615,63,67,2026-01-19,2026-03-05,paid,USD,87.00,0.00,87.00,2026-01-20
616,INV-000616,63,67,2026-02-19,2026-03-21,paid,USD,87.00,0.00,87.00,2026-02-20
617,INV-000617,63,67,2026-03-19,2026-04-03,paid,USD,87.00,0.00,87.00,2026-03-19
618,INV-000618,63,67,2026-04-19,2026-05-04,paid,USD,87.00,0.00,87.00,2026-04-29
619,INV-000619,63,67,2026-05-19,2026-06-03,paid,USD,87.00,0.00,87.00,2026-05-22
620,INV-000620,63,67,2026-06-19,2026-07-19,paid,USD,87.00,0.00,87.00,2026-06-27
621,INV-000621,63,67,2026-07-19,2026-08-03,paid,USD,87.00,0.00,87.00,2026-07-22
622,INV-000622,63,67,2026-08-19,2026-09-18,paid,USD,87.00,0.00,87.00,2026-08-31
623,INV-000623,64,68,2026-07-31,2026-09-14,paid,USD,708.00,0.00,708.00,2026-08-06
624,INV-000624,64,68,2026-08-31,2026-09-30,paid,USD,708.00,0.00,708.00,2026-08-31
625,INV-000625,65,69,2026-05-31,2026-06-30,paid,USD,261.00,0.00,261.00,2026-06-05
626,INV-000626,65,69,2026-06-30,2026-08-14,paid,USD,261.00,0.00,261.00,2026-07-19
627,INV-000627,65,69,2026-07-31,2026-08-15,paid,USD,203.00,0.00,203.00,2026-08-14
628,INV-000628,65,69,2026-08-31,2026-09-30,paid,USD,203.00,0.00,203.00,2026-08-31
629,INV-000629,66,70,2025-10-08,2025-11-07,paid,USD,145.00,0.00,145.00,2025-11-04
630,INV-000630,66,70,2025-11-08,2025-11-23,paid,USD,145.00,0.00,145.00,2025-11-11
631,INV-000631,66,70,2025-12-08,2026-01-22,paid,USD,145.00,0.00,145.00,2025-12-11
632,INV-000632,66,70,2026-01-08,2026-02-07,paid,USD,145.00,0.00,145.00,2026-01-15
633,INV-000633,66,70,2026-02-08,2026-03-10,paid,USD,145.00,0.00,145.00,2026-02-08
634,INV-000634,66,70,2026-03-08,2026-04-22,paid,USD,145.00,0.00,145.00,2026-03-14
635,INV-000635,66,70,2026-04-08,2026-05-23,paid,USD,145.00,0.00,145.00,2026-04-12
636,INV-000636,67,71,2026-02-24,2026-03-11,paid,USD,265839.96,0.00,265839.96,2026-03-13
637,INV-000637,68,72,2025-08-01,2025-09-15,paid,USD,28320.00,0.00,28320.00,2025-08-03
638,INV-000638,68,72,2026-08-01,2026-09-15,paid,USD,29499.96,0.00,29499.96,2026-08-16
639,INV-000639,69,73,2023-06-29,2023-07-14,paid,USD,649.00,0.00,649.00,2023-07-04
640,INV-000640,69,73,2023-07-29,2023-09-12,paid,USD,649.00,0.00,649.00,2023-08-13
641,INV-000641,69,73,2023-08-29,2023-10-13,paid,USD,649.00,0.00,649.00,2023-08-31
642,INV-000642,69,73,2023-09-29,2023-10-14,paid,USD,649.00,0.00,649.00,2023-09-30
643,INV-000643,69,73,2023-10-29,2023-11-28,paid,USD,649.00,0.00,649.00,2023-11-21
644,INV-000644,69,73,2023-11-29,2023-12-14,paid,USD,649.00,0.00,649.00,2023-12-12
645,INV-000645,69,73,2023-12-29,2024-01-28,paid,USD,649.00,0.00,649.00,2024-01-02
646,INV-000646,69,73,2024-01-29,2024-02-28,paid,USD,649.00,0.00,649.00,2024-01-29
647,INV-000647,69,73,2024-02-29,2024-04-14,paid,USD,649.00,0.00,649.00,2024-03-03
648,INV-000648,69,73,2024-03-29,2024-04-28,paid,USD,649.00,0.00,649.00,2024-03-30
649,INV-000649,69,73,2024-04-29,2024-05-29,paid,USD,649.00,0.00,649.00,2024-05-13
650,INV-000650,69,73,2024-05-29,2024-07-13,paid,USD,649.00,0.00,649.00,2024-06-15
651,INV-000651,69,73,2024-06-29,2024-07-29,paid,USD,649.00,0.00,649.00,2024-07-04
652,INV-000652,70,74,2023-08-13,2023-09-27,paid,USD,290.00,0.00,290.00,2023-08-14
653,INV-000653,70,74,2023-09-13,2023-10-28,paid,USD,290.00,0.00,290.00,2023-09-23
654,INV-000654,70,74,2023-10-13,2023-11-27,paid,USD,290.00,0.00,290.00,2023-10-21
655,INV-000655,70,74,2023-11-13,2023-12-28,paid,USD,290.00,0.00,290.00,2023-11-13
656,INV-000656,71,75,2026-08-19,2026-10-03,paid,USD,110300.04,0.00,110300.04,2026-08-20
657,INV-000657,72,76,2023-01-17,2023-02-16,paid,USD,495.00,0.00,495.00,2023-01-29
658,INV-000658,72,76,2023-02-17,2023-04-03,paid,USD,495.00,0.00,495.00,2023-02-20
659,INV-000659,72,76,2023-03-17,2023-05-01,paid,USD,495.00,0.00,495.00,2023-03-19
660,INV-000660,72,76,2023-04-17,2023-05-02,paid,USD,495.00,0.00,495.00,2023-04-25
661,INV-000661,72,76,2023-05-17,2023-07-01,paid,USD,495.00,0.00,495.00,2023-05-17
662,INV-000662,72,76,2023-06-17,2023-07-17,paid,USD,495.00,0.00,495.00,2023-06-17
663,INV-000663,72,76,2023-07-17,2023-08-16,paid,USD,495.00,0.00,495.00,2023-07-30
664,INV-000664,72,76,2023-08-17,2023-09-01,paid,USD,544.00,0.00,544.00,2023-09-03
665,INV-000665,72,76,2023-09-17,2023-11-01,paid,USD,495.00,0.00,495.00,2023-09-24
666,INV-000666,72,76,2023-10-17,2023-12-01,paid,USD,594.00,0.00,594.00,2023-10-29
667,INV-000667,72,76,2023-11-17,2023-12-17,paid,USD,693.00,0.00,693.00,2023-11-18
668,INV-000668,72,76,2023-12-17,2024-01-31,paid,USD,693.00,0.00,693.00,2023-12-18
669,INV-000669,72,76,2024-01-17,2024-02-16,paid,USD,693.00,0.00,693.00,2024-01-21
670,INV-000670,72,76,2024-02-17,2024-03-03,paid,USD,693.00,0.00,693.00,2024-02-17
671,INV-000671,72,76,2024-03-17,2024-05-01,paid,USD,693.00,0.00,693.00,2024-03-21
672,INV-000672,72,76,2024-04-17,2024-05-17,paid,USD,693.00,0.00,693.00,2024-04-27
673,INV-000673,72,76,2024-05-17,2024-06-16,paid,USD,693.00,0.00,693.00,2024-06-10
674,INV-000674,72,76,2024-06-17,2024-07-17,paid,USD,693.00,0.00,693.00,2024-06-19
675,INV-000675,73,77,2024-01-29,2024-03-14,paid,USD,236.00,0.00,236.00,2024-01-29
676,INV-000676,73,77,2024-02-29,2024-03-15,paid,USD,236.00,0.00,236.00,2024-03-04
677,INV-000677,73,77,2024-03-29,2024-04-28,paid,USD,236.00,0.00,236.00,2024-04-04
678,INV-000678,73,77,2024-04-29,2024-05-29,paid,USD,236.00,0.00,236.00,2024-05-02
679,INV-000679,73,77,2024-05-29,2024-07-13,paid,USD,236.00,0.00,236.00,2024-06-04
680,INV-000680,73,77,2024-06-29,2024-07-29,paid,USD,236.00,0.00,236.00,2024-06-30
681,INV-000681,73,77,2024-07-29,2024-08-13,paid,USD,236.00,0.00,236.00,2024-07-29
682,INV-000682,73,77,2024-08-29,2024-10-13,paid,USD,236.00,0.00,236.00,2024-09-06
683,INV-000683,73,77,2024-09-29,2024-10-29,paid,USD,236.00,0.00,236.00,2024-09-30
684,INV-000684,73,77,2024-10-29,2024-11-13,paid,USD,236.00,0.00,236.00,2024-10-30
685,INV-000685,73,77,2024-11-29,2025-01-13,paid,USD,396.00,0.00,396.00,2024-12-14
686,INV-000686,73,77,2024-12-29,2025-02-12,paid,USD,574.00,0.00,574.00,2025-01-02
687,INV-000687,73,77,2025-01-29,2025-02-13,paid,USD,495.00,0.00,495.00,2025-02-10
688,INV-000688,73,77,2025-02-28,2025-04-14,paid,USD,495.00,0.00,495.00,2025-03-05
689,INV-000689,73,77,2025-03-29,2025-04-28,paid,USD,544.00,0.00,544.00,2025-04-29
690,INV-000690,73,77,2025-04-29,2025-05-14,paid,USD,495.00,0.00,495.00,2025-05-10
691,INV-000691,73,77,2025-05-29,2025-07-13,paid,USD,495.00,0.00,495.00,2025-06-01
692,INV-000692,73,77,2025-06-29,2025-08-13,paid,USD,495.00,0.00,495.00,2025-07-08
693,INV-000693,73,77,2025-07-29,2025-08-13,paid,USD,544.00,0.00,544.00,2025-08-04
694,INV-000694,73,77,2025-08-29,2025-09-28,paid,USD,495.00,0.00,495.00,2025-09-13
695,INV-000695,73,77,2025-09-29,2025-11-13,paid,USD,495.00,0.00,495.00,2025-10-13
696,INV-000696,73,77,2025-10-29,2025-11-28,paid,USD,594.00,0.00,594.00,2025-11-04
697,INV-000697,73,77,2025-11-29,2025-12-29,paid,USD,673.00,0.00,673.00,2025-12-01
698,INV-000698,73,77,2025-12-29,2026-01-28,paid,USD,693.00,0.00,693.00,2026-01-18
699,INV-000699,73,77,2026-01-29,2026-03-15,paid,USD,693.00,0.00,693.00,2026-02-11
700,INV-000700,73,77,2026-02-28,2026-04-14,paid,USD,693.00,0.00,693.00,2026-03-01
701,INV-000701,73,77,2026-03-29,2026-04-28,paid,USD,693.00,0.00,693.00,2026-04-05
702,INV-000702,73,77,2026-04-29,2026-06-13,paid,USD,822.00,0.00,822.00,2026-04-29
703,INV-000703,73,77,2026-05-29,2026-06-28,paid,USD,693.00,0.00,693.00,2026-06-13
704,INV-000704,73,77,2026-06-29,2026-08-13,void,USD,693.00,0.00,693.00,
705,INV-000705,73,77,2026-07-29,2026-08-28,paid,USD,822.00,0.00,822.00,2026-08-06
706,INV-000706,73,77,2026-08-29,2026-09-13,paid,USD,693.00,0.00,693.00,2026-08-31
707,INV-000707,74,78,2023-05-19,2023-06-18,paid,USD,11400.00,0.00,11400.00,2023-05-26
708,INV-000708,74,79,2023-12-17,2024-01-16,void,USD,9430.00,0.00,9430.00,
709,INV-000709,75,80,2025-09-24,2025-10-24,paid,USD,87.00,0.00,87.00,2025-10-01
710,INV-000710,75,80,2025-10-24,2025-11-23,paid,USD,87.00,0.00,87.00,2025-10-24
711,INV-000711,75,80,2025-11-24,2026-01-08,paid,USD,87.00,0.00,87.00,2025-11-27
712,INV-000712,75,80,2025-12-24,2026-01-23,paid,USD,87.00,0.00,87.00,2025-12-26
713,INV-000713,76,81,2025-03-28,2025-04-27,paid,USD,365100.00,0.00,365100.00,2025-03-29
714,INV-000714,76,81,2026-03-28,2026-04-27,paid,USD,184140.00,0.00,184140.00,2026-04-10
715,INV-000715,77,82,2024-11-06,2024-12-06,paid,USD,3168.00,0.00,3168.00,2024-11-07
716,INV-000716,77,82,2024-12-06,2025-01-05,paid,USD,3168.00,0.00,3168.00,2024-12-06
717,INV-000717,77,82,2025-01-06,2025-01-21,paid,USD,3168.00,0.00,3168.00,2025-01-21
718,INV-000718,77,82,2025-02-06,2025-02-21,paid,USD,3168.00,0.00,3168.00,2025-02-22
719,INV-000719,77,82,2025-03-06,2025-04-20,paid,USD,3168.00,0.00,3168.00,2025-03-06
720,INV-000720,77,82,2025-04-06,2025-05-06,paid,USD,3168.00,0.00,3168.00,2025-04-15
721,INV-000721,77,82,2025-05-06,2025-05-21,paid,USD,3217.00,0.00,3217.00,2025-05-15
722,INV-000722,77,82,2025-06-06,2025-07-06,paid,USD,3247.00,0.00,3247.00,2025-06-06
723,INV-000723,77,82,2025-07-06,2025-07-21,paid,USD,3297.00,0.00,3297.00,2025-07-19
724,INV-000724,77,82,2025-08-06,2025-08-21,paid,USD,3168.00,0.00,3168.00,2025-08-07
725,INV-000725,77,82,2025-09-06,2025-10-06,paid,USD,3168.00,0.00,3168.00,2025-09-07
726,INV-000726,77,82,2025-10-06,2025-11-05,paid,USD,3168.00,0.00,3168.00,2025-10-10
727,INV-000727,77,82,2025-11-06,2025-12-06,paid,USD,3168.00,0.00,3168.00,2025-11-12
728,INV-000728,77,82,2025-12-06,2026-01-20,paid,USD,2772.00,0.00,2772.00,2025-12-20
729,INV-000729,77,82,2026-01-06,2026-02-05,uncollectible,USD,2772.00,0.00,2772.00,
730,INV-000730,77,82,2026-02-06,2026-02-21,paid,USD,2772.00,0.00,2772.00,2026-02-24
731,INV-000731,77,82,2026-03-06,2026-03-21,paid,USD,2772.00,0.00,2772.00,2026-03-14
732,INV-000732,77,82,2026-04-06,2026-04-21,paid,USD,2772.00,0.00,2772.00,2026-04-09
733,INV-000733,77,82,2026-05-06,2026-05-21,paid,USD,2901.00,0.00,2901.00,2026-05-07
734,INV-000734,77,82,2026-06-06,2026-07-21,paid,USD,2772.00,0.00,2772.00,2026-06-07
735,INV-000735,77,82,2026-07-06,2026-08-05,void,USD,2821.00,0.00,2821.00,
736,INV-000736,77,82,2026-08-06,2026-08-21,paid,USD,2772.00,0.00,2772.00,2026-08-08
737,INV-000737,78,83,2023-04-30,2023-05-30,paid,USD,2360.04,0.00,2360.04,2023-05-06
738,INV-000738,79,84,2025-10-16,2025-10-31,paid,USD,5310.00,0.00,5310.00,2025-10-28
739,INV-000739,80,85,2025-10-11,2025-10-26,paid,USD,174.00,0.00,174.00,2025-10-20
740,INV-000740,80,85,2025-11-11,2025-12-11,paid,USD,174.00,0.00,174.00,2025-11-13
741,INV-000741,80,85,2025-12-11,2026-01-10,paid,USD,174.00,0.00,174.00,2025-12-18
742,INV-000742,80,85,2026-01-11,2026-02-25,paid,USD,174.00,0.00,174.00,2026-01-24
743,INV-000743,80,85,2026-02-11,2026-02-26,paid,USD,174.00,0.00,174.00,2026-02-12
744,INV-000744,80,85,2026-03-11,2026-04-10,paid,USD,174.00,0.00,174.00,2026-03-12
745,INV-000745,80,85,2026-04-11,2026-05-26,paid,USD,174.00,0.00,174.00,2026-04-16
746,INV-000746,80,85,2026-05-11,2026-05-26,paid,USD,174.00,0.00,174.00,2026-05-21
747,INV-000747,80,85,2026-06-11,2026-07-26,paid,USD,174.00,0.00,174.00,2026-06-18
748,INV-000748,80,85,2026-07-11,2026-08-25,paid,USD,203.00,0.00,203.00,2026-07-21
749,INV-000749,80,85,2026-08-11,2026-09-10,paid,USD,203.00,0.00,203.00,2026-08-14
750,INV-000750,81,86,2025-08-25,2025-09-09,paid,USD,203.00,0.00,203.00,2025-08-26
751,INV-000751,81,86,2025-09-25,2025-10-10,paid,USD,203.00,0.00,203.00,2025-09-27
752,INV-000752,81,86,2025-10-25,2025-11-24,paid,USD,203.00,0.00,203.00,2025-10-27
753,INV-000753,81,86,2025-11-25,2025-12-10,paid,USD,203.00,0.00,203.00,2025-12-07
754,INV-000754,81,86,2025-12-25,2026-01-24,paid,USD,203.00,0.00,203.00,2026-01-02
755,INV-000755,81,86,2026-01-25,2026-02-24,paid,USD,203.00,0.00,203.00,2026-01-28
756,INV-000756,81,86,2026-02-25,2026-03-27,paid,USD,203.00,0.00,203.00,2026-03-09
757,INV-000757,81,86,2026-03-25,2026-04-24,uncollectible,USD,203.00,0.00,203.00,
758,INV-000758,81,86,2026-04-25,2026-05-10,paid,USD,203.00,0.00,203.00,2026-06-04
759,INV-000759,81,86,2026-05-25,2026-06-24,paid,USD,413.00,0.00,413.00,2026-05-31
760,INV-000760,81,86,2026-06-25,2026-08-09,paid,USD,413.00,0.00,413.00,2026-06-27
761,INV-000761,81,86,2026-07-25,2026-09-08,paid,USD,413.00,0.00,413.00,2026-08-03
762,INV-000762,81,86,2026-08-25,2026-10-09,paid,USD,413.00,0.00,413.00,2026-08-31
763,INV-000763,82,87,2026-06-09,2026-07-09,paid,USD,21300.00,0.00,21300.00,2026-06-12
764,INV-000764,83,88,2025-03-27,2025-04-11,paid,USD,290.00,0.00,290.00,2025-04-09
765,INV-000765,83,88,2025-04-27,2025-05-12,uncollectible,USD,290.00,0.00,290.00,
766,INV-000766,83,88,2025-05-27,2025-07-11,paid,USD,290.00,0.00,290.00,2025-05-29
767,INV-000767,83,88,2025-06-27,2025-07-27,paid,USD,290.00,0.00,290.00,2025-06-27
768,INV-000768,83,88,2025-07-27,2025-08-26,paid,USD,232.00,0.00,232.00,2025-08-05
769,INV-000769,83,88,2025-08-27,2025-09-11,paid,USD,232.00,0.00,232.00,2025-09-05
770,INV-000770,83,88,2025-09-27,2025-10-27,paid,USD,232.00,0.00,232.00,2025-10-15
771,INV-000771,83,88,2025-10-27,2025-12-11,paid,USD,232.00,0.00,232.00,2025-10-29
772,INV-000772,83,88,2025-11-27,2025-12-12,paid,USD,232.00,0.00,232.00,2025-11-30
773,INV-000773,83,88,2025-12-27,2026-01-11,paid,USD,232.00,0.00,232.00,2025-12-27
774,INV-000774,84,89,2026-06-22,2026-07-22,paid,USD,58.00,0.00,58.00,2026-06-23
775,INV-000775,84,89,2026-07-22,2026-09-05,paid,USD,58.00,0.00,58.00,2026-08-05
776,INV-000776,84,89,2026-08-22,2026-10-06,paid,USD,58.00,0.00,58.00,2026-08-31
777,INV-000777,85,90,2023-08-05,2023-09-19,paid,USD,7920.00,0.00,7920.00,2023-08-24
778,INV-000778,85,90,2024-08-05,2024-09-19,paid,USD,7920.00,0.00,7920.00,2024-08-08
779,INV-000779,85,90,2025-08-05,2025-09-04,paid,USD,8910.00,0.00,8910.00,2025-08-06
780,INV-000780,85,90,2026-08-05,2026-09-04,paid,USD,8910.00,0.00,8910.00,2026-08-24
781,INV-000781,86,91,2024-12-03,2025-01-02,paid,USD,10029.96,0.00,10029.96,2024-12-05
782,INV-000782,86,91,2025-12-03,2026-01-02,paid,USD,7670.04,0.00,7670.04,2025-12-22
783,INV-000783,87,92,2024-09-12,2024-10-12,paid,USD,413.00,0.00,413.00,2024-09-16
784,INV-000784,87,92,2024-10-12,2024-11-26,paid,USD,413.00,0.00,413.00,2024-10-19
785,INV-000785,87,92,2024-11-12,2024-12-27,paid,USD,413.00,0.00,413.00,2024-11-25
786,INV-000786,87,92,2024-12-12,2024-12-27,paid,USD,413.00,0.00,413.00,2024-12-14
787,INV-000787,87,92,2025-01-12,2025-02-11,paid,USD,693.00,0.00,693.00,2025-01-13
788,INV-000788,87,92,2025-02-12,2025-03-29,paid,USD,693.00,0.00,693.00,2025-02-15
789,INV-000789,88,93,2025-04-01,2025-05-01,paid,USD,460390.00,0.00,460390.00,2025-04-06
790,INV-000790,88,93,2026-04-01,2026-05-01,paid,USD,432630.00,0.00,432630.00,2026-04-06
791,INV-000791,89,94,2025-02-04,2025-03-06,paid,USD,71280.00,0.00,71280.00,2025-02-25
792,INV-000792,89,94,2026-02-04,2026-03-06,paid,USD,96849.96,0.00,96849.96,2026-02-05
793,INV-000793,90,95,2024-11-20,2025-01-04,paid,USD,145.00,0.00,145.00,2024-11-26
794,INV-000794,90,95,2024-12-20,2025-01-04,void,USD,145.00,0.00,145.00,
795,INV-000795,90,95,2025-01-20,2025-03-06,paid,USD,145.00,0.00,145.00,2025-01-21
796,INV-000796,90,95,2025-02-20,2025-03-22,paid,USD,145.00,0.00,145.00,2025-03-02
797,INV-000797,90,95,2025-03-20,2025-04-04,paid,USD,145.00,0.00,145.00,2025-04-02
798,INV-000798,90,95,2025-04-20,2025-05-20,paid,USD,145.00,0.00,145.00,2025-04-24
799,INV-000799,90,95,2025-05-20,2025-07-04,paid,USD,145.00,0.00,145.00,2025-05-28
800,INV-000800,90,95,2025-06-20,2025-08-04,paid,USD,145.00,0.00,145.00,2025-06-20
801,INV-000801,90,95,2025-07-20,2025-09-03,paid,USD,145.00,0.00,145.00,2025-07-29
802,INV-000802,90,95,2025-08-20,2025-09-19,paid,USD,145.00,0.00,145.00,2025-09-12
803,INV-000803,90,95,2025-09-20,2025-10-05,paid,USD,145.00,0.00,145.00,2025-09-25
804,INV-000804,90,95,2025-10-20,2025-12-04,paid,USD,145.00,0.00,145.00,2025-11-08
805,INV-000805,90,95,2025-11-20,2025-12-05,paid,USD,145.00,0.00,145.00,2025-11-25
806,INV-000806,90,95,2025-12-20,2026-01-19,paid,USD,145.00,0.00,145.00,2025-12-20
807,INV-000807,90,95,2026-01-20,2026-02-19,paid,USD,145.00,0.00,145.00,2026-01-23
808,INV-000808,90,95,2026-02-20,2026-03-22,paid,USD,145.00,0.00,145.00,2026-02-24
809,INV-000809,90,95,2026-03-20,2026-04-04,paid,USD,145.00,0.00,145.00,2026-04-13
810,INV-000810,90,95,2026-04-20,2026-05-20,paid,USD,145.00,0.00,145.00,2026-05-06
811,INV-000811,91,96,2023-07-16,2023-07-31,paid,USD,163940.04,0.00,163940.04,2023-07-17
812,INV-000812,91,96,2024-07-16,2024-08-15,paid,USD,210090.00,0.00,210090.00,2024-07-16
813,INV-000813,91,96,2025-07-16,2025-07-31,paid,USD,163899.96,0.00,163899.96,2025-07-23
814,INV-000814,91,96,2026-07-16,2026-08-30,paid,USD,163899.96,0.00,163899.96,2026-08-25
815,INV-000815,92,97,2023-08-21,2023-09-20,paid,USD,396.00,0.00,396.00,2023-08-24
816,INV-000816,92,97,2023-09-21,2023-10-21,paid,USD,396.00,0.00,396.00,2023-09-25
817,INV-000817,92,97,2023-10-21,2023-11-20,paid,USD,396.00,0.00,396.00,2023-10-31
818,INV-000818,92,97,2023-11-21,2023-12-21,paid,USD,396.00,0.00,396.00,2023-11-24
819,INV-000819,92,97,2023-12-21,2024-02-04,paid,USD,574.00,0.00,574.00,2023-12-22
820,INV-000820,92,97,2024-01-21,2024-02-20,void,USD,495.00,0.00,495.00,
821,INV-000821,92,97,2024-02-21,2024-04-06,paid,USD,495.00,0.00,495.00,2024-03-05
822,INV-000822,92,97,2024-03-21,2024-04-20,paid,USD,673.00,0.00,673.00,2024-03-31
823,INV-000823,92,97,2024-04-21,2024-05-06,paid,USD,594.00,0.00,594.00,2024-04-28
824,INV-000824,92,97,2024-05-21,2024-06-20,paid,USD,643.00,0.00,643.00,2024-05-22
825,INV-000825,92,97,2024-06-21,2024-08-05,paid,USD,594.00,0.00,594.00,2024-07-01
826,INV-000826,92,97,2024-07-21,2024-09-04,paid,USD,594.00,0.00,594.00,2024-07-29
827,INV-000827,92,97,2024-08-21,2024-09-20,paid,USD,792.00,0.00,792.00,2024-08-29
828,INV-000828,92,97,2024-09-21,2024-10-21,paid,USD,990.00,0.00,990.00,2024-09-21
829,INV-000829,92,97,2024-10-21,2024-11-20,paid,USD,990.00,0.00,990.00,2024-10-31
830,INV-000830,92,97,2024-11-21,2024-12-21,paid,USD,990.00,0.00,990.00,2024-11-25
831,INV-000831,93,98,2023-01-07,2023-01-22,paid,USD,29499.96,0.00,29499.96,2023-01-14
832,INV-000832,93,98,2024-01-07,2024-01-22,paid,USD,49500.00,0.00,49500.00,2024-01-13
833,INV-000833,93,98,2025-01-07,2025-01-22,paid,USD,87909.96,0.00,87909.96,2025-01-14
834,INV-000834,93,98,2026-01-07,2026-01-22,paid,USD,101319.96,0.00,101319.96,2026-01-13
835,INV-000835,94,99,2024-05-07,2024-06-06,paid,USD,220520.04,0.00,220520.04,2024-05-31
836,INV-000836,94,99,2025-05-07,2025-05-22,paid,USD,275649.96,0.00,275649.96,2025-05-13
837,INV-000837,94,99,2026-05-07,2026-06-06,paid,USD,300980.04,0.00,300980.04,2026-05-25
838,INV-000838,95,100,2025-02-07,2025-03-09,paid,USD,338229.96,0.00,338229.96,2025-02-10
839,INV-000839,95,100,2026-02-07,2026-03-09,paid,USD,372500.04,0.00,372500.04,2026-02-07
840,INV-000840,96,101,2023-08-10,2023-09-09,paid,USD,472.00,0.00,472.00,2023-08-11
841,INV-000841,96,101,2023-09-10,2023-09-25,paid,USD,472.00,0.00,472.00,2023-09-17
842,INV-000842,96,101,2023-10-10,2023-11-09,paid,USD,472.00,0.00,472.00,2023-10-17
843,INV-000843,96,101,2023-11-10,2023-11-25,paid,USD,472.00,0.00,472.00,2023-11-11
844,INV-000844,96,101,2023-12-10,2024-01-09,paid,USD,472.00,0.00,472.00,2023-12-10
845,INV-000845,96,101,2024-01-10,2024-02-09,paid,USD,472.00,0.00,472.00,2024-01-10
846,INV-000846,96,101,2024-02-10,2024-02-25,paid,USD,472.00,0.00,472.00,2024-02-18
847,INV-000847,96,101,2024-03-10,2024-04-24,paid,USD,472.00,0.00,472.00,2024-03-20
848,INV-000848,96,101,2024-04-10,2024-05-10,paid,USD,472.00,0.00,472.00,2024-05-05
849,INV-000849,96,101,2024-05-10,2024-06-24,paid,USD,472.00,0.00,472.00,2024-05-12
850,INV-000850,96,101,2024-06-10,2024-07-25,paid,USD,472.00,0.00,472.00,2024-06-20
851,INV-000851,96,101,2024-07-10,2024-08-24,paid,USD,531.00,0.00,531.00,2024-07-15
852,INV-000852,96,101,2024-08-10,2024-09-09,paid,USD,590.00,0.00,590.00,2024-08-29
853,INV-000853,96,101,2024-09-10,2024-10-10,paid,USD,649.00,0.00,649.00,2024-09-23
854,INV-000854,96,101,2024-10-10,2024-11-09,paid,USD,649.00,0.00,649.00,2024-10-11
855,INV-000855,96,101,2024-11-10,2024-12-10,paid,USD,649.00,0.00,649.00,2024-11-14
856,INV-000856,96,101,2024-12-10,2025-01-24,paid,USD,649.00,0.00,649.00,2024-12-11
857,INV-000857,96,101,2025-01-10,2025-02-09,uncollectible,USD,649.00,0.00,649.00,
858,INV-000858,96,101,2025-02-10,2025-02-25,paid,USD,649.00,0.00,649.00,2025-02-14
859,INV-000859,96,101,2025-03-10,2025-04-09,paid,USD,290.00,0.00,290.00,2025-03-12
860,INV-000860,96,101,2025-04-10,2025-04-25,paid,USD,290.00,0.00,290.00,2025-04-16
861,INV-000861,96,101,2025-05-10,2025-06-09,paid,USD,290.00,0.00,290.00,2025-05-22
862,INV-000862,96,101,2025-06-10,2025-06-25,paid,USD,290.00,0.00,290.00,2025-06-10
863,INV-000863,96,101,2025-07-10,2025-07-25,paid,USD,290.00,0.00,290.00,2025-07-26
864,INV-000864,96,101,2025-08-10,2025-09-09,paid,USD,290.00,0.00,290.00,2025-08-13
865,INV-000865,96,101,2025-09-10,2025-10-10,paid,USD,290.00,0.00,290.00,2025-10-07
866,INV-000866,96,101,2025-10-10,2025-11-24,paid,USD,290.00,0.00,290.00,2025-10-10
867,INV-000867,96,101,2025-11-10,2025-12-25,paid,USD,290.00,0.00,290.00,2025-11-20
868,INV-000868,96,101,2025-12-10,2026-01-09,paid,USD,290.00,0.00,290.00,2026-01-02
869,INV-000869,96,101,2026-01-10,2026-02-09,paid,USD,290.00,0.00,290.00,2026-01-10
870,INV-000870,96,101,2026-02-10,2026-03-12,paid,USD,290.00,0.00,290.00,2026-02-12
871,INV-000871,96,101,2026-03-10,2026-04-09,paid,USD,290.00,0.00,290.00,2026-03-12
872,INV-000872,96,101,2026-04-10,2026-05-10,paid,USD,290.00,0.00,290.00,2026-04-11
873,INV-000873,96,101,2026-05-10,2026-06-09,paid,USD,290.00,0.00,290.00,2026-05-17
874,INV-000874,96,101,2026-06-10,2026-07-10,paid,USD,290.00,0.00,290.00,2026-06-12
875,INV-000875,96,101,2026-07-10,2026-07-25,paid,USD,290.00,0.00,290.00,2026-07-12
876,INV-000876,96,101,2026-08-10,2026-08-25,paid,USD,290.00,0.00,290.00,2026-08-17
877,INV-000877,97,102,2023-11-19,2023-12-19,paid,USD,311409.96,0.00,311409.96,2023-11-20
878,INV-000878,97,102,2024-11-19,2025-01-03,paid,USD,362070.00,0.00,362070.00,2024-11-23
879,INV-000879,97,102,2025-11-19,2025-12-04,paid,USD,432099.96,0.00,432099.96,2025-11-23
880,INV-000880,98,103,2024-11-22,2024-12-22,paid,USD,116.00,0.00,116.00,2024-11-27
881,INV-000881,98,103,2024-12-22,2025-01-06,paid,USD,116.00,0.00,116.00,2024-12-24
882,INV-000882,98,103,2025-01-22,2025-03-08,paid,USD,145.00,0.00,145.00,2025-03-03
883,INV-000883,98,103,2025-02-22,2025-03-24,paid,USD,145.00,0.00,145.00,2025-02-22
884,INV-000884,98,103,2025-03-22,2025-04-06,paid,USD,145.00,0.00,145.00,2025-03-28
885,INV-000885,98,103,2025-04-22,2025-05-07,paid,USD,145.00,0.00,145.00,2025-04-23
886,INV-000886,98,103,2025-05-22,2025-06-06,paid,USD,174.00,0.00,174.00,2025-06-08
887,INV-000887,98,103,2025-06-22,2025-07-07,paid,USD,174.00,0.00,174.00,2025-07-07
888,INV-000888,98,103,2025-07-22,2025-09-05,paid,USD,174.00,0.00,174.00,2025-08-10
889,INV-000889,98,103,2025-08-22,2025-10-06,paid,USD,174.00,0.00,174.00,2025-09-13
890,INV-000890,98,103,2025-09-22,2025-10-22,paid,USD,174.00,0.00,174.00,2025-10-05
891,INV-000891,98,103,2025-10-22,2025-11-06,paid,USD,174.00,0.00,174.00,2025-10-29
892,INV-000892,98,103,2025-11-22,2025-12-07,paid,USD,174.00,0.00,174.00,2025-11-30
893,INV-000893,98,103,2025-12-22,2026-01-06,paid,USD,174.00,0.00,174.00,2025-12-22
894,INV-000894,98,103,2026-01-22,2026-02-21,paid,USD,174.00,0.00,174.00,2026-01-23
895,INV-000895,98,103,2026-02-22,2026-03-24,paid,USD,174.00,0.00,174.00,2026-02-27
896,INV-000896,98,103,2026-03-22,2026-04-21,paid,USD,174.00,0.00,174.00,2026-03-29
897,INV-000897,98,103,2026-04-22,2026-05-22,paid,USD,174.00,0.00,174.00,2026-05-23
898,INV-000898,98,103,2026-05-22,2026-06-21,paid,USD,174.00,0.00,174.00,2026-06-02
899,INV-000899,98,103,2026-06-22,2026-07-22,paid,USD,174.00,0.00,174.00,2026-06-28
900,INV-000900,98,103,2026-07-22,2026-08-21,paid,USD,174.00,0.00,174.00,2026-07-23
901,INV-000901,98,103,2026-08-22,2026-09-21,paid,USD,174.00,0.00,174.00,2026-08-25
902,INV-000902,99,104,2026-05-30,2026-06-14,paid,USD,792.00,0.00,792.00,2026-06-04
903,INV-000903,99,104,2026-06-30,2026-07-30,paid,USD,891.00,0.00,891.00,2026-06-30
904,INV-000904,99,104,2026-07-30,2026-09-13,paid,USD,1020.00,0.00,1020.00,2026-08-14
905,INV-000905,99,104,2026-08-30,2026-10-14,paid,USD,891.00,0.00,891.00,2026-08-31
906,INV-000906,100,105,2024-09-05,2024-10-20,paid,USD,87.00,0.00,87.00,2024-09-16
907,INV-000907,100,105,2024-10-05,2024-11-04,void,USD,87.00,0.00,87.00,
908,INV-000908,100,105,2024-11-05,2024-11-20,paid,USD,87.00,0.00,87.00,2024-11-05
909,INV-000909,100,105,2024-12-05,2025-01-04,paid,USD,87.00,0.00,87.00,2024-12-13
910,INV-000910,100,105,2025-01-05,2025-01-20,paid,USD,87.00,0.00,87.00,2025-01-06
911,INV-000911,100,105,2025-02-05,2025-03-07,paid,USD,177.00,0.00,177.00,2025-02-19
912,INV-000912,100,105,2025-03-05,2025-04-19,paid,USD,177.00,0.00,177.00,2025-03-07
913,INV-000913,100,105,2025-04-05,2025-05-05,paid,USD,177.00,0.00,177.00,2025-04-05
914,INV-000914,100,105,2025-05-05,2025-05-20,paid,USD,177.00,0.00,177.00,2025-05-05
915,INV-000915,100,105,2025-06-05,2025-07-05,paid,USD,177.00,0.00,177.00,2025-06-09
916,INV-000916,100,105,2025-07-05,2025-08-19,paid,USD,177.00,0.00,177.00,2025-07-06
917,INV-000917,100,105,2025-08-05,2025-08-20,paid,USD,177.00,0.00,177.00,2025-08-12
918,INV-000918,100,105,2025-09-05,2025-09-20,paid,USD,177.00,0.00,177.00,2025-09-25
919,INV-000919,100,105,2025-10-05,2025-10-20,paid,USD,177.00,0.00,177.00,2025-10-18
920,INV-000920,100,105,2025-11-05,2025-11-20,paid,USD,177.00,0.00,177.00,2025-11-08
921,INV-000921,100,105,2025-12-05,2026-01-04,paid,USD,177.00,0.00,177.00,2025-12-13
922,INV-000922,100,105,2026-01-05,2026-02-19,paid,USD,177.00,0.00,177.00,2026-01-07
923,INV-000923,100,105,2026-02-05,2026-03-07,paid,USD,177.00,0.00,177.00,2026-02-10
924,INV-000924,100,105,2026-03-05,2026-04-04,paid,USD,177.00,0.00,177.00,2026-04-14
925,INV-000925,100,105,2026-04-05,2026-05-05,paid,USD,177.00,0.00,177.00,2026-04-05
926,INV-000926,100,105,2026-05-05,2026-06-04,paid,USD,177.00,0.00,177.00,2026-06-06
927,INV-000927,101,106,2024-12-13,2025-01-27,paid,USD,286710.00,0.00,286710.00,2024-12-18
928,INV-000928,101,106,2025-12-13,2025-12-28,paid,USD,281610.00,0.00,281610.00,2025-12-21
929,INV-000929,102,107,2025-11-24,2025-12-24,paid,USD,158950.00,0.00,158950.00,2025-11-24
930,INV-000930,103,108,2025-12-16,2026-01-15,paid,USD,649.00,0.00,649.00,2025-12-16
931,INV-000931,103,108,2026-01-16,2026-02-15,paid,USD,649.00,0.00,649.00,2026-01-17
932,INV-000932,103,108,2026-02-16,2026-03-18,paid,USD,1218.00,0.00,1218.00,2026-02-25
933,INV-000933,103,108,2026-03-16,2026-04-15,paid,USD,1089.00,0.00,1089.00,2026-03-21
934,INV-000934,103,108,2026-04-16,2026-05-16,paid,USD,1089.00,0.00,1089.00,2026-04-18
935,INV-000935,103,108,2026-05-16,2026-06-15,paid,USD,1089.00,0.00,1089.00,2026-05-19
936,INV-000936,103,108,2026-06-16,2026-07-01,paid,USD,1089.00,0.00,1089.00,2026-06-18
937,INV-000937,103,108,2026-07-16,2026-08-15,paid,USD,1138.00,0.00,1138.00,2026-07-26
938,INV-000938,103,108,2026-08-16,2026-09-15,paid,USD,1089.00,0.00,1089.00,2026-08-31
939,INV-000939,104,109,2023-07-24,2023-09-07,paid,USD,354.00,0.00,354.00,2023-08-05
940,INV-000940,104,109,2023-08-24,2023-10-08,paid,USD,354.00,0.00,354.00,2023-08-24
941,INV-000941,104,109,2023-09-24,2023-10-24,paid,USD,354.00,0.00,354.00,2023-09-25
942,INV-000942,104,109,2023-10-24,2023-11-23,paid,USD,354.00,0.00,354.00,2023-11-01
943,INV-000943,104,109,2023-11-24,2023-12-24,paid,USD,594.00,0.00,594.00,2023-11-30
944,INV-000944,104,109,2023-12-24,2024-01-08,paid,USD,594.00,0.00,594.00,2023-12-29
945,INV-000945,104,109,2024-01-24,2024-02-08,paid,USD,594.00,0.00,594.00,2024-03-04
946,INV-000946,104,109,2024-02-24,2024-03-10,paid,USD,594.00,0.00,594.00,2024-03-10
947,INV-000947,104,109,2024-03-24,2024-04-23,paid,USD,594.00,0.00,594.00,2024-03-25
948,INV-000948,104,109,2024-04-24,2024-05-24,paid,USD,594.00,0.00,594.00,2024-05-03
949,INV-000949,104,109,2024-05-24,2024-06-08,paid,USD,594.00,0.00,594.00,2024-07-03
950,INV-000950,105,110,2025-08-11,2025-09-10,paid,USD,1239.00,0.00,1239.00,2025-08-11
951,INV-000951,105,110,2025-09-11,2025-10-11,paid,USD,1239.00,0.00,1239.00,2025-09-25
952,INV-000952,105,110,2025-10-11,2025-10-26,paid,USD,1239.00,0.00,1239.00,2025-11-05
953,INV-000953,106,111,2024-08-15,2024-09-29,paid,USD,116.00,0.00,116.00,2024-08-18
954,INV-000954,106,111,2024-09-15,2024-10-15,paid,USD,116.00,0.00,116.00,2024-09-18
955,INV-000955,106,111,2024-10-15,2024-11-29,paid,USD,116.00,0.00,116.00,2024-10-16
956,INV-000956,106,111,2024-11-15,2024-11-30,paid,USD,116.00,0.00,116.00,2024-11-26
957,INV-000957,106,111,2024-12-15,2025-01-29,paid,USD,116.00,0.00,116.00,2024-12-31
958,INV-000958,106,111,2025-01-15,2025-02-14,paid,USD,116.00,0.00,116.00,2025-01-31
959,INV-000959,106,111,2025-02-15,2025-03-17,paid,USD,116.00,0.00,116.00,2025-02-18
960,INV-000960,106,111,2025-03-15,2025-04-14,paid,USD,116.00,0.00,116.00,2025-03-15
961,INV-000961,106,111,2025-04-15,2025-04-30,paid,USD,116.00,0.00,116.00,2025-04-21
962,INV-000962,106,111,2025-05-15,2025-05-30,paid,USD,116.00,0.00,116.00,2025-05-15
963,INV-000963,106,111,2025-06-15,2025-06-30,paid,USD,116.00,0.00,116.00,2025-06-23
964,INV-000964,106,111,2025-07-15,2025-07-30,paid,USD,116.00,0.00,116.00,2025-07-27
965,INV-000965,106,111,2025-08-15,2025-09-29,paid,USD,145.00,0.00,145.00,2025-08-24
966,INV-000966,106,111,2025-09-15,2025-10-30,paid,USD,145.00,0.00,145.00,2025-09-22
967,INV-000967,106,111,2025-10-15,2025-10-30,paid,USD,145.00,0.00,145.00,2025-10-17
968,INV-000968,106,111,2025-11-15,2025-11-30,paid,USD,116.00,0.00,116.00,2025-12-14
969,INV-000969,106,111,2025-12-15,2025-12-30,paid,USD,116.00,0.00,116.00,2025-12-18
970,INV-000970,106,111,2026-01-15,2026-01-30,paid,USD,116.00,0.00,116.00,2026-01-19
971,INV-000971,106,111,2026-02-15,2026-03-17,paid,USD,116.00,0.00,116.00,2026-02-19
972,INV-000972,106,111,2026-03-15,2026-04-29,paid,USD,116.00,0.00,116.00,2026-03-19
973,INV-000973,106,111,2026-04-15,2026-05-15,paid,USD,116.00,0.00,116.00,2026-04-16
974,INV-000974,106,111,2026-05-15,2026-06-14,paid,USD,116.00,0.00,116.00,2026-06-10
975,INV-000975,106,111,2026-06-15,2026-07-15,paid,USD,116.00,0.00,116.00,2026-06-23
976,INV-000976,106,111,2026-07-15,2026-07-30,paid,USD,116.00,0.00,116.00,2026-07-15
977,INV-000977,106,111,2026-08-15,2026-08-30,paid,USD,116.00,0.00,116.00,2026-08-23
978,INV-000978,107,112,2025-05-15,2025-06-14,paid,USD,1584.00,0.00,1584.00,2025-05-15
979,INV-000979,107,112,2025-06-15,2025-07-30,paid,USD,1584.00,0.00,1584.00,2025-07-18
980,INV-000980,107,112,2025-07-15,2025-07-30,paid,USD,1584.00,0.00,1584.00,2025-07-21
981,INV-000981,107,112,2025-08-15,2025-09-29,paid,USD,1584.00,0.00,1584.00,2025-08-30
982,INV-000982,107,112,2025-09-15,2025-10-30,paid,USD,1584.00,0.00,1584.00,2025-09-21
983,INV-000983,107,112,2025-10-15,2025-11-14,paid,USD,1584.00,0.00,1584.00,2025-10-26
984,INV-000984,107,112,2025-11-15,2025-12-15,paid,USD,1584.00,0.00,1584.00,2025-11-22
985,INV-000985,107,112,2025-12-15,2026-01-29,paid,USD,1584.00,0.00,1584.00,2025-12-15
986,INV-000986,107,112,2026-01-15,2026-02-14,paid,USD,1584.00,0.00,1584.00,2026-01-19
987,INV-000987,107,112,2026-02-15,2026-03-02,paid,USD,1663.00,0.00,1663.00,2026-02-22
988,INV-000988,107,112,2026-03-15,2026-04-14,paid,USD,1861.00,0.00,1861.00,2026-03-16
989,INV-000989,107,112,2026-04-15,2026-05-15,paid,USD,1782.00,0.00,1782.00,2026-04-15
990,INV-000990,107,112,2026-05-15,2026-06-29,paid,USD,1782.00,0.00,1782.00,2026-06-07
991,INV-000991,107,112,2026-06-15,2026-07-15,paid,USD,1831.00,0.00,1831.00,2026-06-25
992,INV-000992,107,112,2026-07-15,2026-08-14,paid,USD,1782.00,0.00,1782.00,2026-07-18
993,INV-000993,107,112,2026-08-15,2026-09-29,paid,USD,1782.00,0.00,1782.00,2026-08-16
994,INV-000994,108,113,2026-02-18,2026-03-20,paid,USD,261.00,0.00,261.00,2026-02-19
995,INV-000995,108,113,2026-03-18,2026-04-17,paid,USD,261.00,0.00,261.00,2026-03-30
996,INV-000996,108,113,2026-04-18,2026-05-18,paid,USD,261.00,0.00,261.00,2026-05-16
997,INV-000997,108,113,2026-05-18,2026-06-17,paid,USD,261.00,0.00,261.00,2026-06-09
998,INV-000998,109,114,2025-05-22,2025-06-21,paid,USD,290.00,0.00,290.00,2025-05-26
999,INV-000999,109,114,2025-06-22,2025-07-22,paid,USD,290.00,0.00,290.00,2025-06-25
1000,INV-001000,109,114,2025-07-22,2025-08-06,paid,USD,290.00,0.00,290.00,2025-08-14
1001,INV-001001,109,114,2025-08-22,2025-09-06,paid,USD,290.00,0.00,290.00,2025-09-01
1002,INV-001002,109,114,2025-09-22,2025-10-22,paid,USD,290.00,0.00,290.00,2025-09-27
1003,INV-001003,109,114,2025-10-22,2025-11-06,paid,USD,290.00,0.00,290.00,2025-10-24
1004,INV-001004,109,114,2025-11-22,2025-12-22,paid,USD,290.00,0.00,290.00,2025-11-29
1005,INV-001005,109,114,2025-12-22,2026-01-06,paid,USD,290.00,0.00,290.00,2026-01-10
1006,INV-001006,109,114,2026-01-22,2026-02-21,paid,USD,290.00,0.00,290.00,2026-01-26
1007,INV-001007,109,114,2026-02-22,2026-03-09,paid,USD,290.00,0.00,290.00,2026-02-22
1008,INV-001008,109,114,2026-03-22,2026-04-06,paid,USD,290.00,0.00,290.00,2026-03-23
1009,INV-001009,109,114,2026-04-22,2026-05-22,paid,USD,290.00,0.00,290.00,2026-05-28
1010,INV-001010,109,114,2026-05-22,2026-07-06,paid,USD,290.00,0.00,290.00,2026-05-22
1011,INV-001011,109,114,2026-06-22,2026-08-06,paid,USD,290.00,0.00,290.00,2026-06-22
1012,INV-001012,109,114,2026-07-22,2026-08-21,paid,USD,290.00,0.00,290.00,2026-07-31
1013,INV-001013,109,114,2026-08-22,2026-09-21,paid,USD,290.00,0.00,290.00,2026-08-29
1014,INV-001014,110,115,2024-09-09,2024-09-24,paid,USD,472.00,0.00,472.00,2024-09-27
1015,INV-001015,110,115,2024-10-09,2024-11-08,paid,USD,472.00,0.00,472.00,2024-10-22
1016,INV-001016,110,115,2024-11-09,2024-12-09,paid,USD,472.00,0.00,472.00,2024-11-22
1017,INV-001017,110,115,2024-12-09,2025-01-23,paid,USD,472.00,0.00,472.00,2024-12-09
1018,INV-001018,110,115,2025-01-09,2025-01-24,paid,USD,472.00,0.00,472.00,2025-02-01
1019,INV-001019,110,115,2025-02-09,2025-03-11,paid,USD,472.00,0.00,472.00,2025-02-09
1020,INV-001020,110,115,2025-03-09,2025-04-08,paid,USD,472.00,0.00,472.00,2025-03-26
1021,INV-001021,110,115,2025-04-09,2025-05-09,paid,USD,472.00,0.00,472.00,2025-04-12
1022,INV-001022,110,115,2025-05-09,2025-06-08,paid,USD,472.00,0.00,472.00,2025-05-29
1023,INV-001023,110,115,2025-06-09,2025-07-24,paid,USD,472.00,0.00,472.00,2025-06-14
1024,INV-001024,110,115,2025-07-09,2025-08-23,paid,USD,472.00,0.00,472.00,2025-07-11
1025,INV-001025,110,115,2025-08-09,2025-09-08,paid,USD,472.00,0.00,472.00,2025-08-13
1026,INV-001026,110,115,2025-09-09,2025-10-09,paid,USD,472.00,0.00,472.00,2025-09-10
1027,INV-001027,110,115,2025-10-09,2025-11-08,paid,USD,472.00,0.00,472.00,2025-10-10
1028,INV-001028,110,115,2025-11-09,2025-12-09,paid,USD,472.00,0.00,472.00,2025-12-04
1029,INV-001029,110,115,2025-12-09,2026-01-23,paid,USD,472.00,0.00,472.00,2025-12-11
1030,INV-001030,110,115,2026-01-09,2026-02-08,paid,USD,590.00,0.00,590.00,2026-01-28
1031,INV-001031,110,115,2026-02-09,2026-02-24,paid,USD,590.00,0.00,590.00,2026-02-28
1032,INV-001032,110,115,2026-03-09,2026-03-24,paid,USD,590.00,0.00,590.00,2026-03-13
1033,INV-001033,110,115,2026-04-09,2026-05-09,paid,USD,590.00,0.00,590.00,2026-04-18
1034,INV-001034,110,115,2026-05-09,2026-05-24,paid,USD,590.00,0.00,590.00,2026-05-09
1035,INV-001035,110,115,2026-06-09,2026-07-09,paid,USD,590.00,0.00,590.00,2026-06-19
1036,INV-001036,111,116,2025-04-12,2025-05-27,paid,USD,826.00,0.00,826.00,2025-04-19
1037,INV-001037,111,116,2025-05-12,2025-06-11,paid,USD,826.00,0.00,826.00,2025-05-12
1038,INV-001038,111,116,2025-06-12,2025-06-27,paid,USD,826.00,0.00,826.00,2025-06-13
1039,INV-001039,111,116,2025-07-12,2025-08-11,paid,USD,826.00,0.00,826.00,2025-07-12
1040,INV-001040,111,116,2025-08-12,2025-09-11,paid,USD,826.00,0.00,826.00,2025-08-14
1041,INV-001041,111,116,2025-09-12,2025-10-12,paid,USD,826.00,0.00,826.00,2025-09-12
1042,INV-001042,111,116,2025-10-12,2025-11-26,paid,USD,826.00,0.00,826.00,2025-10-14
1043,INV-001043,111,116,2025-11-12,2025-11-27,paid,USD,826.00,0.00,826.00,2025-11-21
1044,INV-001044,111,116,2025-12-12,2026-01-26,paid,USD,885.00,0.00,885.00,2025-12-31
1045,INV-001045,111,116,2026-01-12,2026-02-11,paid,USD,885.00,0.00,885.00,2026-01-12
1046,INV-001046,111,116,2026-02-12,2026-02-27,paid,USD,885.00,0.00,885.00,2026-02-16
1047,INV-001047,111,116,2026-03-12,2026-04-11,paid,USD,885.00,0.00,885.00,2026-03-12
1048,INV-001048,111,116,2026-04-12,2026-05-12,paid,USD,885.00,0.00,885.00,2026-04-17
1049,INV-001049,111,116,2026-05-12,2026-06-26,paid,USD,885.00,0.00,885.00,2026-05-21
1050,INV-001050,111,116,2026-06-12,2026-06-27,paid,USD,885.00,0.00,885.00,2026-06-14
1051,INV-001051,111,116,2026-07-12,2026-07-27,paid,USD,885.00,0.00,885.00,2026-07-16
1052,INV-001052,111,116,2026-08-12,2026-09-26,paid,USD,885.00,0.00,885.00,2026-08-20
1053,INV-001053,112,117,2024-03-30,2024-04-14,paid,USD,7080.00,0.00,7080.00,2024-04-04
1054,INV-001054,112,117,2025-03-30,2025-04-29,paid,USD,11880.00,0.00,11880.00,2025-03-31
1055,INV-001055,112,117,2026-03-30,2026-04-29,paid,USD,14256.00,0.00,14256.00,2026-03-31
1056,INV-001056,113,118,2026-04-11,2026-05-11,paid,USD,159480.00,0.00,159480.00,2026-04-12
1057,INV-001057,114,119,2024-06-11,2024-06-26,paid,USD,116.00,0.00,116.00,2024-06-15
1058,INV-001058,114,119,2024-07-11,2024-07-26,paid,USD,116.00,0.00,116.00,2024-07-13
1059,INV-001059,114,119,2024-08-11,2024-09-10,paid,USD,116.00,0.00,116.00,2024-08-24
1060,INV-001060,114,119,2024-09-11,2024-10-11,paid,USD,116.00,0.00,116.00,2024-09-23
1061,INV-001061,115,120,2024-08-02,2024-09-01,paid,USD,7080.00,0.00,7080.00,2024-08-06
1062,INV-001062,116,121,2025-11-03,2025-12-18,paid,USD,826.00,0.00,826.00,2025-11-03
1063,INV-001063,116,121,2025-12-03,2026-01-02,paid,USD,826.00,0.00,826.00,2025-12-13
1064,INV-001064,116,121,2026-01-03,2026-02-02,paid,USD,826.00,0.00,826.00,2026-01-24
1065,INV-001065,116,121,2026-02-03,2026-03-20,paid,USD,826.00,0.00,826.00,2026-02-10
1066,INV-001066,116,121,2026-03-03,2026-04-02,paid,USD,1386.00,0.00,1386.00,2026-03-07
1067,INV-001067,116,121,2026-04-03,2026-05-18,paid,USD,1386.00,0.00,1386.00,2026-04-16
1068,INV-001068,116,121,2026-05-03,2026-05-18,paid,USD,1386.00,0.00,1386.00,2026-05-06
1069,INV-001069,116,121,2026-06-03,2026-07-03,paid,USD,1386.00,0.00,1386.00,2026-06-22
1070,INV-001070,116,121,2026-07-03,2026-07-18,paid,USD,1386.00,0.00,1386.00,2026-07-07
1071,INV-001071,116,121,2026-08-03,2026-09-02,paid,USD,1386.00,0.00,1386.00,2026-08-19
1072,INV-001072,117,122,2025-01-31,2025-03-02,paid,USD,1062.00,0.00,1062.00,2025-02-01
1073,INV-001073,117,122,2025-02-28,2025-03-30,paid,USD,1062.00,0.00,1062.00,2025-03-06
1074,INV-001074,117,122,2025-03-31,2025-04-15,paid,USD,1062.00,0.00,1062.00,2025-04-14
1075,INV-001075,117,122,2025-04-30,2025-05-30,paid,USD,1062.00,0.00,1062.00,2025-05-04
1076,INV-001076,117,122,2025-05-31,2025-06-15,paid,USD,1062.00,0.00,1062.00,2025-06-03
1077,INV-001077,117,122,2025-06-30,2025-07-30,paid,USD,1062.00,0.00,1062.00,2025-07-05
1078,INV-001078,117,122,2025-07-31,2025-08-15,paid,USD,1062.00,0.00,1062.00,2025-07-31
1079,INV-001079,117,122,2025-08-31,2025-09-30,paid,USD,1062.00,0.00,1062.00,2025-08-31
1080,INV-001080,117,122,2025-09-30,2025-10-15,paid,USD,1062.00,0.00,1062.00,2025-10-27
1081,INV-001081,117,122,2025-10-31,2025-11-30,paid,USD,1062.00,0.00,1062.00,2025-12-10
1082,INV-001082,117,122,2025-11-30,2025-12-15,paid,USD,1180.00,0.00,1180.00,2025-12-01
1083,INV-001083,117,122,2025-12-31,2026-01-30,paid,USD,1980.00,0.00,1980.00,2026-01-01
1084,INV-001084,117,122,2026-01-31,2026-03-02,paid,USD,1980.00,0.00,1980.00,2026-02-07
1085,INV-001085,117,122,2026-02-28,2026-03-15,paid,USD,2029.00,0.00,2029.00,2026-03-03
1086,INV-001086,117,122,2026-03-31,2026-04-30,paid,USD,1980.00,0.00,1980.00,2026-04-06
1087,INV-001087,117,122,2026-04-30,2026-05-15,paid,USD,2059.00,0.00,2059.00,2026-05-04
1088,INV-001088,117,122,2026-05-31,2026-06-15,paid,USD,2178.00,0.00,2178.00,2026-06-01
1089,INV-001089,117,122,2026-06-30,2026-07-30,uncollectible,USD,2307.00,0.00,2307.00,
1090,INV-001090,117,122,2026-07-31,2026-08-30,paid,USD,2178.00,0.00,2178.00,2026-08-01
1091,INV-001091,117,122,2026-08-31,2026-09-30,open,USD,2178.00,0.00,2178.00,
1092,INV-001092,118,123,2024-09-02,2024-10-17,paid,USD,911889.96,0.00,911889.96,2024-09-05
1093,INV-001093,118,123,2025-09-02,2025-09-17,paid,USD,1086210.00,0.00,1086210.00,2025-09-02
1094,INV-001094,119,124,2025-01-27,2025-02-26,paid,USD,300980.04,0.00,300980.04,2025-01-30
1095,INV-001095,119,124,2026-01-27,2026-02-26,paid,USD,303380.04,0.00,303380.04,2026-01-28
1096,INV-001096,120,125,2024-05-13,2024-06-12,paid,USD,37250.04,0.00,37250.04,2024-05-16
1097,INV-001097,120,125,2025-05-13,2025-05-28,paid,USD,32780.04,0.00,32780.04,2025-05-14
1098,INV-001098,120,125,2026-05-13,2026-05-28,paid,USD,36669.96,0.00,36669.96,2026-06-10
1099,INV-001099,121,126,2026-03-08,2026-04-07,paid,USD,290.00,0.00,290.00,2026-03-10
1100,INV-001100,121,126,2026-04-08,2026-05-23,paid,USD,290.00,0.00,290.00,2026-04-09
1101,INV-001101,121,126,2026-05-08,2026-06-22,paid,USD,290.00,0.00,290.00,2026-06-05
1102,INV-001102,121,126,2026-06-08,2026-07-08,paid,USD,290.00,0.00,290.00,2026-07-02
1103,INV-001103,121,126,2026-07-08,2026-07-23,paid,USD,290.00,0.00,290.00,2026-07-08
1104,INV-001104,121,126,2026-08-08,2026-08-23,paid,USD,290.00,0.00,290.00,2026-08-17
1105,INV-001105,122,127,2024-04-17,2024-06-01,paid,USD,307930.00,0.00,307930.00,2024-04-20
1106,INV-001106,122,127,2025-04-17,2025-05-02,paid,USD,270270.00,0.00,270270.00,2025-04-17
1107,INV-001107,122,127,2026-04-17,2026-05-17,paid,USD,491700.00,0.00,491700.00,2026-04-20
1108,INV-001108,123,128,2025-02-09,2025-03-26,paid,USD,290.00,0.00,290.00,2025-02-28
1109,INV-001109,123,128,2025-03-09,2025-04-08,paid,USD,290.00,0.00,290.00,2025-03-09
1110,INV-001110,123,128,2025-04-09,2025-05-09,uncollectible,USD,290.00,0.00,290.00,
1111,INV-001111,123,128,2025-05-09,2025-06-08,paid,USD,290.00,0.00,290.00,2025-06-03
1112,INV-001112,123,128,2025-06-09,2025-07-24,paid,USD,290.00,0.00,290.00,2025-06-15
1113,INV-001113,123,128,2025-07-09,2025-08-23,paid,USD,290.00,0.00,290.00,2025-07-09
1114,INV-001114,123,128,2025-08-09,2025-09-08,paid,USD,290.00,0.00,290.00,2025-08-20
1115,INV-001115,123,128,2025-09-09,2025-10-09,uncollectible,USD,290.00,0.00,290.00,
1116,INV-001116,123,128,2025-10-09,2025-11-08,void,USD,290.00,0.00,290.00,
1117,INV-001117,123,128,2025-11-09,2025-11-24,paid,USD,290.00,0.00,290.00,2025-11-14
1118,INV-001118,123,128,2025-12-09,2026-01-08,paid,USD,290.00,0.00,290.00,2025-12-12
1119,INV-001119,123,128,2026-01-09,2026-02-23,paid,USD,290.00,0.00,290.00,2026-01-13
1120,INV-001120,123,128,2026-02-09,2026-03-26,paid,USD,261.00,0.00,261.00,2026-02-20
1121,INV-001121,123,128,2026-03-09,2026-04-08,paid,USD,261.00,0.00,261.00,2026-03-15
1122,INV-001122,123,128,2026-04-09,2026-04-24,paid,USD,261.00,0.00,261.00,2026-04-10
1123,INV-001123,123,128,2026-05-09,2026-06-08,paid,USD,261.00,0.00,261.00,2026-05-24
1124,INV-001124,123,128,2026-06-09,2026-07-09,paid,USD,261.00,0.00,261.00,2026-06-27
1125,INV-001125,123,128,2026-07-09,2026-08-23,paid,USD,261.00,0.00,261.00,2026-08-11
1126,INV-001126,123,128,2026-08-09,2026-09-08,paid,USD,261.00,0.00,261.00,2026-08-28
1127,INV-001127,124,129,2026-05-28,2026-06-27,paid,USD,290.00,0.00,290.00,2026-06-14
1128,INV-001128,124,129,2026-06-28,2026-08-12,paid,USD,290.00,0.00,290.00,2026-06-28
1129,INV-001129,124,129,2026-07-28,2026-09-11,paid,USD,290.00,0.00,290.00,2026-07-30
1130,INV-001130,124,129,2026-08-28,2026-09-12,paid,USD,290.00,0.00,290.00,2026-08-29
1131,INV-001131,125,130,2024-10-24,2024-11-23,paid,USD,203.00,0.00,203.00,2024-10-31
1132,INV-001132,125,130,2024-11-24,2024-12-24,paid,USD,203.00,0.00,203.00,2024-12-15
1133,INV-001133,125,130,2024-12-24,2025-01-08,paid,USD,203.00,0.00,203.00,2024-12-28
1134,INV-001134,125,130,2025-01-24,2025-02-23,paid,USD,203.00,0.00,203.00,2025-01-31
1135,INV-001135,125,130,2025-02-24,2025-04-10,paid,USD,203.00,0.00,203.00,2025-02-24
1136,INV-001136,125,130,2025-03-24,2025-04-23,paid,USD,203.00,0.00,203.00,2025-03-30
1137,INV-001137,125,130,2025-04-24,2025-05-24,paid,USD,203.00,0.00,203.00,2025-05-01
1138,INV-001138,125,130,2025-05-24,2025-07-08,paid,USD,203.00,0.00,203.00,2025-05-26
1139,INV-001139,125,130,2025-06-24,2025-08-08,paid,USD,203.00,0.00,203.00,2025-07-04
1140,INV-001140,125,130,2025-07-24,2025-08-23,paid,USD,203.00,0.00,203.00,2025-08-01
1141,INV-001141,125,130,2025-08-24,2025-10-08,paid,USD,203.00,0.00,203.00,2025-08-29
1142,INV-001142,125,130,2025-09-24,2025-10-24,paid,USD,203.00,0.00,203.00,2025-09-29
1143,INV-001143,125,130,2025-10-24,2025-11-08,paid,USD,232.00,0.00,232.00,2025-11-06
1144,INV-001144,125,130,2025-11-24,2025-12-24,paid,USD,232.00,0.00,232.00,2025-11-27
1145,INV-001145,125,130,2025-12-24,2026-01-23,paid,USD,232.00,0.00,232.00,2025-12-28
1146,INV-001146,125,130,2026-01-24,2026-02-23,paid,USD,232.00,0.00,232.00,2026-01-31
1147,INV-001147,125,130,2026-02-24,2026-03-26,paid,USD,232.00,0.00,232.00,2026-02-24
1148,INV-001148,125,130,2026-03-24,2026-04-23,paid,USD,232.00,0.00,232.00,2026-04-02
1149,INV-001149,126,131,2026-02-12,2026-02-27,paid,USD,261.00,0.00,261.00,2026-02-18
1150,INV-001150,126,131,2026-03-12,2026-03-27,paid,USD,261.00,0.00,261.00,2026-03-22
1151,INV-001151,126,131,2026-04-12,2026-04-27,paid,USD,261.00,0.00,261.00,2026-04-18
1152,INV-001152,126,131,2026-05-12,2026-06-26,paid,USD,261.00,0.00,261.00,2026-05-12
1153,INV-001153,126,131,2026-06-12,2026-07-12,paid,USD,261.00,0.00,261.00,2026-06-21
1154,INV-001154,126,131,2026-07-12,2026-08-11,paid,USD,261.00,0.00,261.00,2026-08-05
1155,INV-001155,126,131,2026-08-12,2026-08-27,paid,USD,261.00,0.00,261.00,2026-08-14
1156,INV-001156,127,132,2024-06-08,2024-07-08,paid,USD,290.00,0.00,290.00,2024-06-28
1157,INV-001157,127,132,2024-07-08,2024-08-07,paid,USD,290.00,0.00,290.00,2024-07-08
1158,INV-001158,127,132,2024-08-08,2024-09-22,paid,USD,290.00,0.00,290.00,2024-08-26
1159,INV-001159,127,132,2024-09-08,2024-10-08,paid,USD,232.00,0.00,232.00,2024-09-21
1160,INV-001160,127,132,2024-10-08,2024-11-07,paid,USD,232.00,0.00,232.00,2024-10-11
1161,INV-001161,127,132,2024-11-08,2024-12-23,paid,USD,232.00,0.00,232.00,2024-11-08
1162,INV-001162,127,132,2024-12-08,2025-01-07,paid,USD,261.00,0.00,261.00,2024-12-23
1163,INV-001163,128,133,2023-12-05,2024-01-04,paid,USD,15930.00,0.00,15930.00,2023-12-08
1164,INV-001164,128,133,2024-12-05,2024-12-20,paid,USD,23760.00,0.00,23760.00,2024-12-15
1165,INV-001165,128,133,2025-12-05,2026-01-04,paid,USD,34650.00,0.00,34650.00,2026-01-04
1166,INV-001166,129,134,2026-02-18,2026-04-04,paid,USD,183270.00,0.00,183270.00,2026-03-24
1167,INV-001167,130,135,2026-05-23,2026-07-07,paid,USD,116.00,0.00,116.00,2026-05-31
1168,INV-001168,130,135,2026-06-23,2026-07-23,paid,USD,116.00,0.00,116.00,2026-06-23
1169,INV-001169,130,135,2026-07-23,2026-08-22,paid,USD,116.00,0.00,116.00,2026-07-25
1170,INV-001170,130,135,2026-08-23,2026-09-22,paid,USD,116.00,0.00,116.00,2026-08-31
1171,INV-001171,131,136,2025-01-31,2025-03-02,paid,USD,413.00,0.00,413.00,2025-02-07
1172,INV-001172,131,136,2025-02-28,2025-03-30,paid,USD,413.00,0.00,413.00,2025-03-07
1173,INV-001173,131,136,2025-03-31,2025-04-30,paid,USD,413.00,0.00,413.00,2025-04-19
1174,INV-001174,131,136,2025-04-30,2025-05-15,paid,USD,413.00,0.00,413.00,2025-05-03
1175,INV-001175,131,136,2025-05-31,2025-07-15,paid,USD,413.00,0.00,413.00,2025-06-21
1176,INV-001176,131,136,2025-06-30,2025-07-15,paid,USD,413.00,0.00,413.00,2025-07-01
1177,INV-001177,131,136,2025-07-31,2025-09-14,paid,USD,203.00,0.00,203.00,2025-08-04
1178,INV-001178,131,136,2025-08-31,2025-09-30,paid,USD,203.00,0.00,203.00,2025-09-04
1179,INV-001179,131,136,2025-09-30,2025-10-30,paid,USD,203.00,0.00,203.00,2025-10-01
1180,INV-001180,131,136,2025-10-31,2025-12-15,paid,USD,203.00,0.00,203.00,2025-10-31
1181,INV-001181,131,136,2025-11-30,2025-12-30,paid,USD,203.00,0.00,203.00,2025-12-16
1182,INV-001182,131,136,2025-12-31,2026-01-30,paid,USD,203.00,0.00,203.00,2026-01-07
1183,INV-001183,131,136,2026-01-31,2026-03-17,paid,USD,232.00,0.00,232.00,2026-02-15
1184,INV-001184,131,136,2026-02-28,2026-04-14,paid,USD,232.00,0.00,232.00,2026-03-08
1185,INV-001185,131,136,2026-03-31,2026-05-15,paid,USD,232.00,0.00,232.00,2026-04-01
1186,INV-001186,131,136,2026-04-30,2026-05-30,paid,USD,232.00,0.00,232.00,2026-05-08
1187,INV-001187,131,136,2026-05-31,2026-07-15,paid,USD,232.00,0.00,232.00,2026-06-08
1188,INV-001188,131,136,2026-06-30,2026-08-14,paid,USD,232.00,0.00,232.00,2026-07-14
1189,INV-001189,131,136,2026-07-31,2026-08-30,paid,USD,232.00,0.00,232.00,2026-08-19
1190,INV-001190,131,136,2026-08-31,2026-09-30,open,USD,232.00,0.00,232.00,
1191,INV-001191,132,137,2025-01-07,2025-02-21,paid,USD,174.00,0.00,174.00,2025-01-10
1192,INV-001192,132,137,2025-02-07,2025-03-24,paid,USD,174.00,0.00,174.00,2025-02-10
1193,INV-001193,132,137,2025-03-07,2025-04-06,paid,USD,174.00,0.00,174.00,2025-03-24
1194,INV-001194,132,137,2025-04-07,2025-05-07,paid,USD,174.00,0.00,174.00,2025-04-07
1195,INV-001195,132,137,2025-05-07,2025-06-06,paid,USD,174.00,0.00,174.00,2025-05-20
1196,INV-001196,132,137,2025-06-07,2025-07-07,paid,USD,174.00,0.00,174.00,2025-06-07
1197,INV-001197,132,137,2025-07-07,2025-08-21,paid,USD,174.00,0.00,174.00,2025-07-09
1198,INV-001198,132,137,2025-08-07,2025-08-22,paid,USD,174.00,0.00,174.00,2025-08-14
1199,INV-001199,132,137,2025-09-07,2025-10-07,paid,USD,174.00,0.00,174.00,2025-09-07
1200,INV-001200,132,137,2025-10-07,2025-10-22,paid,USD,174.00,0.00,174.00,2025-10-15
1201,INV-001201,132,137,2025-11-07,2025-12-07,paid,USD,174.00,0.00,174.00,2025-12-04
1202,INV-001202,132,137,2025-12-07,2026-01-06,paid,USD,174.00,0.00,174.00,2025-12-14
1203,INV-001203,133,138,2024-12-03,2024-12-18,paid,USD,15339.96,0.00,15339.96,2024-12-15
1204,INV-001204,133,138,2025-12-03,2026-01-02,paid,USD,20649.96,0.00,20649.96,2025-12-03
1205,INV-001205,134,139,2025-07-13,2025-08-12,paid,USD,203.00,0.00,203.00,2025-08-02
1206,INV-001206,134,139,2025-08-13,2025-09-12,paid,USD,203.00,0.00,203.00,2025-08-20
1207,INV-001207,134,139,2025-09-13,2025-10-28,paid,USD,203.00,0.00,203.00,2025-09-21
1208,INV-001208,134,139,2025-10-13,2025-10-28,paid,USD,203.00,0.00,203.00,2025-10-16
1209,INV-001209,134,139,2025-11-13,2025-12-13,paid,USD,203.00,0.00,203.00,2025-11-15
1210,INV-001210,134,139,2025-12-13,2026-01-27,paid,USD,174.00,0.00,174.00,2025-12-13
1211,INV-001211,134,139,2026-01-13,2026-01-28,paid,USD,174.00,0.00,174.00,2026-01-31
1212,INV-001212,134,139,2026-02-13,2026-03-30,paid,USD,174.00,0.00,174.00,2026-02-16
1213,INV-001213,134,139,2026-03-13,2026-03-28,paid,USD,174.00,0.00,174.00,2026-03-16
1214,INV-001214,134,139,2026-04-13,2026-04-28,void,USD,174.00,0.00,174.00,
1215,INV-001215,134,139,2026-05-13,2026-05-28,paid,USD,174.00,0.00,174.00,2026-05-22
1216,INV-001216,134,139,2026-06-13,2026-06-28,paid,USD,174.00,0.00,174.00,2026-06-19
1217,INV-001217,134,139,2026-07-13,2026-07-28,paid,USD,174.00,0.00,174.00,2026-07-27
1218,INV-001218,134,139,2026-08-13,2026-08-28,paid,USD,174.00,0.00,174.00,2026-08-17
1219,INV-001219,135,140,2024-09-11,2024-10-11,paid,USD,914380.00,0.00,914380.00,2024-09-14
1220,INV-001220,135,140,2025-09-11,2025-10-26,paid,USD,988779.96,0.00,988779.96,2025-09-11
1221,INV-001221,136,141,2026-02-17,2026-03-19,paid,USD,472.00,0.00,472.00,2026-02-19
1222,INV-001222,136,141,2026-03-17,2026-04-16,paid,USD,472.00,0.00,472.00,2026-03-17
1223,INV-001223,136,141,2026-04-17,2026-05-02,paid,USD,472.00,0.00,472.00,2026-04-18
1224,INV-001224,136,141,2026-05-17,2026-07-01,paid,USD,472.00,0.00,472.00,2026-05-20
1225,INV-001225,136,141,2026-06-17,2026-07-17,paid,USD,472.00,0.00,472.00,2026-06-22
1226,INV-001226,136,141,2026-07-17,2026-08-31,paid,USD,472.00,0.00,472.00,2026-07-29
1227,INV-001227,136,141,2026-08-17,2026-10-01,paid,USD,472.00,0.00,472.00,2026-08-31
1228,INV-001228,137,142,2025-12-29,2026-02-12,paid,USD,531.00,0.00,531.00,2026-01-03
1229,INV-001229,137,142,2026-01-29,2026-02-28,paid,USD,531.00,0.00,531.00,2026-02-14
1230,INV-001230,137,142,2026-02-28,2026-04-14,paid,USD,531.00,0.00,531.00,2026-03-03
1231,INV-001231,138,143,2026-04-25,2026-05-25,paid,USD,58.00,0.00,58.00,2026-05-02
1232,INV-001232,138,143,2026-05-25,2026-06-24,paid,USD,58.00,0.00,58.00,2026-06-01
1233,INV-001233,138,143,2026-06-25,2026-07-25,void,USD,87.00,0.00,87.00,
1234,INV-001234,138,143,2026-07-25,2026-08-24,paid,USD,87.00,0.00,87.00,2026-07-27
1235,INV-001235,138,143,2026-08-25,2026-09-24,paid,USD,87.00,0.00,87.00,2026-08-25
1236,INV-001236,139,144,2025-07-21,2025-09-04,paid,USD,50660.04,0.00,50660.04,2025-08-03
1237,INV-001237,139,144,2026-07-21,2026-08-20,paid,USD,50660.04,0.00,50660.04,2026-07-27
1238,INV-001238,140,145,2025-01-17,2025-03-03,paid,USD,112380.00,0.00,112380.00,2025-01-21
1239,INV-001239,140,145,2026-01-17,2026-02-01,paid,USD,196680.00,0.00,196680.00,2026-01-26
1240,INV-001240,141,146,2023-10-30,2023-11-14,paid,USD,2970.00,0.00,2970.00,2023-10-30
1241,INV-001241,141,146,2024-10-30,2024-11-29,paid,USD,2970.00,0.00,2970.00,2024-11-01
1242,INV-001242,141,146,2025-10-30,2025-11-29,paid,USD,4470.00,0.00,4470.00,2025-11-10
1243,INV-001243,142,147,2026-07-05,2026-08-19,paid,USD,1062.00,0.00,1062.00,2026-07-10
1244,INV-001244,142,147,2026-08-05,2026-08-20,paid,USD,1062.00,0.00,1062.00,2026-08-11
1245,INV-001245,143,148,2026-03-24,2026-04-08,paid,USD,87.00,0.00,87.00,2026-03-24
1246,INV-001246,143,148,2026-04-24,2026-05-24,paid,USD,87.00,0.00,87.00,2026-04-28
1247,INV-001247,143,148,2026-05-24,2026-06-23,paid,USD,87.00,0.00,87.00,2026-05-24
1248,INV-001248,143,148,2026-06-24,2026-08-08,paid,USD,87.00,0.00,87.00,2026-06-25
1249,INV-001249,143,148,2026-07-24,2026-08-08,paid,USD,87.00,0.00,87.00,2026-07-24
1250,INV-001250,143,148,2026-08-24,2026-10-08,paid,USD,87.00,0.00,87.00,2026-08-31
1251,INV-001251,144,149,2023-05-02,2023-06-16,paid,USD,22884.00,0.00,22884.00,2023-05-03
1252,INV-001252,144,149,2024-05-02,2024-06-16,paid,USD,21384.00,0.00,21384.00,2024-05-14
1253,INV-001253,144,149,2025-05-02,2025-06-01,paid,USD,26820.00,0.00,26820.00,2025-05-08
1254,INV-001254,144,149,2026-05-02,2026-05-17,paid,USD,17820.00,0.00,17820.00,2026-05-12
1255,INV-001255,145,150,2023-01-04,2023-02-03,paid,USD,290.00,0.00,290.00,2023-01-08
1256,INV-001256,145,150,2023-02-04,2023-02-19,paid,USD,290.00,0.00,290.00,2023-02-11
1257,INV-001257,145,150,2023-03-04,2023-04-03,paid,USD,290.00,0.00,290.00,2023-03-08
1258,INV-001258,145,150,2023-04-04,2023-04-19,paid,USD,290.00,0.00,290.00,2023-04-04
1259,INV-001259,145,150,2023-05-04,2023-06-03,paid,USD,290.00,0.00,290.00,2023-05-16
1260,INV-001260,146,151,2026-01-17,2026-02-16,paid,USD,15930.00,0.00,15930.00,2026-01-18
1261,INV-001261,147,152,2023-02-08,2023-03-10,paid,USD,58.00,0.00,58.00,2023-02-16
1262,INV-001262,147,152,2023-03-08,2023-03-23,paid,USD,58.00,0.00,58.00,2023-03-16
1263,INV-001263,147,152,2023-04-08,2023-05-23,paid,USD,58.00,0.00,58.00,2023-04-24
1264,INV-001264,147,152,2023-05-08,2023-06-22,paid,USD,58.00,0.00,58.00,2023-05-19
1265,INV-001265,147,152,2023-06-08,2023-06-23,paid,USD,58.00,0.00,58.00,2023-06-08
1266,INV-001266,147,152,2023-07-08,2023-07-23,paid,USD,58.00,0.00,58.00,2023-07-12
1267,INV-001267,147,152,2023-08-08,2023-08-23,paid,USD,58.00,0.00,58.00,2023-08-11
1268,INV-001268,147,152,2023-09-08,2023-10-08,paid,USD,58.00,0.00,58.00,2023-09-25
1269,INV-001269,147,152,2023-10-08,2023-11-22,paid,USD,58.00,0.00,58.00,2023-11-17
1270,INV-001270,147,152,2023-11-08,2023-12-08,paid,USD,58.00,0.00,58.00,2023-11-17
1271,INV-001271,147,152,2023-12-08,2024-01-22,paid,USD,58.00,0.00,58.00,2023-12-13
1272,INV-001272,147,152,2024-01-08,2024-02-07,paid,USD,58.00,0.00,58.00,2024-01-15
1273,INV-001273,147,152,2024-02-08,2024-03-24,paid,USD,58.00,0.00,58.00,2024-02-20
1274,INV-001274,147,152,2024-03-08,2024-04-07,paid,USD,58.00,0.00,58.00,2024-04-01
1275,INV-001275,147,152,2024-04-08,2024-05-08,paid,USD,58.00,0.00,58.00,2024-04-14
1276,INV-001276,147,152,2024-05-08,2024-06-07,paid,USD,58.00,0.00,58.00,2024-05-08
1277,INV-001277,147,152,2024-06-08,2024-07-23,paid,USD,58.00,0.00,58.00,2024-06-09
1278,INV-001278,147,152,2024-07-08,2024-08-07,paid,USD,58.00,0.00,58.00,2024-07-13
1279,INV-001279,147,152,2024-08-08,2024-08-23,paid,USD,58.00,0.00,58.00,2024-08-16
1280,INV-001280,147,152,2024-09-08,2024-10-08,paid,USD,58.00,0.00,58.00,2024-09-18
1281,INV-001281,147,152,2024-10-08,2024-10-23,paid,USD,58.00,0.00,58.00,2024-10-15
1282,INV-001282,147,152,2024-11-08,2024-12-23,paid,USD,58.00,0.00,58.00,2024-12-18
1283,INV-001283,147,152,2024-12-08,2025-01-07,paid,USD,58.00,0.00,58.00,2025-01-10
1284,INV-001284,147,152,2025-01-08,2025-02-07,paid,USD,58.00,0.00,58.00,2025-01-09
1285,INV-001285,147,152,2025-02-08,2025-03-10,paid,USD,87.00,0.00,87.00,2025-02-08
1286,INV-001286,147,152,2025-03-08,2025-04-07,paid,USD,87.00,0.00,87.00,2025-04-02
1287,INV-001287,147,152,2025-04-08,2025-05-08,paid,USD,87.00,0.00,87.00,2025-04-24
1288,INV-001288,147,152,2025-05-08,2025-06-22,paid,USD,87.00,0.00,87.00,2025-05-09
1289,INV-001289,147,152,2025-06-08,2025-07-08,paid,USD,87.00,0.00,87.00,2025-07-18
1290,INV-001290,147,152,2025-07-08,2025-07-23,paid,USD,87.00,0.00,87.00,2025-07-12
1291,INV-001291,147,152,2025-08-08,2025-09-22,paid,USD,116.00,0.00,116.00,2025-08-19
1292,INV-001292,147,152,2025-09-08,2025-09-23,paid,USD,116.00,0.00,116.00,2025-09-08
1293,INV-001293,147,152,2025-10-08,2025-10-23,paid,USD,116.00,0.00,116.00,2025-10-10
1294,INV-001294,147,152,2025-11-08,2025-12-08,paid,USD,116.00,0.00,116.00,2025-11-08
1295,INV-001295,147,152,2025-12-08,2026-01-22,paid,USD,116.00,0.00,116.00,2025-12-08
1296,INV-001296,147,152,2026-01-08,2026-01-23,paid,USD,116.00,0.00,116.00,2026-01-17
1297,INV-001297,147,152,2026-02-08,2026-02-23,paid,USD,116.00,0.00,116.00,2026-02-19
1298,INV-001298,147,152,2026-03-08,2026-03-23,paid,USD,116.00,0.00,116.00,2026-03-15
1299,INV-001299,147,152,2026-04-08,2026-04-23,paid,USD,116.00,0.00,116.00,2026-04-12
1300,INV-001300,147,152,2026-05-08,2026-05-23,paid,USD,116.00,0.00,116.00,2026-05-13
1301,INV-001301,147,152,2026-06-08,2026-07-23,paid,USD,236.00,0.00,236.00,2026-06-24
1302,INV-001302,147,152,2026-07-08,2026-08-22,paid,USD,236.00,0.00,236.00,2026-07-19
1303,INV-001303,147,152,2026-08-08,2026-09-07,paid,USD,236.00,0.00,236.00,2026-08-10
1304,INV-001304,148,153,2023-02-10,2023-03-27,paid,USD,1868.33,0.00,1868.33,2023-03-11
1305,INV-001305,148,153,2023-03-10,2023-03-25,paid,USD,1868.33,0.00,1868.33,2023-03-10
1306,INV-001306,148,153,2023-04-10,2023-05-10,paid,USD,2163.33,0.00,2163.33,2023-04-16
1307,INV-001307,148,153,2023-05-10,2023-06-09,paid,USD,2163.33,0.00,2163.33,2023-05-10
1308,INV-001308,148,153,2023-06-10,2023-07-10,paid,USD,2163.33,0.00,2163.33,2023-07-05
1309,INV-001309,148,153,2023-07-10,2023-08-09,paid,USD,290.00,0.00,290.00,2023-07-11
1310,INV-001310,148,153,2023-08-10,2023-09-24,paid,USD,290.00,0.00,290.00,2023-08-15
1311,INV-001311,148,153,2023-09-10,2023-10-10,paid,USD,290.00,0.00,290.00,2023-09-25
1312,INV-001312,148,153,2023-10-10,2023-11-09,paid,USD,290.00,0.00,290.00,2023-10-27
1313,INV-001313,148,153,2023-11-10,2023-12-10,paid,USD,290.00,0.00,290.00,2023-11-16
1314,INV-001314,148,153,2023-12-10,2024-01-24,paid,USD,290.00,0.00,290.00,2023-12-10
1315,INV-001315,148,153,2024-01-10,2024-01-25,paid,USD,290.00,0.00,290.00,2024-01-19
1316,INV-001316,148,153,2024-02-10,2024-02-25,paid,USD,290.00,0.00,290.00,2024-02-12
1317,INV-001317,148,153,2024-03-10,2024-04-09,paid,USD,290.00,0.00,290.00,2024-03-27
1318,INV-001318,148,153,2024-04-10,2024-05-25,paid,USD,290.00,0.00,290.00,2024-04-16
1319,INV-001319,148,153,2024-05-10,2024-06-09,paid,USD,290.00,0.00,290.00,2024-05-10
1320,INV-001320,148,153,2024-06-10,2024-07-25,paid,USD,290.00,0.00,290.00,2024-06-19
1321,INV-001321,148,153,2024-07-10,2024-08-09,paid,USD,290.00,0.00,290.00,2024-07-30
1322,INV-001322,148,153,2024-08-10,2024-08-25,paid,USD,290.00,0.00,290.00,2024-08-10
1323,INV-001323,148,153,2024-09-10,2024-09-25,paid,USD,290.00,0.00,290.00,2024-09-16
1324,INV-001324,148,153,2024-10-10,2024-11-24,paid,USD,290.00,0.00,290.00,2024-10-10
1325,INV-001325,148,153,2024-11-10,2024-12-25,paid,USD,290.00,0.00,290.00,2024-11-13
1326,INV-001326,148,153,2024-12-10,2024-12-25,paid,USD,290.00,0.00,290.00,2024-12-12
1327,INV-001327,148,153,2025-01-10,2025-01-25,paid,USD,290.00,0.00,290.00,2025-01-16
1328,INV-001328,148,153,2025-02-10,2025-03-12,paid,USD,290.00,0.00,290.00,2025-02-23
1329,INV-001329,148,153,2025-03-10,2025-04-24,paid,USD,290.00,0.00,290.00,2025-03-18
1330,INV-001330,148,153,2025-04-10,2025-05-10,paid,USD,290.00,0.00,290.00,2025-04-21
1331,INV-001331,148,153,2025-05-10,2025-05-25,paid,USD,290.00,0.00,290.00,2025-06-05
1332,INV-001332,148,153,2025-06-10,2025-06-25,paid,USD,290.00,0.00,290.00,2025-06-11
1333,INV-001333,148,153,2025-07-10,2025-08-09,paid,USD,290.00,0.00,290.00,2025-07-10
1334,INV-001334,148,153,2025-08-10,2025-09-09,paid,USD,290.00,0.00,290.00,2025-08-22
1335,INV-001335,148,153,2025-09-10,2025-09-25,paid,USD,290.00,0.00,290.00,2025-09-10
1336,INV-001336,148,153,2025-10-10,2025-11-09,paid,USD,290.00,0.00,290.00,2025-10-23
1337,INV-001337,148,153,2025-11-10,2025-12-10,paid,USD,290.00,0.00,290.00,2025-12-03
1338,INV-001338,148,153,2025-12-10,2026-01-24,paid,USD,590.00,0.00,590.00,2025-12-13
1339,INV-001339,148,153,2026-01-10,2026-02-09,paid,USD,590.00,0.00,590.00,2026-01-18
1340,INV-001340,148,153,2026-02-10,2026-03-12,paid,USD,590.00,0.00,590.00,2026-02-13
1341,INV-001341,148,153,2026-03-10,2026-04-09,paid,USD,590.00,0.00,590.00,2026-03-17
1342,INV-001342,148,153,2026-04-10,2026-05-25,uncollectible,USD,590.00,0.00,590.00,
1343,INV-001343,148,153,2026-05-10,2026-05-25,paid,USD,590.00,0.00,590.00,2026-05-11
1344,INV-001344,148,153,2026-06-10,2026-07-10,paid,USD,590.00,0.00,590.00,2026-06-20
1345,INV-001345,148,153,2026-07-10,2026-08-09,paid,USD,590.00,0.00,590.00,2026-07-23
1346,INV-001346,148,153,2026-08-10,2026-09-09,paid,USD,590.00,0.00,590.00,2026-08-23
1347,INV-001347,149,154,2024-04-15,2024-04-30,paid,USD,17700.00,0.00,17700.00,2024-04-17
1348,INV-001348,149,154,2025-04-15,2025-05-15,paid,USD,17700.00,0.00,17700.00,2025-04-16
1349,INV-001349,150,155,2024-10-04,2024-10-19,paid,USD,66528.00,0.00,66528.00,2024-10-06
1350,INV-001350,150,155,2025-10-04,2025-11-03,paid,USD,70029.96,0.00,70029.96,2025-10-08
1351,INV-001351,151,156,2025-07-05,2025-08-04,paid,USD,295.00,0.00,295.00,2025-07-05
1352,INV-001352,151,156,2025-08-05,2025-09-04,paid,USD,295.00,0.00,295.00,2025-08-10
1353,INV-001353,151,156,2025-09-05,2025-10-20,paid,USD,295.00,0.00,295.00,2025-09-10
1354,INV-001354,152,157,2024-01-23,2024-02-22,paid,USD,116.00,0.00,116.00,2024-02-02
1355,INV-001355,152,157,2024-02-23,2024-03-24,paid,USD,116.00,0.00,116.00,2024-03-04
1356,INV-001356,152,157,2024-03-23,2024-04-07,paid,USD,87.00,0.00,87.00,2024-04-05
1357,INV-001357,152,157,2024-04-23,2024-05-08,paid,USD,87.00,0.00,87.00,2024-05-16
1358,INV-001358,152,157,2024-05-23,2024-06-07,paid,USD,87.00,0.00,87.00,2024-05-28
1359,INV-001359,152,157,2024-06-23,2024-07-23,paid,USD,87.00,0.00,87.00,2024-06-24
1360,INV-001360,152,157,2024-07-23,2024-08-22,paid,USD,87.00,0.00,87.00,2024-07-28
1361,INV-001361,152,157,2024-08-23,2024-10-07,paid,USD,87.00,0.00,87.00,2024-09-05
1362,INV-001362,152,157,2024-09-23,2024-10-23,paid,USD,177.00,0.00,177.00,2024-09-29
1363,INV-001363,152,157,2024-10-23,2024-11-07,paid,USD,177.00,0.00,177.00,2024-10-29
1364,INV-001364,152,157,2024-11-23,2024-12-23,paid,USD,177.00,0.00,177.00,2024-12-13
1365,INV-001365,152,157,2024-12-23,2025-02-06,paid,USD,177.00,0.00,177.00,2024-12-24
1366,INV-001366,152,157,2025-01-23,2025-02-22,paid,USD,177.00,0.00,177.00,2025-01-28
1367,INV-001367,152,157,2025-02-23,2025-04-09,paid,USD,236.00,0.00,236.00,2025-02-28
1368,INV-001368,152,157,2025-03-23,2025-04-07,paid,USD,236.00,0.00,236.00,2025-03-27
1369,INV-001369,152,157,2025-04-23,2025-05-23,paid,USD,236.00,0.00,236.00,2025-04-25
1370,INV-001370,152,157,2025-05-23,2025-06-22,paid,USD,236.00,0.00,236.00,2025-05-31
1371,INV-001371,152,157,2025-06-23,2025-08-07,paid,USD,236.00,0.00,236.00,2025-06-25
1372,INV-001372,152,157,2025-07-23,2025-08-22,paid,USD,236.00,0.00,236.00,2025-08-01
1373,INV-001373,152,157,2025-08-23,2025-09-07,paid,USD,236.00,0.00,236.00,2025-09-05
1374,INV-001374,152,157,2025-09-23,2025-10-23,paid,USD,295.00,0.00,295.00,2025-10-05
1375,INV-001375,152,157,2025-10-23,2025-11-22,paid,USD,295.00,0.00,295.00,2025-10-29
1376,INV-001376,152,157,2025-11-23,2026-01-07,paid,USD,295.00,0.00,295.00,2025-11-26
1377,INV-001377,152,157,2025-12-23,2026-01-22,paid,USD,236.00,0.00,236.00,2026-01-05
1378,INV-001378,152,157,2026-01-23,2026-02-07,paid,USD,236.00,0.00,236.00,2026-01-26
1379,INV-001379,152,157,2026-02-23,2026-04-09,paid,USD,236.00,0.00,236.00,2026-02-27
1380,INV-001380,152,157,2026-03-23,2026-04-22,paid,USD,236.00,0.00,236.00,2026-03-23
1381,INV-001381,152,157,2026-04-23,2026-05-23,paid,USD,236.00,0.00,236.00,2026-05-10
1382,INV-001382,152,157,2026-05-23,2026-07-07,paid,USD,116.00,0.00,116.00,2026-05-27
1383,INV-001383,152,157,2026-06-23,2026-07-23,paid,USD,116.00,0.00,116.00,2026-07-12
1384,INV-001384,152,157,2026-07-23,2026-09-06,paid,USD,116.00,0.00,116.00,2026-07-23
1385,INV-001385,152,157,2026-08-23,2026-10-07,paid,USD,236.00,0.00,236.00,2026-08-27
1386,INV-001386,153,158,2023-10-29,2023-11-28,paid,USD,203.00,0.00,203.00,2023-11-06
1387,INV-001387,153,158,2023-11-29,2023-12-29,paid,USD,203.00,0.00,203.00,2023-12-20
1388,INV-001388,153,158,2023-12-29,2024-01-28,paid,USD,203.00,0.00,203.00,2024-01-03
1389,INV-001389,153,158,2024-01-29,2024-02-13,paid,USD,261.00,0.00,261.00,2024-01-29
1390,INV-001390,153,158,2024-02-29,2024-03-30,paid,USD,261.00,0.00,261.00,2024-03-08
1391,INV-001391,153,158,2024-03-29,2024-05-13,paid,USD,261.00,0.00,261.00,2024-03-29
1392,INV-001392,153,158,2024-04-29,2024-05-29,paid,USD,261.00,0.00,261.00,2024-04-30
1393,INV-001393,153,158,2024-05-29,2024-06-28,paid,USD,290.00,0.00,290.00,2024-05-29
1394,INV-001394,153,158,2024-06-29,2024-08-13,paid,USD,290.00,0.00,290.00,2024-06-29
1395,INV-001395,153,158,2024-07-29,2024-08-28,paid,USD,290.00,0.00,290.00,2024-08-04
1396,INV-001396,153,158,2024-08-29,2024-09-13,paid,USD,290.00,0.00,290.00,2024-09-04
1397,INV-001397,153,158,2024-09-29,2024-10-29,paid,USD,290.00,0.00,290.00,2024-10-03
1398,INV-001398,153,158,2024-10-29,2024-11-28,paid,USD,290.00,0.00,290.00,2024-11-10
1399,INV-001399,154,159,2026-03-11,2026-03-26,paid,USD,58.00,0.00,58.00,2026-03-30
1400,INV-001400,154,159,2026-04-11,2026-05-11,paid,USD,58.00,0.00,58.00,2026-04-19
1401,INV-001401,154,159,2026-05-11,2026-05-26,paid,USD,58.00,0.00,58.00,2026-05-16
1402,INV-001402,155,160,2024-09-09,2024-10-09,paid,USD,203.00,0.00,203.00,2024-09-10
1403,INV-001403,155,160,2024-10-09,2024-11-23,uncollectible,USD,203.00,0.00,203.00,
1404,INV-001404,155,160,2024-11-09,2024-11-24,paid,USD,174.00,0.00,174.00,2024-11-09
1405,INV-001405,155,160,2024-12-09,2025-01-08,paid,USD,174.00,0.00,174.00,2024-12-10
1406,INV-001406,155,160,2025-01-09,2025-02-08,paid,USD,354.00,0.00,354.00,2025-01-19
1407,INV-001407,155,160,2025-02-09,2025-03-11,paid,USD,354.00,0.00,354.00,2025-03-10
1408,INV-001408,155,160,2025-03-09,2025-04-23,paid,USD,354.00,0.00,354.00,2025-03-18
1409,INV-001409,155,160,2025-04-09,2025-05-09,paid,USD,354.00,0.00,354.00,2025-04-11
1410,INV-001410,155,160,2025-05-09,2025-06-23,paid,USD,354.00,0.00,354.00,2025-05-26
1411,INV-001411,155,160,2025-06-09,2025-07-09,paid,USD,354.00,0.00,354.00,2025-06-19
1412,INV-001412,155,160,2025-07-09,2025-08-08,paid,USD,354.00,0.00,354.00,2025-07-12
1413,INV-001413,155,160,2025-08-09,2025-08-24,paid,USD,354.00,0.00,354.00,2025-08-09
1414,INV-001414,155,160,2025-09-09,2025-10-09,paid,USD,354.00,0.00,354.00,2025-09-14
1415,INV-001415,155,160,2025-10-09,2025-11-23,paid,USD,354.00,0.00,354.00,2025-10-10
1416,INV-001416,156,161,2025-03-21,2025-04-05,paid,USD,8950.00,0.00,8950.00,2025-03-21
1417,INV-001417,156,161,2026-03-21,2026-04-20,paid,USD,7920.00,0.00,7920.00,2026-03-26
1418,INV-001418,157,162,2025-12-22,2026-02-05,paid,USD,382500.04,0.00,382500.04,2026-01-04
1419,INV-001419,158,163,2026-05-21,2026-06-05,paid,USD,290.00,0.00,290.00,2026-06-03
1420,INV-001420,158,163,2026-06-21,2026-07-06,paid,USD,290.00,0.00,290.00,2026-06-29
1421,INV-001421,158,163,2026-07-21,2026-08-05,paid,USD,290.00,0.00,290.00,2026-08-01
1422,INV-001422,159,164,2025-10-04,2025-11-03,paid,USD,7670.04,0.00,7670.04,2025-10-14
1423,INV-001423,160,165,2025-08-24,2025-10-08,paid,USD,295.00,0.00,295.00,2025-09-02
1424,INV-001424,160,165,2025-09-24,2025-10-24,paid,USD,295.00,0.00,295.00,2025-09-28
1425,INV-001425,160,165,2025-10-24,2025-12-08,paid,USD,295.00,0.00,295.00,2025-11-01
1426,INV-001426,160,165,2025-11-24,2025-12-24,paid,USD,295.00,0.00,295.00,2025-11-29
1427,INV-001427,160,165,2025-12-24,2026-01-23,paid,USD,174.00,0.00,174.00,2025-12-28
1428,INV-001428,160,165,2026-01-24,2026-03-10,paid,USD,174.00,0.00,174.00,2026-01-25
1429,INV-001429,160,165,2026-02-24,2026-04-10,paid,USD,174.00,0.00,174.00,2026-03-03
1430,INV-001430,160,165,2026-03-24,2026-04-08,paid,USD,174.00,0.00,174.00,2026-03-28
1431,INV-001431,160,165,2026-04-24,2026-06-08,paid,USD,174.00,0.00,174.00,2026-04-29
1432,INV-001432,160,165,2026-05-24,2026-06-23,paid,USD,174.00,0.00,174.00,2026-05-27
1433,INV-001433,160,165,2026-06-24,2026-07-24,paid,USD,174.00,0.00,174.00,2026-06-28
1434,INV-001434,160,165,2026-07-24,2026-09-07,paid,USD,174.00,0.00,174.00,2026-08-01
1435,INV-001435,160,165,2026-08-24,2026-09-23,paid,USD,174.00,0.00,174.00,2026-08-31
1436,INV-001436,161,166,2026-06-25,2026-07-10,paid,USD,472.00,0.00,472.00,2026-06-26
1437,INV-001437,161,166,2026-07-25,2026-08-24,paid,USD,472.00,0.00,472.00,2026-07-31
1438,INV-001438,161,166,2026-08-25,2026-09-24,paid,USD,531.00,0.00,531.00,2026-08-31
1439,INV-001439,162,167,2026-01-16,2026-02-15,paid,USD,290.00,0.00,290.00,2026-02-07
1440,INV-001440,162,167,2026-02-16,2026-03-03,paid,USD,290.00,0.00,290.00,2026-03-02
1441,INV-001441,162,167,2026-03-16,2026-03-31,paid,USD,290.00,0.00,290.00,2026-04-15
1442,INV-001442,162,167,2026-04-16,2026-05-31,paid,USD,290.00,0.00,290.00,2026-04-23
1443,INV-001443,162,167,2026-05-16,2026-06-30,paid,USD,290.00,0.00,290.00,2026-05-25
1444,INV-001444,162,167,2026-06-16,2026-07-31,paid,USD,290.00,0.00,290.00,2026-07-05
1445,INV-001445,162,167,2026-07-16,2026-08-15,paid,USD,290.00,0.00,290.00,2026-07-29
1446,INV-001446,162,167,2026-08-16,2026-09-15,paid,USD,290.00,0.00,290.00,2026-08-19
1447,INV-001447,163,168,2024-10-06,2024-11-20,paid,USD,15930.00,0.00,15930.00,2024-10-12
1448,INV-001448,164,169,2025-04-13,2025-05-28,paid,USD,261.00,0.00,261.00,2025-04-23
1449,INV-001449,164,169,2025-05-13,2025-06-12,paid,USD,261.00,0.00,261.00,2025-05-26
1450,INV-001450,164,169,2025-06-13,2025-07-13,paid,USD,261.00,0.00,261.00,2025-07-06
1451,INV-001451,164,169,2025-07-13,2025-07-28,paid,USD,261.00,0.00,261.00,2025-07-13
1452,INV-001452,164,169,2025-08-13,2025-09-12,paid,USD,261.00,0.00,261.00,2025-08-15
1453,INV-001453,164,169,2025-09-13,2025-10-13,paid,USD,261.00,0.00,261.00,2025-09-25
1454,INV-001454,164,169,2025-10-13,2025-11-27,paid,USD,261.00,0.00,261.00,2025-10-15
1455,INV-001455,164,169,2025-11-13,2025-12-13,paid,USD,261.00,0.00,261.00,2025-12-03
1456,INV-001456,164,169,2025-12-13,2026-01-12,paid,USD,261.00,0.00,261.00,2025-12-14
1457,INV-001457,164,169,2026-01-13,2026-01-28,paid,USD,261.00,0.00,261.00,2026-01-16
1458,INV-001458,164,169,2026-02-13,2026-03-15,paid,USD,261.00,0.00,261.00,2026-02-18
1459,INV-001459,164,169,2026-03-13,2026-03-28,paid,USD,261.00,0.00,261.00,2026-03-24
1460,INV-001460,164,169,2026-04-13,2026-05-13,paid,USD,261.00,0.00,261.00,2026-04-18
1461,INV-001461,164,169,2026-05-13,2026-06-12,paid,USD,261.00,0.00,261.00,2026-05-15
1462,INV-001462,164,169,2026-06-13,2026-07-28,paid,USD,261.00,0.00,261.00,2026-06-29
1463,INV-001463,164,169,2026-07-13,2026-08-12,paid,USD,261.00,0.00,261.00,2026-07-28
1464,INV-001464,164,169,2026-08-13,2026-08-28,paid,USD,261.00,0.00,261.00,2026-08-25
1465,INV-001465,165,170,2024-11-02,2024-12-02,paid,USD,151050.00,0.00,151050.00,2024-11-09
1466,INV-001466,165,170,2025-11-02,2025-11-17,paid,USD,210870.00,0.00,210870.00,2025-11-14
1467,INV-001467,166,171,2025-04-09,2025-05-24,paid,USD,472.00,0.00,472.00,2025-04-12
1468,INV-001468,166,171,2025-05-09,2025-06-08,paid,USD,472.00,0.00,472.00,2025-05-11
1469,INV-001469,166,171,2025-06-09,2025-06-24,paid,USD,472.00,0.00,472.00,2025-06-10
1470,INV-001470,166,171,2025-07-09,2025-07-24,paid,USD,472.00,0.00,472.00,2025-07-22
1471,INV-001471,166,171,2025-08-09,2025-08-24,paid,USD,472.00,0.00,472.00,2025-08-12
1472,INV-001472,166,171,2025-09-09,2025-10-09,void,USD,354.00,0.00,354.00,
1473,INV-001473,166,171,2025-10-09,2025-10-24,paid,USD,354.00,0.00,354.00,2025-10-11
1474,INV-001474,166,171,2025-11-09,2025-11-24,paid,USD,354.00,0.00,354.00,2025-11-11
1475,INV-001475,166,171,2025-12-09,2026-01-23,paid,USD,354.00,0.00,354.00,2025-12-15
1476,INV-001476,167,172,2024-09-30,2024-10-15,paid,USD,18810.00,0.00,18810.00,2024-10-07
1477,INV-001477,168,173,2025-02-12,2025-03-14,paid,USD,4130.04,0.00,4130.04,2025-02-18
1478,INV-001478,168,173,2026-02-12,2026-03-14,paid,USD,7920.00,0.00,7920.00,2026-02-15
1479,INV-001479,169,174,2025-03-26,2025-04-10,paid,USD,5079.00,0.00,5079.00,2025-03-26
1480,INV-001480,169,174,2025-04-26,2025-05-26,paid,USD,2458.33,0.00,2458.33,2025-05-08
1481,INV-001481,169,174,2025-05-26,2025-06-10,paid,USD,2458.33,0.00,2458.33,2025-05-27
1482,INV-001482,169,174,2025-06-26,2025-07-11,paid,USD,2458.33,0.00,2458.33,2025-07-01
1483,INV-001483,169,174,2025-07-26,2025-08-10,paid,USD,290.00,0.00,290.00,2025-07-28
1484,INV-001484,169,174,2025-08-26,2025-09-10,paid,USD,290.00,0.00,290.00,2025-09-08
1485,INV-001485,169,174,2025-09-26,2025-10-11,paid,USD,290.00,0.00,290.00,2025-09-29
1486,INV-001486,169,174,2025-10-26,2025-11-25,paid,USD,290.00,0.00,290.00,2025-10-27
1487,INV-001487,169,174,2025-11-26,2025-12-26,paid,USD,290.00,0.00,290.00,2025-12-06
1488,INV-001488,169,174,2025-12-26,2026-01-10,paid,USD,290.00,0.00,290.00,2025-12-27
1489,INV-001489,169,174,2026-01-26,2026-02-25,paid,USD,290.00,0.00,290.00,2026-02-05
1490,INV-001490,169,174,2026-02-26,2026-03-28,paid,USD,290.00,0.00,290.00,2026-03-18
1491,INV-001491,169,174,2026-03-26,2026-04-10,paid,USD,290.00,0.00,290.00,2026-03-28
1492,INV-001492,169,174,2026-04-26,2026-05-11,paid,USD,290.00,0.00,290.00,2026-04-27
1493,INV-001493,169,174,2026-05-26,2026-06-10,paid,USD,290.00,0.00,290.00,2026-05-29
1494,INV-001494,169,174,2026-06-26,2026-07-11,paid,USD,290.00,0.00,290.00,2026-07-03
1495,INV-001495,169,174,2026-07-26,2026-08-25,paid,USD,290.00,0.00,290.00,2026-08-21
1496,INV-001496,169,174,2026-08-26,2026-10-10,open,USD,290.00,0.00,290.00,
1497,INV-001497,170,175,2025-06-12,2025-07-12,paid,USD,472.00,0.00,472.00,2025-06-25
1498,INV-001498,170,175,2025-07-12,2025-07-27,paid,USD,472.00,0.00,472.00,2025-07-24
1499,INV-001499,170,175,2025-08-12,2025-09-11,paid,USD,472.00,0.00,472.00,2025-08-26
1500,INV-001500,170,175,2025-09-12,2025-10-12,paid,USD,472.00,0.00,472.00,2025-09-21
1501,INV-001501,170,175,2025-10-12,2025-11-26,paid,USD,472.00,0.00,472.00,2025-11-04
1502,INV-001502,170,175,2025-11-12,2025-12-27,paid,USD,472.00,0.00,472.00,2025-11-16
1503,INV-001503,170,175,2025-12-12,2025-12-27,paid,USD,841.00,0.00,841.00,2025-12-12
1504,INV-001504,170,175,2026-01-12,2026-02-26,paid,USD,792.00,0.00,792.00,2026-01-21
1505,INV-001505,171,176,2024-05-22,2024-06-21,paid,USD,290.00,0.00,290.00,2024-05-22
1506,INV-001506,171,176,2024-06-22,2024-07-22,paid,USD,290.00,0.00,290.00,2024-06-30
1507,INV-001507,171,176,2024-07-22,2024-08-21,paid,USD,290.00,0.00,290.00,2024-08-04
1508,INV-001508,171,176,2024-08-22,2024-10-06,paid,USD,290.00,0.00,290.00,2024-09-15
1509,INV-001509,171,176,2024-09-22,2024-10-07,paid,USD,290.00,0.00,290.00,2024-09-29
1510,INV-001510,171,176,2024-10-22,2024-12-06,paid,USD,290.00,0.00,290.00,2024-10-23
1511,INV-001511,171,176,2024-11-22,2024-12-22,paid,USD,290.00,0.00,290.00,2024-11-29
1512,INV-001512,171,176,2024-12-22,2025-01-21,paid,USD,290.00,0.00,290.00,2024-12-22
1513,INV-001513,171,176,2025-01-22,2025-02-21,paid,USD,290.00,0.00,290.00,2025-01-26
1514,INV-001514,172,177,2022-12-07,2022-12-22,paid,USD,290.00,0.00,290.00,2022-12-23
1515,INV-001515,172,177,2023-01-07,2023-01-22,paid,USD,290.00,0.00,290.00,2023-01-24
1516,INV-001516,172,177,2023-02-07,2023-03-09,paid,USD,290.00,0.00,290.00,2023-02-20
1517,INV-001517,172,177,2023-03-07,2023-03-22,paid,USD,290.00,0.00,290.00,2023-03-10
1518,INV-001518,172,177,2023-04-07,2023-05-07,paid,USD,290.00,0.00,290.00,2023-04-09
1519,INV-001519,172,177,2023-05-07,2023-06-21,paid,USD,290.00,0.00,290.00,2023-05-20
1520,INV-001520,172,177,2023-06-07,2023-07-22,paid,USD,290.00,0.00,290.00,2023-06-13
1521,INV-001521,172,177,2023-07-07,2023-08-21,paid,USD,290.00,0.00,290.00,2023-07-21
1522,INV-001522,172,177,2023-08-07,2023-08-22,paid,USD,290.00,0.00,290.00,2023-08-16
1523,INV-001523,172,177,2023-09-07,2023-10-07,paid,USD,290.00,0.00,290.00,2023-09-13
1524,INV-001524,172,177,2023-10-07,2023-10-22,paid,USD,290.00,0.00,290.00,2023-10-08
1525,INV-001525,172,177,2023-11-07,2023-12-22,paid,USD,290.00,0.00,290.00,2023-11-19
1526,INV-001526,172,177,2023-12-07,2023-12-22,paid,USD,290.00,0.00,290.00,2023-12-07
1527,INV-001527,172,177,2024-01-07,2024-02-06,paid,USD,290.00,0.00,290.00,2024-01-08
1528,INV-001528,172,177,2024-02-07,2024-02-22,paid,USD,290.00,0.00,290.00,2024-02-14
1529,INV-001529,172,177,2024-03-07,2024-04-06,paid,USD,290.00,0.00,290.00,2024-03-21
1530,INV-001530,172,177,2024-04-07,2024-05-22,paid,USD,290.00,0.00,290.00,2024-04-13
1531,INV-001531,172,177,2024-05-07,2024-05-22,paid,USD,290.00,0.00,290.00,2024-05-10
1532,INV-001532,172,177,2024-06-07,2024-07-22,paid,USD,290.00,0.00,290.00,2024-06-16
1533,INV-001533,172,177,2024-07-07,2024-07-22,paid,USD,290.00,0.00,290.00,2024-07-08
1534,INV-001534,172,177,2024-08-07,2024-09-06,paid,USD,290.00,0.00,290.00,2024-08-09
1535,INV-001535,172,177,2024-09-07,2024-10-07,paid,USD,290.00,0.00,290.00,2024-09-13
1536,INV-001536,172,177,2024-10-07,2024-11-06,paid,USD,290.00,0.00,290.00,2024-10-11
1537,INV-001537,172,177,2024-11-07,2024-12-07,paid,USD,290.00,0.00,290.00,2024-11-08
1538,INV-001538,172,177,2024-12-07,2024-12-22,paid,USD,290.00,0.00,290.00,2024-12-12
1539,INV-001539,172,177,2025-01-07,2025-02-06,paid,USD,290.00,0.00,290.00,2025-01-11
1540,INV-001540,172,177,2025-02-07,2025-03-09,paid,USD,290.00,0.00,290.00,2025-02-09
1541,INV-001541,172,177,2025-03-07,2025-04-06,paid,USD,290.00,0.00,290.00,2025-03-11
1542,INV-001542,172,177,2025-04-07,2025-04-22,paid,USD,290.00,0.00,290.00,2025-04-14
1543,INV-001543,172,177,2025-05-07,2025-06-06,paid,USD,290.00,0.00,290.00,2025-05-18
1544,INV-001544,172,177,2025-06-07,2025-07-07,paid,USD,290.00,0.00,290.00,2025-07-12
1545,INV-001545,172,177,2025-07-07,2025-08-06,paid,USD,290.00,0.00,290.00,2025-07-23
1546,INV-001546,172,177,2025-08-07,2025-09-06,paid,USD,290.00,0.00,290.00,2025-08-18
1547,INV-001547,172,177,2025-09-07,2025-10-07,paid,USD,290.00,0.00,290.00,2025-09-10
1548,INV-001548,172,177,2025-10-07,2025-11-06,paid,USD,290.00,0.00,290.00,2025-10-07
1549,INV-001549,172,177,2025-11-07,2025-12-07,paid,USD,290.00,0.00,290.00,2025-11-28
1550,INV-001550,172,177,2025-12-07,2026-01-06,paid,USD,290.00,0.00,290.00,2025-12-08
1551,INV-001551,172,177,2026-01-07,2026-02-06,paid,USD,290.00,0.00,290.00,2026-01-15
1552,INV-001552,172,177,2026-02-07,2026-03-09,paid,USD,290.00,0.00,290.00,2026-02-08
1553,INV-001553,172,177,2026-03-07,2026-04-21,paid,USD,290.00,0.00,290.00,2026-03-17
1554,INV-001554,172,177,2026-04-07,2026-05-07,void,USD,290.00,0.00,290.00,
1555,INV-001555,172,177,2026-05-07,2026-06-06,paid,USD,290.00,0.00,290.00,2026-05-07
1556,INV-001556,172,177,2026-06-07,2026-07-22,paid,USD,290.00,0.00,290.00,2026-06-13
1557,INV-001557,172,177,2026-07-07,2026-07-22,paid,USD,290.00,0.00,290.00,2026-07-24
1558,INV-001558,172,177,2026-08-07,2026-09-06,paid,USD,290.00,0.00,290.00,2026-08-12
1559,INV-001559,173,178,2025-06-29,2025-07-29,void,USD,3366.00,0.00,3366.00,
1560,INV-001560,173,178,2025-07-29,2025-08-13,paid,USD,3366.00,0.00,3366.00,2025-07-30
1561,INV-001561,173,178,2025-08-29,2025-10-13,paid,USD,3495.00,0.00,3495.00,2025-08-30
1562,INV-001562,173,178,2025-09-29,2025-11-13,paid,USD,3366.00,0.00,3366.00,2025-10-02
1563,INV-001563,173,178,2025-10-29,2025-12-13,paid,USD,3366.00,0.00,3366.00,2025-11-14
1564,INV-001564,173,178,2025-11-29,2025-12-29,paid,USD,3495.00,0.00,3495.00,2025-11-30
1565,INV-001565,173,178,2025-12-29,2026-02-12,paid,USD,3366.00,0.00,3366.00,2026-01-11
1566,INV-001566,173,178,2026-01-29,2026-02-28,paid,USD,4089.00,0.00,4089.00,2026-02-08
1567,INV-001567,173,178,2026-02-28,2026-04-14,paid,USD,3960.00,0.00,3960.00,2026-03-29
1568,INV-001568,173,178,2026-03-29,2026-04-28,paid,USD,3960.00,0.00,3960.00,2026-04-07
1569,INV-001569,173,178,2026-04-29,2026-05-29,paid,USD,3960.00,0.00,3960.00,2026-05-02
1570,INV-001570,173,178,2026-05-29,2026-07-13,paid,USD,4752.00,0.00,4752.00,2026-05-30
1571,INV-001571,173,178,2026-06-29,2026-08-13,paid,USD,4752.00,0.00,4752.00,2026-07-08
1572,INV-001572,173,178,2026-07-29,2026-08-13,paid,USD,4752.00,0.00,4752.00,2026-08-02
1573,INV-001573,174,179,2026-08-10,2026-09-24,paid,USD,290.00,0.00,290.00,2026-08-10
1574,INV-001574,175,180,2023-07-15,2023-08-29,paid,USD,1475.00,0.00,1475.00,2023-07-19
1575,INV-001575,175,180,2023-08-15,2023-09-14,paid,USD,1475.00,0.00,1475.00,2023-08-17
1576,INV-001576,175,180,2023-09-15,2023-10-15,paid,USD,1475.00,0.00,1475.00,2023-09-17
1577,INV-001577,175,180,2023-10-15,2023-11-14,paid,USD,1475.00,0.00,1475.00,2023-10-20
1578,INV-001578,175,180,2023-11-15,2023-12-15,paid,USD,1475.00,0.00,1475.00,2023-11-24
1579,INV-001579,175,180,2023-12-15,2024-01-14,paid,USD,1475.00,0.00,1475.00,2023-12-19
1580,INV-001580,175,180,2024-01-15,2024-02-14,paid,USD,1475.00,0.00,1475.00,2024-01-17
1581,INV-001581,175,180,2024-02-15,2024-03-01,paid,USD,1475.00,0.00,1475.00,2024-02-15
1582,INV-001582,175,180,2024-03-15,2024-04-29,paid,USD,1475.00,0.00,1475.00,2024-03-20
1583,INV-001583,175,181,2024-06-16,2024-07-16,paid,USD,1003.00,0.00,1003.00,2024-06-18
1584,INV-001584,175,181,2024-07-16,2024-08-15,paid,USD,1003.00,0.00,1003.00,2024-08-06
1585,INV-001585,175,181,2024-08-16,2024-08-31,paid,USD,1003.00,0.00,1003.00,2024-08-20
1586,INV-001586,175,181,2024-09-16,2024-10-16,paid,USD,1003.00,0.00,1003.00,2024-10-06
1587,INV-001587,175,181,2024-10-16,2024-10-31,paid,USD,1003.00,0.00,1003.00,2024-10-23
1588,INV-001588,175,181,2024-11-16,2024-12-16,paid,USD,1003.00,0.00,1003.00,2024-11-19
1589,INV-001589,175,181,2024-12-16,2025-01-30,paid,USD,1003.00,0.00,1003.00,2024-12-16
1590,INV-001590,175,181,2025-01-16,2025-03-02,paid,USD,1003.00,0.00,1003.00,2025-02-03
1591,INV-001591,175,181,2025-02-16,2025-03-03,paid,USD,1003.00,0.00,1003.00,2025-02-17
1592,INV-001592,175,181,2025-03-16,2025-04-15,paid,USD,1003.00,0.00,1003.00,2025-04-02
1593,INV-001593,175,181,2025-04-16,2025-05-31,paid,USD,1003.00,0.00,1003.00,2025-04-17
1594,INV-001594,176,182,2023-10-18,2023-11-17,paid,USD,408690.04,0.00,408690.04,2023-11-18
1595,INV-001595,176,182,2024-10-18,2024-12-02,paid,USD,403790.04,0.00,403790.04,2024-11-06
1596,INV-001596,176,182,2025-10-18,2025-11-17,paid,USD,433590.00,0.00,433590.00,2025-10-23
1597,INV-001597,177,183,2026-07-30,2026-08-29,paid,USD,1584.00,0.00,1584.00,2026-08-03
1598,INV-001598,177,183,2026-08-30,2026-10-14,paid,USD,1584.00,0.00,1584.00,2026-08-31
1599,INV-001599,178,184,2024-08-05,2024-09-19,paid,USD,290.00,0.00,290.00,2024-08-12
1600,INV-001600,178,184,2024-09-05,2024-10-05,paid,USD,290.00,0.00,290.00,2024-09-06
1601,INV-001601,178,184,2024-10-05,2024-11-04,paid,USD,590.00,0.00,590.00,2024-10-18
1602,INV-001602,178,184,2024-11-05,2024-12-05,paid,USD,590.00,0.00,590.00,2024-11-18
1603,INV-001603,178,184,2024-12-05,2025-01-04,paid,USD,590.00,0.00,590.00,2024-12-14
1604,INV-001604,178,184,2025-01-05,2025-02-19,paid,USD,590.00,0.00,590.00,2025-01-07
1605,INV-001605,178,184,2025-02-05,2025-02-20,paid,USD,590.00,0.00,590.00,2025-02-07
1606,INV-001606,178,184,2025-03-05,2025-04-04,paid,USD,590.00,0.00,590.00,2025-03-25
1607,INV-001607,178,184,2025-04-05,2025-05-05,paid,USD,590.00,0.00,590.00,2025-04-06
1608,INV-001608,178,184,2025-05-05,2025-05-20,paid,USD,531.00,0.00,531.00,2025-05-06
1609,INV-001609,178,184,2025-06-05,2025-07-20,paid,USD,261.00,0.00,261.00,2025-06-16
1610,INV-001610,178,184,2025-07-05,2025-08-04,uncollectible,USD,261.00,0.00,261.00,
1611,INV-001611,178,184,2025-08-05,2025-08-20,paid,USD,261.00,0.00,261.00,2025-08-11
1612,INV-001612,178,184,2025-09-05,2025-10-05,paid,USD,290.00,0.00,290.00,2025-09-11
1613,INV-001613,178,184,2025-10-05,2025-11-19,paid,USD,232.00,0.00,232.00,2025-10-14
1614,INV-001614,178,184,2025-11-05,2025-12-05,paid,USD,232.00,0.00,232.00,2025-11-09
1615,INV-001615,178,184,2025-12-05,2026-01-04,paid,USD,232.00,0.00,232.00,2025-12-05
1616,INV-001616,178,184,2026-01-05,2026-02-19,paid,USD,232.00,0.00,232.00,2026-01-21
1617,INV-001617,178,184,2026-02-05,2026-02-20,paid,USD,232.00,0.00,232.00,2026-02-26
1618,INV-001618,178,184,2026-03-05,2026-04-04,paid,USD,232.00,0.00,232.00,2026-03-05
1619,INV-001619,178,184,2026-04-05,2026-04-20,paid,USD,232.00,0.00,232.00,2026-04-06
1620,INV-001620,178,184,2026-05-05,2026-06-04,void,USD,232.00,0.00,232.00,
1621,INV-001621,178,184,2026-06-05,2026-07-05,paid,USD,232.00,0.00,232.00,2026-06-11
1622,INV-001622,178,184,2026-07-05,2026-07-20,paid,USD,232.00,0.00,232.00,2026-07-07
1623,INV-001623,178,184,2026-08-05,2026-08-20,paid,USD,232.00,0.00,232.00,2026-08-08
1624,INV-001624,179,185,2022-08-12,2022-09-26,paid,USD,118.00,0.00,118.00,2022-08-15
1625,INV-001625,179,185,2022-09-12,2022-09-27,paid,USD,118.00,0.00,118.00,2022-09-13
1626,INV-001626,179,185,2022-10-12,2022-11-26,paid,USD,118.00,0.00,118.00,2022-10-12
1627,INV-001627,179,185,2022-11-12,2022-12-12,paid,USD,118.00,0.00,118.00,2022-11-16
1628,INV-001628,180,186,2026-08-18,2026-09-17,paid,USD,58.00,0.00,58.00,2026-08-27
1629,INV-001629,181,187,2026-04-30,2026-05-15,paid,USD,1888.00,0.00,1888.00,2026-05-03
1630,INV-001630,181,187,2026-05-30,2026-06-29,paid,USD,1888.00,0.00,1888.00,2026-06-07
1631,INV-001631,181,187,2026-06-30,2026-07-30,paid,USD,1888.00,0.00,1888.00,2026-07-01
1632,INV-001632,181,187,2026-07-30,2026-08-29,paid,USD,1593.00,0.00,1593.00,2026-08-11
1633,INV-001633,181,187,2026-08-30,2026-09-29,paid,USD,1593.00,0.00,1593.00,2026-08-31
1634,INV-001634,182,188,2023-08-05,2023-08-20,paid,USD,735580.00,0.00,735580.00,2023-08-09
1635,INV-001635,182,188,2024-08-05,2024-08-20,paid,USD,733080.00,0.00,733080.00,2024-09-03
1636,INV-001636,182,188,2025-08-05,2025-09-04,paid,USD,735480.00,0.00,735480.00,2025-08-09
1637,INV-001637,182,188,2026-08-05,2026-09-04,paid,USD,880590.00,0.00,880590.00,2026-08-09
1638,INV-001638,183,189,2022-09-26,2022-10-11,paid,USD,19008.00,0.00,19008.00,2022-09-29
1639,INV-001639,183,189,2023-09-26,2023-10-26,paid,USD,21384.00,0.00,21384.00,2023-09-27
1640,INV-001640,183,189,2024-09-26,2024-10-26,paid,USD,28310.04,0.00,28310.04,2024-10-06
1641,INV-001641,183,189,2025-09-26,2025-10-26,paid,USD,44700.00,0.00,44700.00,2025-09-28
1642,INV-001642,184,190,2024-08-08,2024-09-07,paid,USD,203.00,0.00,203.00,2024-08-08
1643,INV-001643,184,190,2024-09-08,2024-10-08,paid,USD,203.00,0.00,203.00,2024-09-21
1644,INV-001644,184,190,2024-10-08,2024-10-23,paid,USD,203.00,0.00,203.00,2024-10-11
1645,INV-001645,184,190,2024-11-08,2024-12-08,paid,USD,203.00,0.00,203.00,2024-11-20
1646,INV-001646,185,191,2024-10-14,2024-11-13,paid,USD,944.00,0.00,944.00,2024-11-15
1647,INV-001647,185,191,2024-11-14,2024-12-14,paid,USD,944.00,0.00,944.00,2024-12-01
1648,INV-001648,185,191,2024-12-14,2024-12-29,paid,USD,944.00,0.00,944.00,2024-12-19
1649,INV-001649,185,191,2025-01-14,2025-02-28,paid,USD,944.00,0.00,944.00,2025-01-14
1650,INV-001650,185,191,2025-02-14,2025-03-31,paid,USD,944.00,0.00,944.00,2025-02-14
1651,INV-001651,185,191,2025-03-14,2025-04-13,paid,USD,944.00,0.00,944.00,2025-03-16
1652,INV-001652,185,191,2025-04-14,2025-05-14,paid,USD,944.00,0.00,944.00,2025-04-16
1653,INV-001653,185,191,2025-05-14,2025-05-29,paid,USD,944.00,0.00,944.00,2025-05-18
1654,INV-001654,185,191,2025-06-14,2025-07-14,paid,USD,944.00,0.00,944.00,2025-06-30
1655,INV-001655,185,191,2025-07-14,2025-08-13,paid,USD,944.00,0.00,944.00,2025-07-17
1656,INV-001656,185,191,2025-08-14,2025-08-29,paid,USD,944.00,0.00,944.00,2025-08-25
1657,INV-001657,185,191,2025-09-14,2025-10-14,paid,USD,944.00,0.00,944.00,2025-09-15
1658,INV-001658,185,191,2025-10-14,2025-11-28,paid,USD,944.00,0.00,944.00,2025-10-19
1659,INV-001659,185,191,2025-11-14,2025-12-14,paid,USD,944.00,0.00,944.00,2025-12-24
1660,INV-001660,185,191,2025-12-14,2025-12-29,paid,USD,944.00,0.00,944.00,2025-12-15
1661,INV-001661,185,191,2026-01-14,2026-02-13,paid,USD,1003.00,0.00,1003.00,2026-02-10
1662,INV-001662,185,191,2026-02-14,2026-03-16,paid,USD,1003.00,0.00,1003.00,2026-02-24
1663,INV-001663,185,191,2026-03-14,2026-04-13,paid,USD,1003.00,0.00,1003.00,2026-03-31
1664,INV-001664,185,191,2026-04-14,2026-04-29,paid,USD,1003.00,0.00,1003.00,2026-04-21
1665,INV-001665,185,191,2026-05-14,2026-06-13,paid,USD,1180.00,0.00,1180.00,2026-05-21
1666,INV-001666,185,191,2026-06-14,2026-07-14,paid,USD,1180.00,0.00,1180.00,2026-06-26
1667,INV-001667,185,191,2026-07-14,2026-08-13,paid,USD,1062.00,0.00,1062.00,2026-07-20
1668,INV-001668,185,191,2026-08-14,2026-09-13,paid,USD,1062.00,0.00,1062.00,2026-08-17
1669,INV-001669,186,192,2026-03-17,2026-04-16,paid,USD,432099.96,0.00,432099.96,2026-03-24
1670,INV-001670,187,193,2025-03-27,2025-04-11,paid,USD,95550.00,0.00,95550.00,2025-03-29
1671,INV-001671,187,193,2026-03-27,2026-05-11,paid,USD,99990.00,0.00,99990.00,2026-03-29
1672,INV-001672,188,194,2026-02-04,2026-03-06,paid,USD,290.00,0.00,290.00,2026-02-09
1673,INV-001673,188,194,2026-03-04,2026-04-03,paid,USD,290.00,0.00,290.00,2026-03-07
1674,INV-001674,188,194,2026-04-04,2026-05-04,paid,USD,290.00,0.00,290.00,2026-04-16
1675,INV-001675,188,194,2026-05-04,2026-06-03,paid,USD,290.00,0.00,290.00,2026-05-12
1676,INV-001676,188,194,2026-06-04,2026-07-04,paid,USD,290.00,0.00,290.00,2026-06-05
1677,INV-001677,188,194,2026-07-04,2026-07-19,paid,USD,290.00,0.00,290.00,2026-07-07
1678,INV-001678,188,194,2026-08-04,2026-09-03,paid,USD,590.00,0.00,590.00,2026-08-14
1679,INV-001679,189,195,2023-07-18,2023-09-01,paid,USD,18810.00,0.00,18810.00,2023-07-31
1680,INV-001680,189,195,2024-07-18,2024-08-17,paid,USD,28310.04,0.00,28310.04,2024-07-30
1681,INV-001681,189,195,2025-07-18,2025-08-17,paid,USD,38739.96,0.00,38739.96,2025-07-29
1682,INV-001682,189,195,2026-07-18,2026-08-02,paid,USD,38739.96,0.00,38739.96,2026-08-12
1683,INV-001683,190,196,2024-12-18,2025-01-17,paid,USD,290.00,0.00,290.00,2024-12-23
1684,INV-001684,190,196,2025-01-18,2025-03-04,paid,USD,290.00,0.00,290.00,2025-01-29
1685,INV-001685,191,197,2025-03-17,2025-04-16,paid,USD,13900.00,0.00,13900.00,2025-03-29
1686,INV-001686,192,198,2024-02-04,2024-03-20,paid,USD,75750.00,0.00,75750.00,2024-02-06
1687,INV-001687,193,199,2024-05-28,2024-06-12,paid,USD,174.00,0.00,174.00,2024-06-18
1688,INV-001688,193,199,2024-06-28,2024-07-13,paid,USD,174.00,0.00,174.00,2024-06-30
1689,INV-001689,193,199,2024-07-28,2024-09-11,paid,USD,174.00,0.00,174.00,2024-08-05
1690,INV-001690,193,199,2024-08-28,2024-09-27,paid,USD,174.00,0.00,174.00,2024-09-04
1691,INV-001691,193,199,2024-09-28,2024-10-28,paid,USD,174.00,0.00,174.00,2024-10-10
1692,INV-001692,193,199,2024-10-28,2024-11-27,paid,USD,174.00,0.00,174.00,2024-11-20
1693,INV-001693,193,199,2024-11-28,2024-12-13,paid,USD,174.00,0.00,174.00,2024-12-04
1694,INV-001694,193,199,2024-12-28,2025-01-12,paid,USD,174.00,0.00,174.00,2025-01-05
1695,INV-001695,193,199,2025-01-28,2025-02-12,paid,USD,174.00,0.00,174.00,2025-01-31
1696,INV-001696,193,199,2025-02-28,2025-04-14,paid,USD,174.00,0.00,174.00,2025-03-13
1697,INV-001697,193,199,2025-03-28,2025-04-12,paid,USD,174.00,0.00,174.00,2025-04-03
1698,INV-001698,193,199,2025-04-28,2025-05-28,paid,USD,174.00,0.00,174.00,2025-05-08
1699,INV-001699,194,200,2022-12-31,2023-01-30,paid,USD,563229.96,0.00,563229.96,2023-01-26
1700,INV-001700,194,200,2023-12-31,2024-02-14,paid,USD,561729.96,0.00,561729.96,2024-01-04
1701,INV-001701,194,200,2024-12-31,2025-01-30,paid,USD,561729.96,0.00,561729.96,2025-01-04
1702,INV-001702,194,201,2025-12-26,2026-01-25,paid,USD,338580.00,0.00,338580.00,2026-01-14
1703,INV-001703,195,202,2026-05-26,2026-07-10,paid,USD,5310.00,0.00,5310.00,2026-06-01
1704,INV-001704,196,203,2023-01-07,2023-02-06,paid,USD,177.00,0.00,177.00,2023-01-12
1705,INV-001705,196,203,2023-02-07,2023-03-09,paid,USD,177.00,0.00,177.00,2023-02-11
1706,INV-001706,196,203,2023-03-07,2023-04-06,paid,USD,177.00,0.00,177.00,2023-03-23
1707,INV-001707,196,203,2023-04-07,2023-05-07,paid,USD,177.00,0.00,177.00,2023-04-09
1708,INV-001708,196,203,2023-05-07,2023-06-06,paid,USD,177.00,0.00,177.00,2023-05-12
1709,INV-001709,196,203,2023-06-07,2023-07-07,paid,USD,177.00,0.00,177.00,2023-06-25
1710,INV-001710,196,203,2023-07-07,2023-07-22,paid,USD,297.00,0.00,297.00,2023-07-14
1711,INV-001711,196,203,2023-08-07,2023-09-21,paid,USD,297.00,0.00,297.00,2023-08-29
1712,INV-001712,196,203,2023-09-07,2023-09-22,paid,USD,297.00,0.00,297.00,2023-09-12
1713,INV-001713,196,203,2023-10-07,2023-11-21,paid,USD,297.00,0.00,297.00,2023-10-07
1714,INV-001714,196,203,2023-11-07,2023-12-07,paid,USD,445.00,0.00,445.00,2023-11-11
1715,INV-001715,196,203,2023-12-07,2024-01-06,paid,USD,396.00,0.00,396.00,2023-12-08
1716,INV-001716,196,203,2024-01-07,2024-02-06,paid,USD,396.00,0.00,396.00,2024-02-01
1717,INV-001717,196,203,2024-02-07,2024-03-08,paid,USD,396.00,0.00,396.00,2024-02-10
1718,INV-001718,196,203,2024-03-07,2024-04-21,paid,USD,396.00,0.00,396.00,2024-03-29
1719,INV-001719,196,203,2024-04-07,2024-05-22,paid,USD,396.00,0.00,396.00,2024-04-11
1720,INV-001720,197,204,2022-11-04,2022-11-19,paid,USD,2065.00,0.00,2065.00,2022-11-13
1721,INV-001721,197,204,2022-12-04,2022-12-19,paid,USD,2065.00,0.00,2065.00,2022-12-11
1722,INV-001722,197,204,2023-01-04,2023-02-18,paid,USD,2065.00,0.00,2065.00,2023-01-09
1723,INV-001723,197,204,2023-02-04,2023-02-19,paid,USD,2065.00,0.00,2065.00,2023-02-09
1724,INV-001724,197,204,2023-03-04,2023-04-03,paid,USD,2065.00,0.00,2065.00,2023-03-13
1725,INV-001725,197,204,2023-04-04,2023-05-04,paid,USD,2065.00,0.00,2065.00,2023-04-04
1726,INV-001726,197,204,2023-05-04,2023-05-19,paid,USD,2065.00,0.00,2065.00,2023-05-12
1727,INV-001727,197,204,2023-06-04,2023-07-19,paid,USD,2065.00,0.00,2065.00,2023-06-06
1728,INV-001728,197,204,2023-07-04,2023-08-03,paid,USD,2183.00,0.00,2183.00,2023-07-04
1729,INV-001729,197,204,2023-08-04,2023-09-03,paid,USD,2183.00,0.00,2183.00,2023-08-15
1730,INV-001730,197,204,2023-09-04,2023-09-19,paid,USD,2183.00,0.00,2183.00,2023-09-06
1731,INV-001731,198,205,2026-07-14,2026-08-13,paid,USD,116.00,0.00,116.00,2026-07-19
1732,INV-001732,198,205,2026-08-14,2026-09-28,paid,USD,116.00,0.00,116.00,2026-08-17
1733,INV-001733,199,206,2025-11-30,2025-12-15,paid,USD,2360.04,0.00,2360.04,2025-12-02
1734,INV-001734,199,207,2026-05-14,2026-06-13,paid,USD,118.00,0.00,118.00,2026-05-22
1735,INV-001735,199,207,2026-06-14,2026-07-14,paid,USD,118.00,0.00,118.00,2026-06-24
1736,INV-001736,199,207,2026-07-14,2026-08-13,paid,USD,118.00,0.00,118.00,2026-08-09
1737,INV-001737,199,207,2026-08-14,2026-09-13,paid,USD,118.00,0.00,118.00,2026-08-16
1738,INV-001738,200,208,2026-08-13,2026-09-12,paid,USD,144540.00,0.00,144540.00,2026-08-14
1739,INV-001739,201,209,2024-03-01,2024-03-16,paid,USD,590.00,0.00,590.00,2024-03-07
1740,INV-001740,201,209,2024-04-01,2024-05-16,paid,USD,590.00,0.00,590.00,2024-04-14
1741,INV-001741,201,209,2024-05-01,2024-05-31,paid,USD,590.00,0.00,590.00,2024-05-07
1742,INV-001742,201,209,2024-06-01,2024-06-16,paid,USD,590.00,0.00,590.00,2024-06-13
1743,INV-001743,201,209,2024-07-01,2024-08-15,paid,USD,708.00,0.00,708.00,2024-07-01
1744,INV-001744,201,209,2024-08-01,2024-08-31,paid,USD,708.00,0.00,708.00,2024-09-06
1745,INV-001745,201,209,2024-09-01,2024-10-01,paid,USD,708.00,0.00,708.00,2024-09-19
1746,INV-001746,201,209,2024-10-01,2024-10-31,paid,USD,708.00,0.00,708.00,2024-10-17
1747,INV-001747,201,209,2024-11-01,2024-12-01,paid,USD,708.00,0.00,708.00,2024-11-02
1748,INV-001748,201,209,2024-12-01,2024-12-31,paid,USD,708.00,0.00,708.00,2024-12-11
1749,INV-001749,201,209,2025-01-01,2025-01-31,paid,USD,290.00,0.00,290.00,2025-01-03
1750,INV-001750,201,209,2025-02-01,2025-03-18,paid,USD,290.00,0.00,290.00,2025-02-13
1751,INV-001751,201,209,2025-03-01,2025-03-16,paid,USD,290.00,0.00,290.00,2025-03-05
1752,INV-001752,201,209,2025-04-01,2025-05-01,paid,USD,290.00,0.00,290.00,2025-04-29
1753,INV-001753,201,209,2025-05-01,2025-05-31,paid,USD,290.00,0.00,290.00,2025-05-03
1754,INV-001754,201,209,2025-06-01,2025-07-01,paid,USD,290.00,0.00,290.00,2025-07-03
1755,INV-001755,201,209,2025-07-01,2025-07-31,paid,USD,290.00,0.00,290.00,2025-07-10
1756,INV-001756,201,209,2025-08-01,2025-09-15,paid,USD,290.00,0.00,290.00,2025-08-09
1757,INV-001757,201,209,2025-09-01,2025-10-01,paid,USD,290.00,0.00,290.00,2025-09-16
1758,INV-001758,201,209,2025-10-01,2025-10-16,paid,USD,290.00,0.00,290.00,2025-10-10
1759,INV-001759,201,209,2025-11-01,2025-11-16,paid,USD,290.00,0.00,290.00,2025-11-06
1760,INV-001760,201,209,2025-12-01,2025-12-16,paid,USD,290.00,0.00,290.00,2025-12-04
1761,INV-001761,201,209,2026-01-01,2026-02-15,paid,USD,290.00,0.00,290.00,2026-01-02
1762,INV-001762,201,209,2026-02-01,2026-03-03,paid,USD,590.00,0.00,590.00,2026-02-01
1763,INV-001763,201,209,2026-03-01,2026-03-31,paid,USD,590.00,0.00,590.00,2026-03-06
1764,INV-001764,201,209,2026-04-01,2026-05-01,paid,USD,590.00,0.00,590.00,2026-04-12
1765,INV-001765,201,209,2026-05-01,2026-05-16,void,USD,590.00,0.00,590.00,
1766,INV-001766,201,209,2026-06-01,2026-07-16,paid,USD,590.00,0.00,590.00,2026-06-10
1767,INV-001767,201,209,2026-07-01,2026-07-31,paid,USD,590.00,0.00,590.00,2026-07-01
1768,INV-001768,201,209,2026-08-01,2026-08-31,paid,USD,590.00,0.00,590.00,2026-08-14
1769,INV-001769,202,210,2026-08-20,2026-09-04,open,USD,203.00,0.00,203.00,
1770,INV-001770,203,211,2024-09-01,2024-10-16,paid,USD,25320.00,0.00,25320.00,2024-10-11
1771,INV-001771,203,211,2025-09-01,2025-10-01,paid,USD,20859.96,0.00,20859.96,2025-09-08
1772,INV-001772,204,212,2026-06-04,2026-07-19,paid,USD,472.00,0.00,472.00,2026-06-12
1773,INV-001773,204,212,2026-07-04,2026-08-03,paid,USD,472.00,0.00,472.00,2026-07-08
1774,INV-001774,204,212,2026-08-04,2026-09-03,paid,USD,472.00,0.00,472.00,2026-08-04
1775,INV-001775,205,213,2025-05-01,2025-05-16,paid,USD,531.00,0.00,531.00,2025-06-10
1776,INV-001776,205,213,2025-06-01,2025-06-16,paid,USD,531.00,0.00,531.00,2025-06-12
1777,INV-001777,205,213,2025-07-01,2025-07-31,paid,USD,531.00,0.00,531.00,2025-08-10
1778,INV-001778,205,213,2025-08-01,2025-08-31,paid,USD,531.00,0.00,531.00,2025-08-19
1779,INV-001779,205,213,2025-09-01,2025-09-16,paid,USD,472.00,0.00,472.00,2025-10-09
1780,INV-001780,205,213,2025-10-01,2025-10-16,paid,USD,472.00,0.00,472.00,2025-10-03
1781,INV-001781,205,213,2025-11-01,2025-12-01,paid,USD,531.00,0.00,531.00,2025-11-01
1782,INV-001782,205,213,2025-12-01,2025-12-31,paid,USD,531.00,0.00,531.00,2026-01-10
1783,INV-001783,205,213,2026-01-01,2026-01-31,paid,USD,531.00,0.00,531.00,2026-01-02
1784,INV-001784,205,213,2026-02-01,2026-03-03,paid,USD,531.00,0.00,531.00,2026-02-02
1785,INV-001785,205,213,2026-03-01,2026-03-31,paid,USD,531.00,0.00,531.00,2026-03-21
1786,INV-001786,205,213,2026-04-01,2026-05-16,paid,USD,531.00,0.00,531.00,2026-04-20
1787,INV-001787,205,213,2026-05-01,2026-05-31,paid,USD,531.00,0.00,531.00,2026-05-03
1788,INV-001788,205,213,2026-06-01,2026-07-16,paid,USD,531.00,0.00,531.00,2026-06-07
1789,INV-001789,205,213,2026-07-01,2026-07-16,paid,USD,531.00,0.00,531.00,2026-07-13
1790,INV-001790,205,213,2026-08-01,2026-08-31,paid,USD,531.00,0.00,531.00,2026-08-09
1791,INV-001791,206,214,2026-04-26,2026-05-11,paid,USD,230470.00,0.00,230470.00,2026-05-07
1792,INV-001792,207,215,2022-12-13,2023-01-12,paid,USD,1089.00,0.00,1089.00,2022-12-15
1793,INV-001793,207,215,2023-01-13,2023-02-12,paid,USD,1089.00,0.00,1089.00,2023-01-18
1794,INV-001794,207,215,2023-02-13,2023-03-15,paid,USD,1089.00,0.00,1089.00,2023-02-17
1795,INV-001795,207,215,2023-03-13,2023-04-12,paid,USD,1089.00,0.00,1089.00,2023-03-23
1796,INV-001796,207,215,2023-04-13,2023-04-28,paid,USD,1089.00,0.00,1089.00,2023-04-13
1797,INV-001797,207,215,2023-05-13,2023-06-27,paid,USD,1089.00,0.00,1089.00,2023-05-18
1798,INV-001798,207,215,2023-06-13,2023-07-28,paid,USD,1089.00,0.00,1089.00,2023-07-02
1799,INV-001799,207,215,2023-07-13,2023-08-27,paid,USD,1168.00,0.00,1168.00,2023-07-20
1800,INV-001800,207,215,2023-08-13,2023-09-12,paid,USD,1168.00,0.00,1168.00,2023-08-14
1801,INV-001801,208,216,2026-03-23,2026-04-22,paid,USD,1062.00,0.00,1062.00,2026-03-24
1802,INV-001802,208,216,2026-04-23,2026-06-07,paid,USD,1062.00,0.00,1062.00,2026-05-03
1803,INV-001803,208,216,2026-05-23,2026-07-07,paid,USD,1062.00,0.00,1062.00,2026-06-11
1804,INV-001804,208,216,2026-06-23,2026-07-23,paid,USD,1062.00,0.00,1062.00,2026-06-27
1805,INV-001805,208,216,2026-07-23,2026-08-07,paid,USD,1062.00,0.00,1062.00,2026-07-29
1806,INV-001806,208,216,2026-08-23,2026-09-22,paid,USD,1180.00,0.00,1180.00,2026-08-25
1807,INV-001807,209,217,2023-10-18,2023-11-17,paid,USD,290.00,0.00,290.00,2023-10-25
1808,INV-001808,209,217,2023-11-18,2023-12-18,paid,USD,290.00,0.00,290.00,2023-11-20
1809,INV-001809,209,217,2023-12-18,2024-02-01,paid,USD,290.00,0.00,290.00,2023-12-18
1810,INV-001810,209,217,2024-01-18,2024-02-02,paid,USD,290.00,0.00,290.00,2024-01-19
1811,INV-001811,209,217,2024-02-18,2024-04-03,paid,USD,290.00,0.00,290.00,2024-03-03
1812,INV-001812,209,217,2024-03-18,2024-04-17,paid,USD,290.00,0.00,290.00,2024-04-05
1813,INV-001813,209,217,2024-04-18,2024-06-02,paid,USD,290.00,0.00,290.00,2024-04-18
1814,INV-001814,209,217,2024-05-18,2024-06-17,paid,USD,290.00,0.00,290.00,2024-05-18
1815,INV-001815,209,217,2024-06-18,2024-07-18,paid,USD,290.00,0.00,290.00,2024-06-29
1816,INV-001816,209,217,2024-07-18,2024-08-17,paid,USD,290.00,0.00,290.00,2024-07-18
1817,INV-001817,209,217,2024-08-18,2024-09-02,paid,USD,290.00,0.00,290.00,2024-08-21
1818,INV-001818,209,217,2024-09-18,2024-10-03,paid,USD,290.00,0.00,290.00,2024-09-20
1819,INV-001819,209,217,2024-10-18,2024-11-17,paid,USD,290.00,0.00,290.00,2024-10-22
1820,INV-001820,209,217,2024-11-18,2025-01-02,void,USD,290.00,0.00,290.00,
1821,INV-001821,209,217,2024-12-18,2025-01-02,paid,USD,232.00,0.00,232.00,2024-12-18
1822,INV-001822,209,217,2025-01-18,2025-02-02,paid,USD,232.00,0.00,232.00,2025-02-15
1823,INV-001823,209,217,2025-02-18,2025-04-04,paid,USD,232.00,0.00,232.00,2025-02-19
1824,INV-001824,209,217,2025-03-18,2025-04-17,paid,USD,232.00,0.00,232.00,2025-03-18
1825,INV-001825,209,217,2025-04-18,2025-06-02,paid,USD,232.00,0.00,232.00,2025-04-24
1826,INV-001826,209,217,2025-05-18,2025-06-02,paid,USD,232.00,0.00,232.00,2025-05-21
1827,INV-001827,209,217,2025-06-18,2025-07-03,paid,USD,232.00,0.00,232.00,2025-06-22
1828,INV-001828,210,218,2026-07-03,2026-08-02,paid,USD,177.00,0.00,177.00,2026-07-08
1829,INV-001829,210,218,2026-08-03,2026-09-17,paid,USD,177.00,0.00,177.00,2026-08-30
1830,INV-001830,211,219,2024-08-09,2024-08-24,paid,USD,58.00,0.00,58.00,2024-08-24
1831,INV-001831,211,219,2024-09-09,2024-10-09,paid,USD,58.00,0.00,58.00,2024-09-20
1832,INV-001832,211,219,2024-10-09,2024-11-23,paid,USD,58.00,0.00,58.00,2024-10-19
1833,INV-001833,211,219,2024-11-09,2024-12-24,paid,USD,58.00,0.00,58.00,2024-11-22
1834,INV-001834,211,219,2024-12-09,2024-12-24,paid,USD,87.00,0.00,87.00,2024-12-18
1835,INV-001835,211,219,2025-01-09,2025-02-23,paid,USD,87.00,0.00,87.00,2025-01-23
1836,INV-001836,211,219,2025-02-09,2025-03-26,paid,USD,87.00,0.00,87.00,2025-02-12
1837,INV-001837,211,219,2025-03-09,2025-04-08,paid,USD,87.00,0.00,87.00,2025-03-23
1838,INV-001838,211,219,2025-04-09,2025-05-09,paid,USD,87.00,0.00,87.00,2025-04-30
1839,INV-001839,211,219,2025-05-09,2025-06-23,paid,USD,87.00,0.00,87.00,2025-05-10
1840,INV-001840,211,219,2025-06-09,2025-07-09,paid,USD,87.00,0.00,87.00,2025-06-16
1841,INV-001841,211,219,2025-07-09,2025-07-24,paid,USD,58.00,0.00,58.00,2025-07-16
1842,INV-001842,211,219,2025-08-09,2025-08-24,paid,USD,58.00,0.00,58.00,2025-08-10
1843,INV-001843,211,219,2025-09-09,2025-10-09,paid,USD,58.00,0.00,58.00,2025-09-16
1844,INV-001844,211,219,2025-10-09,2025-10-24,paid,USD,58.00,0.00,58.00,2025-10-10
1845,INV-001845,211,219,2025-11-09,2025-12-09,paid,USD,58.00,0.00,58.00,2025-11-23
1846,INV-001846,211,219,2025-12-09,2025-12-24,paid,USD,58.00,0.00,58.00,2025-12-12
1847,INV-001847,211,219,2026-01-09,2026-02-23,paid,USD,58.00,0.00,58.00,2026-01-12
1848,INV-001848,211,219,2026-02-09,2026-03-26,paid,USD,58.00,0.00,58.00,2026-02-13
1849,INV-001849,211,219,2026-03-09,2026-04-08,paid,USD,58.00,0.00,58.00,2026-03-12
1850,INV-001850,211,219,2026-04-09,2026-05-24,paid,USD,58.00,0.00,58.00,2026-04-15
1851,INV-001851,211,219,2026-05-09,2026-06-08,paid,USD,58.00,0.00,58.00,2026-05-10
1852,INV-001852,211,219,2026-06-09,2026-06-24,paid,USD,58.00,0.00,58.00,2026-06-09
1853,INV-001853,211,219,2026-07-09,2026-08-08,paid,USD,58.00,0.00,58.00,2026-07-28
1854,INV-001854,211,219,2026-08-09,2026-09-08,paid,USD,58.00,0.00,58.00,2026-08-14
1855,INV-001855,212,220,2023-03-21,2023-04-05,paid,USD,530439.96,0.00,530439.96,2023-03-28
1856,INV-001856,212,220,2024-03-21,2024-04-20,paid,USD,361350.00,0.00,361350.00,2024-03-31
1857,INV-001857,212,220,2025-03-21,2025-05-05,paid,USD,490050.00,0.00,490050.00,2025-03-24
1858,INV-001858,212,220,2026-03-21,2026-04-20,paid,USD,739950.00,0.00,739950.00,2026-03-24
1859,INV-001859,213,221,2024-07-16,2024-07-31,paid,USD,250940.04,0.00,250940.04,2024-07-16
1860,INV-001860,213,221,2025-07-16,2025-07-31,paid,USD,263730.00,0.00,263730.00,2025-07-21
1861,INV-001861,213,221,2026-07-16,2026-07-31,paid,USD,311409.96,0.00,311409.96,2026-07-30
1862,INV-001862,214,222,2025-01-30,2025-03-01,paid,USD,18810.00,0.00,18810.00,2025-01-30
1863,INV-001863,214,222,2026-01-30,2026-03-01,paid,USD,18810.00,0.00,18810.00,2026-01-30
1864,INV-001864,215,223,2023-10-13,2023-11-27,paid,USD,116.00,0.00,116.00,2023-10-25
1865,INV-001865,215,223,2023-11-13,2023-12-13,paid,USD,116.00,0.00,116.00,2023-11-17
1866,INV-001866,215,223,2023-12-13,2023-12-28,paid,USD,116.00,0.00,116.00,2023-12-20
1867,INV-001867,215,223,2024-01-13,2024-01-28,uncollectible,USD,116.00,0.00,116.00,
1868,INV-001868,215,223,2024-02-13,2024-03-29,paid,USD,116.00,0.00,116.00,2024-03-03
1869,INV-001869,215,223,2024-03-13,2024-03-28,paid,USD,116.00,0.00,116.00,2024-03-15
1870,INV-001870,215,223,2024-04-13,2024-05-28,paid,USD,116.00,0.00,116.00,2024-04-22
1871,INV-001871,215,223,2024-05-13,2024-06-27,paid,USD,116.00,0.00,116.00,2024-05-16
1872,INV-001872,215,223,2024-06-13,2024-07-13,paid,USD,116.00,0.00,116.00,2024-06-19
1873,INV-001873,215,223,2024-07-13,2024-08-12,paid,USD,116.00,0.00,116.00,2024-07-16
1874,INV-001874,215,223,2024-08-13,2024-09-27,paid,USD,116.00,0.00,116.00,2024-08-16
1875,INV-001875,215,223,2024-09-13,2024-10-13,paid,USD,116.00,0.00,116.00,2024-09-15
1876,INV-001876,215,223,2024-10-13,2024-10-28,paid,USD,116.00,0.00,116.00,2024-10-16
1877,INV-001877,215,223,2024-11-13,2024-12-13,paid,USD,116.00,0.00,116.00,2024-11-18
1878,INV-001878,215,223,2024-12-13,2024-12-28,void,USD,116.00,0.00,116.00,
1879,INV-001879,215,223,2025-01-13,2025-02-12,paid,USD,116.00,0.00,116.00,2025-01-23
1880,INV-001880,215,223,2025-02-13,2025-03-15,paid,USD,145.00,0.00,145.00,2025-02-27
1881,INV-001881,215,223,2025-03-13,2025-04-12,paid,USD,145.00,0.00,145.00,2025-03-18
1882,INV-001882,215,223,2025-04-13,2025-04-28,paid,USD,145.00,0.00,145.00,2025-04-19
1883,INV-001883,215,223,2025-05-13,2025-06-27,paid,USD,145.00,0.00,145.00,2025-06-14
1884,INV-001884,215,223,2025-06-13,2025-07-28,paid,USD,145.00,0.00,145.00,2025-06-17
1885,INV-001885,215,223,2025-07-13,2025-08-27,paid,USD,145.00,0.00,145.00,2025-07-13
1886,INV-001886,215,223,2025-08-13,2025-08-28,paid,USD,145.00,0.00,145.00,2025-09-05
1887,INV-001887,215,223,2025-09-13,2025-09-28,paid,USD,145.00,0.00,145.00,2025-09-15
1888,INV-001888,215,223,2025-10-13,2025-11-12,paid,USD,145.00,0.00,145.00,2025-10-15
1889,INV-001889,215,223,2025-11-13,2025-11-28,paid,USD,145.00,0.00,145.00,2025-11-16
1890,INV-001890,215,223,2025-12-13,2025-12-28,paid,USD,203.00,0.00,203.00,2025-12-13
1891,INV-001891,215,223,2026-01-13,2026-02-27,paid,USD,203.00,0.00,203.00,2026-01-30
1892,INV-001892,215,223,2026-02-13,2026-02-28,paid,USD,203.00,0.00,203.00,2026-02-13
1893,INV-001893,215,223,2026-03-13,2026-04-27,paid,USD,203.00,0.00,203.00,2026-03-16
1894,INV-001894,215,223,2026-04-13,2026-04-28,paid,USD,203.00,0.00,203.00,2026-04-15
1895,INV-001895,215,223,2026-05-13,2026-06-12,paid,USD,203.00,0.00,203.00,2026-05-15
1896,INV-001896,215,223,2026-06-13,2026-07-28,paid,USD,203.00,0.00,203.00,2026-06-14
1897,INV-001897,215,223,2026-07-13,2026-08-12,paid,USD,203.00,0.00,203.00,2026-07-13
1898,INV-001898,215,223,2026-08-13,2026-09-12,paid,USD,203.00,0.00,203.00,2026-08-19
1899,INV-001899,216,224,2026-07-14,2026-08-13,paid,USD,157410.00,0.00,157410.00,2026-08-06
1900,INV-001900,217,225,2026-06-23,2026-07-23,paid,USD,495.00,0.00,495.00,2026-06-27
1901,INV-001901,217,225,2026-07-23,2026-08-22,paid,USD,495.00,0.00,495.00,2026-07-29
1902,INV-001902,217,225,2026-08-23,2026-10-07,paid,USD,495.00,0.00,495.00,2026-08-23
1903,INV-001903,218,226,2024-09-08,2024-10-08,paid,USD,87.00,0.00,87.00,2024-09-21
1904,INV-001904,218,226,2024-10-08,2024-11-22,paid,USD,87.00,0.00,87.00,2024-10-13
1905,INV-001905,218,226,2024-11-08,2024-12-23,paid,USD,177.00,0.00,177.00,2024-11-16
1906,INV-001906,218,226,2024-12-08,2025-01-07,paid,USD,177.00,0.00,177.00,2024-12-14
1907,INV-001907,218,226,2025-01-08,2025-02-22,paid,USD,297.00,0.00,297.00,2025-02-01
1908,INV-001908,218,226,2025-02-08,2025-02-23,paid,USD,376.00,0.00,376.00,2025-02-15
1909,INV-001909,218,226,2025-03-08,2025-03-23,paid,USD,376.00,0.00,376.00,2025-03-15
1910,INV-001910,218,226,2025-04-08,2025-05-23,paid,USD,297.00,0.00,297.00,2025-04-08
1911,INV-001911,218,226,2025-05-08,2025-05-23,paid,USD,396.00,0.00,396.00,2025-05-30
1912,INV-001912,218,226,2025-06-08,2025-07-08,paid,USD,396.00,0.00,396.00,2025-06-23
1913,INV-001913,218,226,2025-07-08,2025-08-22,paid,USD,396.00,0.00,396.00,2025-07-16
1914,INV-001914,218,226,2025-08-08,2025-08-23,uncollectible,USD,396.00,0.00,396.00,
1915,INV-001915,218,226,2025-09-08,2025-09-23,paid,USD,396.00,0.00,396.00,2025-09-12
1916,INV-001916,218,226,2025-10-08,2025-11-07,paid,USD,396.00,0.00,396.00,2025-10-09
1917,INV-001917,218,226,2025-11-08,2025-11-23,paid,USD,396.00,0.00,396.00,2025-11-14
1918,INV-001918,218,226,2025-12-08,2025-12-23,paid,USD,445.00,0.00,445.00,2025-12-08
1919,INV-001919,218,226,2026-01-08,2026-02-22,paid,USD,396.00,0.00,396.00,2026-01-10
1920,INV-001920,218,226,2026-02-08,2026-02-23,paid,USD,525.00,0.00,525.00,2026-02-09
1921,INV-001921,218,226,2026-03-08,2026-04-07,paid,USD,475.00,0.00,475.00,2026-03-17
1922,INV-001922,218,226,2026-04-08,2026-05-23,paid,USD,396.00,0.00,396.00,2026-04-11
1923,INV-001923,218,226,2026-05-08,2026-05-23,paid,USD,396.00,0.00,396.00,2026-05-08
1924,INV-001924,218,226,2026-06-08,2026-07-08,paid,USD,396.00,0.00,396.00,2026-06-12
1925,INV-001925,218,226,2026-07-08,2026-07-23,paid,USD,445.00,0.00,445.00,2026-07-27
1926,INV-001926,218,226,2026-08-08,2026-08-23,paid,USD,396.00,0.00,396.00,2026-08-13
1927,INV-001927,219,227,2024-12-25,2025-01-24,paid,USD,891.00,0.00,891.00,2025-01-03
1928,INV-001928,219,227,2025-01-25,2025-03-11,paid,USD,891.00,0.00,891.00,2025-02-11
1929,INV-001929,219,227,2025-02-25,2025-03-12,paid,USD,990.00,0.00,990.00,2025-03-01
1930,INV-001930,219,227,2025-03-25,2025-05-09,paid,USD,990.00,0.00,990.00,2025-04-06
1931,INV-001931,219,227,2025-04-25,2025-05-25,paid,USD,990.00,0.00,990.00,2025-05-10
1932,INV-001932,219,227,2025-05-25,2025-06-09,paid,USD,990.00,0.00,990.00,2025-05-25
1933,INV-001933,219,227,2025-06-25,2025-08-09,paid,USD,1089.00,0.00,1089.00,2025-06-30
1934,INV-001934,219,227,2025-07-25,2025-08-09,paid,USD,1138.00,0.00,1138.00,2025-08-01
1935,INV-001935,219,227,2025-08-25,2025-09-09,paid,USD,1089.00,0.00,1089.00,2025-08-30
1936,INV-001936,219,227,2025-09-25,2025-10-25,paid,USD,1089.00,0.00,1089.00,2025-10-08
1937,INV-001937,219,227,2025-10-25,2025-12-09,paid,USD,1089.00,0.00,1089.00,2025-10-25
1938,INV-001938,219,227,2025-11-25,2026-01-09,paid,USD,1089.00,0.00,1089.00,2025-11-28
1939,INV-001939,219,227,2025-12-25,2026-02-08,paid,USD,1089.00,0.00,1089.00,2026-01-19
1940,INV-001940,219,227,2026-01-25,2026-02-24,paid,USD,1168.00,0.00,1168.00,2026-01-27
1941,INV-001941,219,227,2026-02-25,2026-03-27,paid,USD,1089.00,0.00,1089.00,2026-03-14
1942,INV-001942,219,227,2026-03-25,2026-04-09,paid,USD,1089.00,0.00,1089.00,2026-03-25
1943,INV-001943,219,227,2026-04-25,2026-06-09,paid,USD,1089.00,0.00,1089.00,2026-04-28
1944,INV-001944,219,227,2026-05-25,2026-06-24,paid,USD,1089.00,0.00,1089.00,2026-06-08
1945,INV-001945,219,227,2026-06-25,2026-07-25,paid,USD,1089.00,0.00,1089.00,2026-06-26
1946,INV-001946,219,227,2026-07-25,2026-09-08,paid,USD,1218.00,0.00,1218.00,2026-07-28
1947,INV-001947,219,227,2026-08-25,2026-10-09,paid,USD,1089.00,0.00,1089.00,2026-08-31
1948,INV-001948,220,228,2026-03-08,2026-04-07,paid,USD,1386.00,0.00,1386.00,2026-03-09
1949,INV-001949,220,228,2026-04-08,2026-05-08,paid,USD,1386.00,0.00,1386.00,2026-04-10
1950,INV-001950,220,228,2026-05-08,2026-05-23,paid,USD,1386.00,0.00,1386.00,2026-05-08
1951,INV-001951,220,228,2026-06-08,2026-07-08,paid,USD,1515.00,0.00,1515.00,2026-06-10
1952,INV-001952,220,228,2026-07-08,2026-08-22,paid,USD,1485.00,0.00,1485.00,2026-07-08
1953,INV-001953,220,228,2026-08-08,2026-09-07,paid,USD,1485.00,0.00,1485.00,2026-08-24
1954,INV-001954,221,229,2025-10-29,2025-12-13,paid,USD,180300.00,0.00,180300.00,2025-11-01
1955,INV-001955,222,230,2023-12-15,2023-12-30,paid,USD,152500.00,0.00,152500.00,2023-12-23
1956,INV-001956,222,230,2024-12-15,2025-01-29,paid,USD,220968.00,0.00,220968.00,2024-12-16
1957,INV-001957,222,230,2025-12-15,2026-01-14,paid,USD,277140.00,0.00,277140.00,2025-12-28
1958,INV-001958,223,231,2024-09-16,2024-10-31,paid,USD,4956.00,0.00,4956.00,2024-09-20
1959,INV-001959,223,231,2025-09-16,2025-10-16,paid,USD,13410.00,0.00,13410.00,2025-09-17
1960,INV-001960,224,232,2024-10-24,2024-11-08,paid,USD,885.00,0.00,885.00,2024-11-02
1961,INV-001961,224,232,2024-11-24,2025-01-08,paid,USD,767.00,0.00,767.00,2024-11-29
1962,INV-001962,224,232,2024-12-24,2025-01-08,paid,USD,767.00,0.00,767.00,2024-12-25
1963,INV-001963,224,232,2025-01-24,2025-03-10,paid,USD,767.00,0.00,767.00,2025-01-28
1964,INV-001964,224,232,2025-02-24,2025-03-11,paid,USD,767.00,0.00,767.00,2025-03-01
1965,INV-001965,224,232,2025-03-24,2025-04-08,paid,USD,649.00,0.00,649.00,2025-03-25
1966,INV-001966,224,232,2025-04-24,2025-05-24,paid,USD,649.00,0.00,649.00,2025-04-25
1967,INV-001967,224,232,2025-05-24,2025-06-23,paid,USD,649.00,0.00,649.00,2025-06-06
1968,INV-001968,224,232,2025-06-24,2025-07-24,paid,USD,708.00,0.00,708.00,2025-06-28
1969,INV-001969,224,232,2025-07-24,2025-08-23,paid,USD,708.00,0.00,708.00,2025-07-25
1970,INV-001970,224,232,2025-08-24,2025-09-23,paid,USD,708.00,0.00,708.00,2025-09-17
1971,INV-001971,224,232,2025-09-24,2025-11-08,paid,USD,767.00,0.00,767.00,2025-09-30
1972,INV-001972,224,232,2025-10-24,2025-12-08,paid,USD,767.00,0.00,767.00,2025-10-24
1973,INV-001973,224,232,2025-11-24,2025-12-09,paid,USD,767.00,0.00,767.00,2025-11-29
1974,INV-001974,224,232,2025-12-24,2026-01-23,paid,USD,767.00,0.00,767.00,2025-12-26
1975,INV-001975,224,232,2026-01-24,2026-02-23,paid,USD,767.00,0.00,767.00,2026-01-30
1976,INV-001976,224,232,2026-02-24,2026-03-26,paid,USD,708.00,0.00,708.00,2026-03-01
1977,INV-001977,224,232,2026-03-24,2026-04-23,paid,USD,708.00,0.00,708.00,2026-04-20
1978,INV-001978,224,232,2026-04-24,2026-05-24,paid,USD,708.00,0.00,708.00,2026-05-31
1979,INV-001979,224,232,2026-05-24,2026-06-08,paid,USD,708.00,0.00,708.00,2026-05-24
1980,INV-001980,224,232,2026-06-24,2026-08-08,paid,USD,708.00,0.00,708.00,2026-06-30
1981,INV-001981,224,232,2026-07-24,2026-08-23,paid,USD,708.00,0.00,708.00,2026-07-26
1982,INV-001982,224,232,2026-08-24,2026-10-08,paid,USD,708.00,0.00,708.00,2026-08-27
1983,INV-001983,225,233,2025-10-07,2025-11-06,paid,USD,22810.00,0.00,22810.00,2025-10-13
1984,INV-001984,226,234,2025-07-12,2025-08-11,paid,USD,203.00,0.00,203.00,2025-07-19
1985,INV-001985,226,234,2025-08-12,2025-09-11,paid,USD,203.00,0.00,203.00,2025-09-03
1986,INV-001986,226,234,2025-09-12,2025-10-12,paid,USD,203.00,0.00,203.00,2025-09-17
1987,INV-001987,226,234,2025-10-12,2025-10-27,paid,USD,203.00,0.00,203.00,2025-10-12
1988,INV-001988,226,234,2025-11-12,2025-12-12,uncollectible,USD,203.00,0.00,203.00,
1989,INV-001989,226,234,2025-12-12,2025-12-27,paid,USD,203.00,0.00,203.00,2025-12-21
1990,INV-001990,226,234,2026-01-12,2026-02-11,paid,USD,203.00,0.00,203.00,2026-01-18
1991,INV-001991,226,234,2026-02-12,2026-02-27,paid,USD,203.00,0.00,203.00,2026-02-12
1992,INV-001992,226,234,2026-03-12,2026-03-27,paid,USD,203.00,0.00,203.00,2026-04-02
1993,INV-001993,226,234,2026-04-12,2026-05-12,paid,USD,203.00,0.00,203.00,2026-04-12
1994,INV-001994,226,234,2026-05-12,2026-06-26,paid,USD,203.00,0.00,203.00,2026-05-14
1995,INV-001995,226,234,2026-06-12,2026-07-12,paid,USD,203.00,0.00,203.00,2026-06-19
1996,INV-001996,226,234,2026-07-12,2026-07-27,paid,USD,203.00,0.00,203.00,2026-07-23
1997,INV-001997,226,234,2026-08-12,2026-08-27,paid,USD,203.00,0.00,203.00,2026-08-21
1998,INV-001998,227,235,2025-05-06,2025-06-20,void,USD,3540.00,0.00,3540.00,
1999,INV-001999,227,235,2026-05-06,2026-06-05,paid,USD,3540.00,0.00,3540.00,2026-05-09
2000,INV-002000,228,236,2026-03-10,2026-04-09,paid,USD,11210.04,0.00,11210.04,2026-04-04
2001,INV-002001,229,237,2024-02-11,2024-03-12,paid,USD,708.00,0.00,708.00,2024-02-13
2002,INV-002002,229,237,2024-03-11,2024-04-10,paid,USD,708.00,0.00,708.00,2024-03-19
2003,INV-002003,229,237,2024-04-11,2024-04-26,paid,USD,708.00,0.00,708.00,2024-04-30
2004,INV-002004,229,237,2024-05-11,2024-05-26,paid,USD,708.00,0.00,708.00,2024-05-21
2005,INV-002005,229,237,2024-06-11,2024-07-26,paid,USD,708.00,0.00,708.00,2024-06-13
2006,INV-002006,230,238,2023-09-28,2023-11-12,paid,USD,18408.00,0.00,18408.00,2023-09-30
2007,INV-002007,230,238,2024-09-28,2024-10-28,paid,USD,29799.96,0.00,29799.96,2024-09-29
2008,INV-002008,231,239,2023-11-14,2023-12-29,paid,USD,5900.04,0.00,5900.04,2023-11-14
2009,INV-002009,232,240,2024-04-18,2024-05-18,paid,USD,531.00,0.00,531.00,2024-04-21
2010,INV-002010,232,240,2024-05-18,2024-06-17,paid,USD,531.00,0.00,531.00,2024-06-05
2011,INV-002011,232,240,2024-06-18,2024-07-18,paid,USD,531.00,0.00,531.00,2024-06-19
2012,INV-002012,232,240,2024-07-18,2024-08-17,paid,USD,531.00,0.00,531.00,2024-07-23
2013,INV-002013,232,240,2024-08-18,2024-09-17,paid,USD,590.00,0.00,590.00,2024-08-28
2014,INV-002014,232,240,2024-09-18,2024-10-18,paid,USD,590.00,0.00,590.00,2024-09-19
2015,INV-002015,232,240,2024-10-18,2024-12-02,paid,USD,590.00,0.00,590.00,2024-10-18
2016,INV-002016,232,240,2024-11-18,2024-12-18,paid,USD,590.00,0.00,590.00,2024-11-24
2017,INV-002017,232,240,2024-12-18,2025-01-02,paid,USD,590.00,0.00,590.00,2024-12-31
2018,INV-002018,232,240,2025-01-18,2025-02-02,paid,USD,590.00,0.00,590.00,2025-01-28
2019,INV-002019,232,240,2025-02-18,2025-03-20,paid,USD,590.00,0.00,590.00,2025-02-20
2020,INV-002020,232,240,2025-03-18,2025-04-17,paid,USD,590.00,0.00,590.00,2025-03-18
2021,INV-002021,232,240,2025-04-18,2025-05-18,paid,USD,590.00,0.00,590.00,2025-04-21
2022,INV-002022,232,240,2025-05-18,2025-06-17,paid,USD,590.00,0.00,590.00,2025-05-23
2023,INV-002023,232,240,2025-06-18,2025-07-18,paid,USD,590.00,0.00,590.00,2025-06-25
2024,INV-002024,232,240,2025-07-18,2025-08-02,paid,USD,590.00,0.00,590.00,2025-07-31
2025,INV-002025,232,240,2025-08-18,2025-09-17,paid,USD,590.00,0.00,590.00,2025-08-22
2026,INV-002026,232,240,2025-09-18,2025-10-03,paid,USD,590.00,0.00,590.00,2025-09-20
2027,INV-002027,232,240,2025-10-18,2025-11-17,paid,USD,590.00,0.00,590.00,2025-10-20
2028,INV-002028,232,240,2025-11-18,2026-01-02,paid,USD,590.00,0.00,590.00,2025-12-08
2029,INV-002029,232,240,2025-12-18,2026-01-17,paid,USD,590.00,0.00,590.00,2025-12-19
2030,INV-002030,232,240,2026-01-18,2026-02-17,paid,USD,590.00,0.00,590.00,2026-01-24
2031,INV-002031,232,240,2026-02-18,2026-03-20,paid,USD,590.00,0.00,590.00,2026-03-26
2032,INV-002032,232,240,2026-03-18,2026-04-17,paid,USD,590.00,0.00,590.00,2026-03-23
2033,INV-002033,232,240,2026-04-18,2026-05-18,paid,USD,590.00,0.00,590.00,2026-05-18
2034,INV-002034,232,240,2026-05-18,2026-07-02,paid,USD,590.00,0.00,590.00,2026-05-21
2035,INV-002035,232,240,2026-06-18,2026-08-02,paid,USD,590.00,0.00,590.00,2026-06-20
2036,INV-002036,232,240,2026-07-18,2026-09-01,paid,USD,590.00,0.00,590.00,2026-07-22
2037,INV-002037,232,240,2026-08-18,2026-09-02,paid,USD,590.00,0.00,590.00,2026-08-31
2038,INV-002038,233,241,2026-04-25,2026-05-10,paid,USD,2360.04,0.00,2360.04,2026-05-03
2039,INV-002039,234,242,2025-08-01,2025-08-31,paid,USD,118.00,0.00,118.00,2025-08-03
2040,INV-002040,234,242,2025-09-01,2025-10-01,paid,USD,118.00,0.00,118.00,2025-09-04
2041,INV-002041,234,242,2025-10-01,2025-10-31,paid,USD,118.00,0.00,118.00,2025-10-01
2042,INV-002042,234,242,2025-11-01,2025-12-01,paid,USD,118.00,0.00,118.00,2025-11-11
2043,INV-002043,234,242,2025-12-01,2026-01-15,paid,USD,118.00,0.00,118.00,2025-12-02
2044,INV-002044,234,242,2026-01-01,2026-01-31,paid,USD,118.00,0.00,118.00,2026-01-02
2045,INV-002045,234,242,2026-02-01,2026-03-03,paid,USD,118.00,0.00,118.00,2026-02-27
2046,INV-002046,234,242,2026-03-01,2026-03-31,paid,USD,118.00,0.00,118.00,2026-03-08
2047,INV-002047,234,242,2026-04-01,2026-05-16,paid,USD,198.00,0.00,198.00,2026-04-08
2048,INV-002048,234,242,2026-05-01,2026-06-15,paid,USD,198.00,0.00,198.00,2026-05-05
2049,INV-002049,234,242,2026-06-01,2026-07-16,paid,USD,277.00,0.00,277.00,2026-06-14
2050,INV-002050,234,242,2026-07-01,2026-08-15,paid,USD,198.00,0.00,198.00,2026-07-04
2051,INV-002051,234,242,2026-08-01,2026-08-31,paid,USD,198.00,0.00,198.00,2026-08-07
2052,INV-002052,235,243,2025-08-30,2025-09-14,paid,USD,2714.00,0.00,2714.00,2025-08-31
2053,INV-002053,235,243,2025-09-30,2025-10-30,paid,USD,2714.00,0.00,2714.00,2025-10-05
2054,INV-002054,235,243,2025-10-30,2025-11-29,paid,USD,2714.00,0.00,2714.00,2025-10-31
2055,INV-002055,235,243,2025-11-30,2026-01-14,paid,USD,2714.00,0.00,2714.00,2025-12-07
2056,INV-002056,235,243,2025-12-30,2026-01-29,paid,USD,2714.00,0.00,2714.00,2026-01-15
2057,INV-002057,235,243,2026-01-30,2026-02-14,paid,USD,2714.00,0.00,2714.00,2026-02-13
2058,INV-002058,235,243,2026-02-28,2026-04-14,paid,USD,2714.00,0.00,2714.00,2026-03-14
2059,INV-002059,235,243,2026-03-30,2026-04-29,paid,USD,2714.00,0.00,2714.00,2026-04-06
2060,INV-002060,235,243,2026-04-30,2026-05-15,paid,USD,2714.00,0.00,2714.00,2026-05-13
2061,INV-002061,235,243,2026-05-30,2026-06-29,paid,USD,2714.00,0.00,2714.00,2026-06-16
2062,INV-002062,235,243,2026-06-30,2026-07-30,paid,USD,2714.00,0.00,2714.00,2026-06-30
2063,INV-002063,235,243,2026-07-30,2026-08-29,paid,USD,2714.00,0.00,2714.00,2026-08-19
2064,INV-002064,235,243,2026-08-30,2026-10-14,paid,USD,2891.00,0.00,2891.00,2026-08-31
2065,INV-002065,236,244,2024-05-15,2024-06-14,paid,USD,9440.04,0.00,9440.04,2024-05-19
2066,INV-002066,236,244,2025-05-15,2025-05-30,paid,USD,10620.00,0.00,10620.00,2025-05-17
2067,INV-002067,236,244,2026-05-15,2026-06-14,void,USD,10620.00,0.00,10620.00,
2068,INV-002068,237,245,2023-07-08,2023-08-07,paid,USD,211380.00,0.00,211380.00,2023-07-23
2069,INV-002069,237,245,2024-07-08,2024-07-23,paid,USD,209880.00,0.00,209880.00,2024-07-09
2070,INV-002070,237,245,2025-07-08,2025-08-07,paid,USD,303930.00,0.00,303930.00,2025-07-09
2071,INV-002071,237,245,2026-07-08,2026-08-07,paid,USD,303930.00,0.00,303930.00,2026-07-09
2072,INV-002072,238,246,2024-05-25,2024-06-24,paid,USD,15339.96,0.00,15339.96,2024-05-25
2073,INV-002073,238,246,2025-05-25,2025-06-24,paid,USD,16520.04,0.00,16520.04,2025-06-10
2074,INV-002074,238,246,2026-05-25,2026-06-24,paid,USD,20649.96,0.00,20649.96,2026-05-27
2075,INV-002075,239,247,2026-02-17,2026-04-03,paid,USD,156990.00,0.00,156990.00,2026-02-18
2076,INV-002076,240,248,2023-12-27,2024-01-26,paid,USD,1881.00,0.00,1881.00,2024-01-05
2077,INV-002077,240,248,2024-01-27,2024-02-11,paid,USD,1930.00,0.00,1930.00,2024-01-27
2078,INV-002078,241,249,2023-05-18,2023-07-02,uncollectible,USD,18810.00,0.00,18810.00,
2079,INV-002079,242,250,2026-06-01,2026-07-16,paid,USD,177.00,0.00,177.00,2026-06-14
2080,INV-002080,242,250,2026-07-01,2026-07-16,paid,USD,177.00,0.00,177.00,2026-07-03
2081,INV-002081,242,250,2026-08-01,2026-08-16,paid,USD,177.00,0.00,177.00,2026-08-07
2082,INV-002082,243,251,2026-05-08,2026-06-22,paid,USD,590.00,0.00,590.00,2026-05-22
2083,INV-002083,243,251,2026-06-08,2026-06-23,paid,USD,590.00,0.00,590.00,2026-07-06
2084,INV-002084,243,251,2026-07-08,2026-08-07,paid,USD,649.00,0.00,649.00,2026-07-09
2085,INV-002085,243,251,2026-08-08,2026-09-07,paid,USD,649.00,0.00,649.00,2026-08-09
2086,INV-002086,244,252,2024-12-22,2025-01-21,paid,USD,232.00,0.00,232.00,2024-12-23
2087,INV-002087,244,252,2025-01-22,2025-03-08,paid,USD,232.00,0.00,232.00,2025-02-02
2088,INV-002088,244,252,2025-02-22,2025-03-09,paid,USD,232.00,0.00,232.00,2025-02-27
2089,INV-002089,244,252,2025-03-22,2025-04-21,paid,USD,261.00,0.00,261.00,2025-04-04
2090,INV-002090,244,253,2025-10-25,2025-11-24,paid,USD,232.00,0.00,232.00,2025-10-25
2091,INV-002091,244,253,2025-11-25,2025-12-25,paid,USD,232.00,0.00,232.00,2025-11-30
2092,INV-002092,244,253,2025-12-25,2026-01-24,paid,USD,232.00,0.00,232.00,2026-01-04
2093,INV-002093,244,253,2026-01-25,2026-03-11,paid,USD,232.00,0.00,232.00,2026-01-25
2094,INV-002094,244,253,2026-02-25,2026-04-11,paid,USD,232.00,0.00,232.00,2026-03-07
2095,INV-002095,244,253,2026-03-25,2026-05-09,paid,USD,232.00,0.00,232.00,2026-03-27
2096,INV-002096,244,253,2026-04-25,2026-06-09,paid,USD,232.00,0.00,232.00,2026-04-26
2097,INV-002097,244,253,2026-05-25,2026-07-09,paid,USD,232.00,0.00,232.00,2026-05-28
2098,INV-002098,244,253,2026-06-25,2026-07-25,paid,USD,232.00,0.00,232.00,2026-07-02
2099,INV-002099,244,253,2026-07-25,2026-08-24,paid,USD,232.00,0.00,232.00,2026-08-06
2100,INV-002100,244,253,2026-08-25,2026-09-24,paid,USD,232.00,0.00,232.00,2026-08-31
2101,INV-002101,245,254,2025-05-10,2025-06-09,paid,USD,550440.00,0.00,550440.00,2025-05-31
2102,INV-002102,245,254,2026-05-10,2026-06-09,paid,USD,747450.00,0.00,747450.00,2026-05-16
2103,INV-002103,246,255,2024-06-01,2024-07-01,paid,USD,48550.00,0.00,48550.00,2024-06-03
2104,INV-002104,246,255,2025-06-01,2025-07-01,paid,USD,29499.96,0.00,29499.96,2025-06-05
2105,INV-002105,246,255,2026-06-01,2026-07-01,paid,USD,49500.00,0.00,49500.00,2026-06-25
2106,INV-002106,247,256,2026-06-24,2026-07-24,paid,USD,18290.04,0.00,18290.04,2026-06-27
2107,INV-002107,248,257,2022-12-01,2023-01-15,paid,USD,236.00,0.00,236.00,2022-12-05
2108,INV-002108,248,257,2023-01-01,2023-02-15,void,USD,236.00,0.00,236.00,
2109,INV-002109,248,257,2023-02-01,2023-03-03,paid,USD,236.00,0.00,236.00,2023-03-05
2110,INV-002110,248,257,2023-03-01,2023-03-31,paid,USD,236.00,0.00,236.00,2023-03-02
2111,INV-002111,248,257,2023-04-01,2023-05-01,paid,USD,236.00,0.00,236.00,2023-04-10
2112,INV-002112,248,257,2023-05-01,2023-05-16,paid,USD,236.00,0.00,236.00,2023-05-05
2113,INV-002113,248,257,2023-06-01,2023-06-16,paid,USD,236.00,0.00,236.00,2023-06-12
2114,INV-002114,248,257,2023-07-01,2023-08-15,paid,USD,236.00,0.00,236.00,2023-07-03
2115,INV-002115,248,257,2023-08-01,2023-08-16,paid,USD,236.00,0.00,236.00,2023-08-05
2116,INV-002116,248,257,2023-09-01,2023-10-16,paid,USD,236.00,0.00,236.00,2023-09-01
2117,INV-002117,249,258,2022-08-02,2022-09-16,paid,USD,6372.00,0.00,6372.00,2022-08-22
2118,INV-002118,249,258,2023-08-02,2023-09-16,paid,USD,14900.04,0.00,14900.04,2023-08-05
2119,INV-002119,249,258,2024-08-02,2024-09-16,paid,USD,14900.04,0.00,14900.04,2024-08-05
2120,INV-002120,249,258,2025-08-02,2025-09-01,paid,USD,16389.96,0.00,16389.96,2025-08-07
2121,INV-002121,249,258,2026-08-02,2026-09-01,paid,USD,16389.96,0.00,16389.96,2026-08-31
2122,INV-002122,250,259,2026-06-01,2026-07-01,paid,USD,290.00,0.00,290.00,2026-06-14
2123,INV-002123,250,259,2026-07-01,2026-07-31,paid,USD,290.00,0.00,290.00,2026-07-14
2124,INV-002124,250,259,2026-08-01,2026-08-16,paid,USD,290.00,0.00,290.00,2026-08-01
2125,INV-002125,251,260,2025-04-30,2025-05-30,paid,USD,19380.00,0.00,19380.00,2025-05-28
2126,INV-002126,251,260,2026-04-30,2026-05-30,paid,USD,17880.00,0.00,17880.00,2026-05-08
2127,INV-002127,252,261,2026-04-30,2026-05-30,paid,USD,295.00,0.00,295.00,2026-05-04
2128,INV-002128,252,261,2026-05-30,2026-06-29,paid,USD,295.00,0.00,295.00,2026-05-31
2129,INV-002129,252,261,2026-06-30,2026-07-30,paid,USD,354.00,0.00,354.00,2026-07-13
2130,INV-002130,252,261,2026-07-30,2026-09-13,paid,USD,354.00,0.00,354.00,2026-08-03
2131,INV-002131,252,261,2026-08-30,2026-09-14,paid,USD,354.00,0.00,354.00,2026-08-31
2132,INV-002132,253,262,2025-09-06,2025-10-21,paid,USD,21480.00,0.00,21480.00,2025-09-10
2133,INV-002133,254,263,2026-02-19,2026-03-06,paid,USD,203.00,0.00,203.00,2026-02-20
2134,INV-002134,254,263,2026-03-19,2026-04-18,paid,USD,203.00,0.00,203.00,2026-03-20
2135,INV-002135,254,263,2026-04-19,2026-05-19,paid,USD,203.00,0.00,203.00,2026-04-22
2136,INV-002136,255,264,2024-03-10,2024-04-24,void,USD,290.00,0.00,290.00,
2137,INV-002137,255,264,2024-04-10,2024-04-25,paid,USD,290.00,0.00,290.00,2024-04-10
2138,INV-002138,255,264,2024-05-10,2024-06-09,paid,USD,290.00,0.00,290.00,2024-05-12
2139,INV-002139,255,264,2024-06-10,2024-07-25,paid,USD,290.00,0.00,290.00,2024-06-14
2140,INV-002140,255,264,2024-07-10,2024-08-24,paid,USD,290.00,0.00,290.00,2024-07-11
2141,INV-002141,255,264,2024-08-10,2024-08-25,paid,USD,290.00,0.00,290.00,2024-08-18
2142,INV-002142,255,264,2024-09-10,2024-10-10,paid,USD,290.00,0.00,290.00,2024-09-10
2143,INV-002143,255,264,2024-10-10,2024-11-24,paid,USD,290.00,0.00,290.00,2024-10-13
2144,INV-002144,255,264,2024-11-10,2024-12-10,paid,USD,290.00,0.00,290.00,2024-11-15
2145,INV-002145,256,265,2023-05-28,2023-06-12,paid,USD,236.00,0.00,236.00,2023-06-09
2146,INV-002146,256,265,2023-06-28,2023-08-12,paid,USD,236.00,0.00,236.00,2023-07-02
2147,INV-002147,256,265,2023-07-28,2023-08-12,paid,USD,236.00,0.00,236.00,2023-08-08
2148,INV-002148,256,265,2023-08-28,2023-09-27,void,USD,236.00,0.00,236.00,
2149,INV-002149,256,265,2023-09-28,2023-11-12,paid,USD,236.00,0.00,236.00,2023-10-06
2150,INV-002150,256,265,2023-10-28,2023-12-12,paid,USD,236.00,0.00,236.00,2023-11-01
2151,INV-002151,256,265,2023-11-28,2023-12-28,paid,USD,396.00,0.00,396.00,2023-11-29
2152,INV-002152,256,265,2023-12-28,2024-01-27,paid,USD,396.00,0.00,396.00,2024-01-24
2153,INV-002153,256,265,2024-01-28,2024-02-27,paid,USD,396.00,0.00,396.00,2024-01-28
2154,INV-002154,256,265,2024-02-28,2024-03-14,paid,USD,396.00,0.00,396.00,2024-03-06
2155,INV-002155,256,265,2024-03-28,2024-05-12,paid,USD,445.00,0.00,445.00,2024-04-11
2156,INV-002156,256,265,2024-04-28,2024-06-12,paid,USD,445.00,0.00,445.00,2024-05-02
2157,INV-002157,256,265,2024-05-28,2024-07-12,paid,USD,396.00,0.00,396.00,2024-06-05
2158,INV-002158,256,265,2024-06-28,2024-07-13,paid,USD,475.00,0.00,475.00,2024-07-05
2159,INV-002159,256,265,2024-07-28,2024-08-27,paid,USD,396.00,0.00,396.00,2024-08-04
2160,INV-002160,256,265,2024-08-28,2024-09-27,paid,USD,396.00,0.00,396.00,2024-09-04
2161,INV-002161,256,265,2024-09-28,2024-10-28,paid,USD,396.00,0.00,396.00,2024-10-02
2162,INV-002162,256,265,2024-10-28,2024-11-27,paid,USD,475.00,0.00,475.00,2024-11-14
2163,INV-002163,256,265,2024-11-28,2024-12-13,paid,USD,475.00,0.00,475.00,2024-12-03
2164,INV-002164,256,265,2024-12-28,2025-01-27,paid,USD,396.00,0.00,396.00,2025-01-01
2165,INV-002165,256,265,2025-01-28,2025-03-14,paid,USD,396.00,0.00,396.00,2025-02-13
2166,INV-002166,256,265,2025-02-28,2025-03-30,paid,USD,475.00,0.00,475.00,2025-03-02
2167,INV-002167,256,265,2025-03-28,2025-04-12,paid,USD,396.00,0.00,396.00,2025-03-30
2168,INV-002168,256,265,2025-04-28,2025-05-28,paid,USD,396.00,0.00,396.00,2025-04-30
2169,INV-002169,256,265,2025-05-28,2025-06-27,paid,USD,396.00,0.00,396.00,2025-06-04
2170,INV-002170,256,265,2025-06-28,2025-07-28,paid,USD,396.00,0.00,396.00,2025-07-06
2171,INV-002171,256,265,2025-07-28,2025-08-12,paid,USD,396.00,0.00,396.00,2025-07-31
2172,INV-002172,256,265,2025-08-28,2025-10-12,paid,USD,396.00,0.00,396.00,2025-09-06
2173,INV-002173,256,265,2025-09-28,2025-10-13,paid,USD,396.00,0.00,396.00,2025-10-02
2174,INV-002174,256,265,2025-10-28,2025-11-12,paid,USD,396.00,0.00,396.00,2025-10-29
2175,INV-002175,256,265,2025-11-28,2025-12-28,paid,USD,396.00,0.00,396.00,2025-12-22
2176,INV-002176,256,265,2025-12-28,2026-02-11,paid,USD,396.00,0.00,396.00,2025-12-28
2177,INV-002177,256,265,2026-01-28,2026-03-14,paid,USD,396.00,0.00,396.00,2026-02-10
2178,INV-002178,256,265,2026-02-28,2026-03-30,paid,USD,445.00,0.00,445.00,2026-03-14
2179,INV-002179,256,265,2026-03-28,2026-05-12,paid,USD,396.00,0.00,396.00,2026-03-30
2180,INV-002180,256,265,2026-04-28,2026-05-28,void,USD,396.00,0.00,396.00,
2181,INV-002181,256,265,2026-05-28,2026-07-12,paid,USD,396.00,0.00,396.00,2026-05-31
2182,INV-002182,256,265,2026-06-28,2026-08-12,paid,USD,574.00,0.00,574.00,2026-08-07
2183,INV-002183,256,265,2026-07-28,2026-09-11,paid,USD,495.00,0.00,495.00,2026-08-09
2184,INV-002184,256,265,2026-08-28,2026-09-12,paid,USD,594.00,0.00,594.00,2026-08-31
2185,INV-002185,257,266,2025-02-07,2025-03-09,paid,USD,11880.00,0.00,11880.00,2025-02-12
2186,INV-002186,257,266,2026-02-07,2026-03-09,paid,USD,6489.96,0.00,6489.96,2026-02-24
2187,INV-002187,258,267,2025-08-20,2025-09-04,paid,USD,590.00,0.00,590.00,2025-08-27
2188,INV-002188,258,267,2025-09-20,2025-10-20,paid,USD,590.00,0.00,590.00,2025-09-22
2189,INV-002189,258,267,2025-10-20,2025-11-04,paid,USD,590.00,0.00,590.00,2025-11-02
2190,INV-002190,258,267,2025-11-20,2026-01-04,paid,USD,590.00,0.00,590.00,2025-12-14
2191,INV-002191,258,267,2025-12-20,2026-01-04,paid,USD,590.00,0.00,590.00,2025-12-22
2192,INV-002192,258,267,2026-01-20,2026-02-19,paid,USD,590.00,0.00,590.00,2026-01-27
2193,INV-002193,258,267,2026-02-20,2026-03-22,paid,USD,590.00,0.00,590.00,2026-02-20
2194,INV-002194,258,267,2026-03-20,2026-04-19,paid,USD,590.00,0.00,590.00,2026-03-23
2195,INV-002195,258,267,2026-04-20,2026-05-05,paid,USD,590.00,0.00,590.00,2026-05-01
2196,INV-002196,258,267,2026-05-20,2026-06-19,paid,USD,590.00,0.00,590.00,2026-05-24
2197,INV-002197,258,267,2026-06-20,2026-07-20,paid,USD,472.00,0.00,472.00,2026-06-27
2198,INV-002198,258,267,2026-07-20,2026-08-04,paid,USD,472.00,0.00,472.00,2026-08-14
2199,INV-002199,258,267,2026-08-20,2026-09-19,paid,USD,472.00,0.00,472.00,2026-08-21
2200,INV-002200,259,268,2025-01-13,2025-01-28,paid,USD,29499.96,0.00,29499.96,2025-01-15
2201,INV-002201,259,268,2026-01-13,2026-01-28,paid,USD,49500.00,0.00,49500.00,2026-01-16
2202,INV-002202,260,269,2026-02-26,2026-04-12,paid,USD,590.00,0.00,590.00,2026-03-05
2203,INV-002203,260,269,2026-03-26,2026-04-25,uncollectible,USD,649.00,0.00,649.00,
2204,INV-002204,260,269,2026-04-26,2026-05-26,paid,USD,649.00,0.00,649.00,2026-04-26
2205,INV-002205,260,269,2026-05-26,2026-06-25,paid,USD,649.00,0.00,649.00,2026-06-01
2206,INV-002206,260,269,2026-06-26,2026-07-26,paid,USD,649.00,0.00,649.00,2026-07-14
2207,INV-002207,260,269,2026-07-26,2026-08-10,paid,USD,649.00,0.00,649.00,2026-08-16
2208,INV-002208,260,269,2026-08-26,2026-10-10,paid,USD,649.00,0.00,649.00,2026-08-31
2209,INV-002209,261,270,2024-07-10,2024-07-25,paid,USD,98.33,0.00,98.33,2024-07-10
2210,INV-002210,261,270,2024-08-10,2024-09-09,paid,USD,98.33,0.00,98.33,2024-09-05
2211,INV-002211,261,270,2024-09-10,2024-10-10,paid,USD,98.33,0.00,98.33,2024-09-11
2212,INV-002212,261,270,2024-10-10,2024-11-09,paid,USD,98.33,0.00,98.33,2024-10-10
2213,INV-002213,261,270,2024-11-10,2024-12-25,paid,USD,98.33,0.00,98.33,2024-11-10
2214,INV-002214,261,270,2024-12-10,2025-01-09,paid,USD,98.33,0.00,98.33,2024-12-11
2215,INV-002215,261,270,2025-01-10,2025-01-25,paid,USD,98.33,0.00,98.33,2025-01-10
2216,INV-002216,261,270,2025-02-10,2025-02-25,paid,USD,98.33,0.00,98.33,2025-02-10
2217,INV-002217,261,270,2025-03-10,2025-04-24,paid,USD,98.33,0.00,98.33,2025-03-12
2218,INV-002218,261,270,2025-04-10,2025-05-25,paid,USD,98.33,0.00,98.33,2025-04-27
2219,INV-002219,261,270,2025-05-10,2025-05-25,paid,USD,98.33,0.00,98.33,2025-05-14
2220,INV-002220,261,270,2025-06-10,2025-06-25,paid,USD,98.33,0.00,98.33,2025-06-14
2221,INV-002221,261,270,2025-07-10,2025-07-25,paid,USD,98.33,0.00,98.33,2025-07-18
2222,INV-002222,261,270,2025-08-10,2025-09-09,paid,USD,98.33,0.00,98.33,2025-08-12
2223,INV-002223,261,270,2025-09-10,2025-10-10,paid,USD,98.33,0.00,98.33,2025-09-14
2224,INV-002224,261,270,2025-10-10,2025-10-25,paid,USD,98.33,0.00,98.33,2025-10-14
2225,INV-002225,261,270,2025-11-10,2025-12-10,paid,USD,98.33,0.00,98.33,2025-11-18
2226,INV-002226,261,270,2025-12-10,2026-01-09,paid,USD,98.33,0.00,98.33,2025-12-26
2227,INV-002227,261,270,2026-01-10,2026-02-24,paid,USD,98.33,0.00,98.33,2026-01-10
2228,INV-002228,261,270,2026-02-10,2026-02-25,paid,USD,98.33,0.00,98.33,2026-02-27
2229,INV-002229,261,270,2026-03-10,2026-03-25,paid,USD,98.33,0.00,98.33,2026-03-15
2230,INV-002230,261,270,2026-04-10,2026-05-10,paid,USD,98.33,0.00,98.33,2026-04-10
2231,INV-002231,261,270,2026-05-10,2026-06-09,paid,USD,98.33,0.00,98.33,2026-05-17
2232,INV-002232,261,270,2026-06-10,2026-07-25,paid,USD,98.33,0.00,98.33,2026-06-22
2233,INV-002233,261,270,2026-07-10,2026-07-25,paid,USD,98.33,0.00,98.33,2026-07-14
2234,INV-002234,261,270,2026-08-10,2026-09-09,paid,USD,58.00,0.00,58.00,2026-08-14
2235,INV-002235,262,271,2026-04-03,2026-04-18,paid,USD,145.00,0.00,145.00,2026-04-18
2236,INV-002236,262,271,2026-05-03,2026-06-17,paid,USD,145.00,0.00,145.00,2026-05-05
2237,INV-002237,262,271,2026-06-03,2026-07-18,paid,USD,145.00,0.00,145.00,2026-06-06
2238,INV-002238,262,271,2026-07-03,2026-07-18,paid,USD,145.00,0.00,145.00,2026-07-10
2239,INV-002239,262,271,2026-08-03,2026-09-02,paid,USD,145.00,0.00,145.00,2026-08-09
2240,INV-002240,263,272,2025-08-16,2025-09-15,paid,USD,58.00,0.00,58.00,2025-08-22
2241,INV-002241,263,272,2025-09-16,2025-10-31,paid,USD,58.00,0.00,58.00,2025-10-15
2242,INV-002242,264,273,2022-10-06,2022-11-05,paid,USD,2376.00,0.00,2376.00,2022-10-14
2243,INV-002243,264,273,2022-11-06,2022-11-21,paid,USD,2455.00,0.00,2455.00,2022-11-10
2244,INV-002244,264,273,2022-12-06,2023-01-05,paid,USD,2376.00,0.00,2376.00,2022-12-17
2245,INV-002245,264,273,2023-01-06,2023-01-21,paid,USD,2376.00,0.00,2376.00,2023-01-13
2246,INV-002246,264,273,2023-02-06,2023-03-08,paid,USD,2376.00,0.00,2376.00,2023-03-10
2247,INV-002247,264,273,2023-03-06,2023-03-21,paid,USD,2376.00,0.00,2376.00,2023-03-07
2248,INV-002248,264,273,2023-04-06,2023-04-21,paid,USD,2425.00,0.00,2425.00,2023-04-10
2249,INV-002249,264,273,2023-05-06,2023-05-21,paid,USD,2376.00,0.00,2376.00,2023-05-07
2250,INV-002250,264,273,2023-06-06,2023-07-06,paid,USD,2376.00,0.00,2376.00,2023-06-11
2251,INV-002251,264,273,2023-07-06,2023-08-05,paid,USD,2376.00,0.00,2376.00,2023-07-11
2252,INV-002252,264,273,2023-08-06,2023-09-20,paid,USD,2376.00,0.00,2376.00,2023-08-12
2253,INV-002253,264,273,2023-09-06,2023-09-21,paid,USD,2455.00,0.00,2455.00,2023-09-06
2254,INV-002254,264,273,2023-10-06,2023-11-05,paid,USD,2673.00,0.00,2673.00,2023-10-11
2255,INV-002255,264,273,2023-11-06,2023-11-21,paid,USD,2673.00,0.00,2673.00,2023-11-15
2256,INV-002256,264,273,2023-12-06,2024-01-20,paid,USD,2673.00,0.00,2673.00,2023-12-11
2257,INV-002257,264,273,2024-01-06,2024-02-05,paid,USD,2673.00,0.00,2673.00,2024-01-10
2258,INV-002258,264,273,2024-02-06,2024-03-07,paid,USD,2673.00,0.00,2673.00,2024-02-24
2259,INV-002259,264,273,2024-03-06,2024-04-05,paid,USD,2673.00,0.00,2673.00,2024-03-06
2260,INV-002260,264,273,2024-04-06,2024-05-21,paid,USD,2673.00,0.00,2673.00,2024-04-30
2261,INV-002261,264,273,2024-05-06,2024-06-05,paid,USD,2673.00,0.00,2673.00,2024-05-11
2262,INV-002262,264,273,2024-06-06,2024-06-21,paid,USD,2673.00,0.00,2673.00,2024-06-07
2263,INV-002263,264,273,2024-07-06,2024-08-20,paid,USD,2673.00,0.00,2673.00,2024-07-09
2264,INV-002264,264,273,2024-08-06,2024-09-05,paid,USD,2673.00,0.00,2673.00,2024-08-10
2265,INV-002265,264,273,2024-09-06,2024-10-21,paid,USD,2802.00,0.00,2802.00,2024-09-19
2266,INV-002266,264,273,2024-10-06,2024-11-05,paid,USD,2673.00,0.00,2673.00,2024-10-10
2267,INV-002267,264,273,2024-11-06,2024-12-06,paid,USD,2752.00,0.00,2752.00,2024-11-20
2268,INV-002268,264,273,2024-12-06,2025-01-05,paid,USD,2673.00,0.00,2673.00,2024-12-07
2269,INV-002269,264,273,2025-01-06,2025-01-21,paid,USD,2673.00,0.00,2673.00,2025-01-07
2270,INV-002270,264,273,2025-02-06,2025-03-23,paid,USD,2673.00,0.00,2673.00,2025-02-06
2271,INV-002271,264,273,2025-03-06,2025-03-21,paid,USD,2673.00,0.00,2673.00,2025-03-07
2272,INV-002272,264,273,2025-04-06,2025-05-06,paid,USD,1593.00,0.00,1593.00,2025-04-06
2273,INV-002273,264,273,2025-05-06,2025-05-21,paid,USD,1593.00,0.00,1593.00,2025-05-06
2274,INV-002274,264,273,2025-06-06,2025-07-21,paid,USD,1593.00,0.00,1593.00,2025-06-20
2275,INV-002275,264,273,2025-07-06,2025-07-21,paid,USD,1593.00,0.00,1593.00,2025-07-12
2276,INV-002276,264,273,2025-08-06,2025-09-05,paid,USD,1593.00,0.00,1593.00,2025-08-12
2277,INV-002277,264,273,2025-09-06,2025-10-21,paid,USD,1593.00,0.00,1593.00,2025-09-23
2278,INV-002278,264,273,2025-10-06,2025-11-05,paid,USD,1593.00,0.00,1593.00,2025-10-23
2279,INV-002279,264,273,2025-11-06,2025-12-21,paid,USD,1593.00,0.00,1593.00,2025-11-12
2280,INV-002280,264,273,2025-12-06,2026-01-20,paid,USD,1593.00,0.00,1593.00,2025-12-14
2281,INV-002281,264,273,2026-01-06,2026-02-05,paid,USD,1593.00,0.00,1593.00,2026-01-13
2282,INV-002282,264,273,2026-02-06,2026-03-23,paid,USD,1593.00,0.00,1593.00,2026-02-10
2283,INV-002283,264,273,2026-03-06,2026-04-20,uncollectible,USD,1593.00,0.00,1593.00,
2284,INV-002284,264,273,2026-04-06,2026-05-21,paid,USD,1593.00,0.00,1593.00,2026-04-20
2285,INV-002285,264,273,2026-05-06,2026-06-05,paid,USD,1593.00,0.00,1593.00,2026-05-11
2286,INV-002286,264,273,2026-06-06,2026-06-21,paid,USD,1593.00,0.00,1593.00,2026-06-10
2287,INV-002287,264,273,2026-07-06,2026-08-20,paid,USD,1593.00,0.00,1593.00,2026-07-08
2288,INV-002288,264,273,2026-08-06,2026-09-05,paid,USD,1593.00,0.00,1593.00,2026-08-09
2289,INV-002289,265,274,2026-06-27,2026-07-27,paid,USD,354.00,0.00,354.00,2026-07-02
2290,INV-002290,265,274,2026-07-27,2026-08-11,paid,USD,354.00,0.00,354.00,2026-07-27
2291,INV-002291,265,274,2026-08-27,2026-09-26,open,USD,354.00,0.00,354.00,
2292,INV-002292,266,275,2024-12-13,2025-01-27,paid,USD,2310.00,0.00,2310.00,2024-12-15
2293,INV-002293,266,275,2025-01-13,2025-02-12,paid,USD,2310.00,0.00,2310.00,2025-01-14
2294,INV-002294,266,275,2025-02-13,2025-03-30,paid,USD,2439.00,0.00,2439.00,2025-02-13
2295,INV-002295,266,275,2025-03-13,2025-04-12,paid,USD,2310.00,0.00,2310.00,2025-03-20
2296,INV-002296,266,275,2025-04-13,2025-05-13,uncollectible,USD,2389.00,0.00,2389.00,
2297,INV-002297,266,275,2025-05-13,2025-06-12,paid,USD,2310.00,0.00,2310.00,2025-05-13
2298,INV-002298,266,275,2025-06-13,2025-06-28,paid,USD,2439.00,0.00,2439.00,2025-06-18
2299,INV-002299,266,275,2025-07-13,2025-08-27,paid,USD,2310.00,0.00,2310.00,2025-08-03
2300,INV-002300,266,275,2025-08-13,2025-08-28,paid,USD,2310.00,0.00,2310.00,2025-08-16
2301,INV-002301,266,275,2025-09-13,2025-09-28,paid,USD,2310.00,0.00,2310.00,2025-09-13
2302,INV-002302,266,275,2025-10-13,2025-10-28,paid,USD,2310.00,0.00,2310.00,2025-10-18
2303,INV-002303,266,275,2025-11-13,2025-12-28,paid,USD,1376.67,0.00,1376.67,2025-11-13
2304,INV-002304,266,275,2025-12-13,2025-12-28,paid,USD,1376.67,0.00,1376.67,2025-12-15
2305,INV-002305,266,275,2026-01-13,2026-02-12,paid,USD,1376.67,0.00,1376.67,2026-01-24
2306,INV-002306,266,275,2026-02-13,2026-03-15,paid,USD,1376.67,0.00,1376.67,2026-02-21
2307,INV-002307,266,275,2026-03-13,2026-04-27,paid,USD,290.00,0.00,290.00,2026-03-19
2308,INV-002308,266,275,2026-04-13,2026-04-28,paid,USD,290.00,0.00,290.00,2026-04-25
2309,INV-002309,266,275,2026-05-13,2026-06-27,paid,USD,290.00,0.00,290.00,2026-05-16
2310,INV-002310,266,275,2026-06-13,2026-07-28,paid,USD,290.00,0.00,290.00,2026-06-17
2311,INV-002311,267,276,2025-01-28,2025-03-14,paid,USD,34230.00,0.00,34230.00,2025-02-02
2312,INV-002312,267,276,2026-01-28,2026-03-14,paid,USD,31680.00,0.00,31680.00,2026-01-28
2313,INV-002313,268,277,2023-06-26,2023-07-26,paid,USD,767.00,0.00,767.00,2023-06-30
2314,INV-002314,268,277,2023-07-26,2023-08-10,paid,USD,767.00,0.00,767.00,2023-07-26
2315,INV-002315,268,277,2023-08-26,2023-09-10,paid,USD,767.00,0.00,767.00,2023-10-05
2316,INV-002316,268,277,2023-09-26,2023-10-26,paid,USD,767.00,0.00,767.00,2023-09-26
2317,INV-002317,268,277,2023-10-26,2023-12-10,paid,USD,767.00,0.00,767.00,2023-11-12
2318,INV-002318,268,277,2023-11-26,2024-01-10,paid,USD,767.00,0.00,767.00,2023-12-07
2319,INV-002319,268,277,2023-12-26,2024-02-09,paid,USD,767.00,0.00,767.00,2023-12-31
2320,INV-002320,268,277,2024-01-26,2024-02-25,paid,USD,767.00,0.00,767.00,2024-02-01
2321,INV-002321,268,277,2024-02-26,2024-04-11,paid,USD,767.00,0.00,767.00,2024-03-07
2322,INV-002322,268,277,2024-03-26,2024-04-25,paid,USD,767.00,0.00,767.00,2024-03-26
2323,INV-002323,268,277,2024-04-26,2024-05-11,paid,USD,767.00,0.00,767.00,2024-04-27
2324,INV-002324,268,277,2024-05-26,2024-07-10,paid,USD,767.00,0.00,767.00,2024-05-31
2325,INV-002325,268,277,2024-06-26,2024-07-11,paid,USD,767.00,0.00,767.00,2024-06-26
2326,INV-002326,268,277,2024-07-26,2024-09-09,paid,USD,708.00,0.00,708.00,2024-07-31
2327,INV-002327,268,277,2024-08-26,2024-09-25,paid,USD,708.00,0.00,708.00,2024-09-06
2328,INV-002328,268,277,2024-09-26,2024-10-11,paid,USD,708.00,0.00,708.00,2024-10-24
2329,INV-002329,268,277,2024-10-26,2024-11-25,paid,USD,708.00,0.00,708.00,2024-10-27
2330,INV-002330,268,277,2024-11-26,2025-01-10,paid,USD,1188.00,0.00,1188.00,2024-12-13
2331,INV-002331,268,277,2024-12-26,2025-01-25,paid,USD,1188.00,0.00,1188.00,2024-12-27
2332,INV-002332,268,277,2025-01-26,2025-03-12,paid,USD,1188.00,0.00,1188.00,2025-01-26
2333,INV-002333,268,277,2025-02-26,2025-03-28,paid,USD,1317.00,0.00,1317.00,2025-03-03
2334,INV-002334,268,277,2025-03-26,2025-04-25,paid,USD,1188.00,0.00,1188.00,2025-04-25
2335,INV-002335,268,277,2025-04-26,2025-05-26,paid,USD,1188.00,0.00,1188.00,2025-04-30
2336,INV-002336,268,277,2025-05-26,2025-07-10,paid,USD,1188.00,0.00,1188.00,2025-06-03
2337,INV-002337,268,277,2025-06-26,2025-07-26,paid,USD,1386.00,0.00,1386.00,2025-07-16
2338,INV-002338,268,277,2025-07-26,2025-08-25,paid,USD,1386.00,0.00,1386.00,2025-07-28
2339,INV-002339,268,277,2025-08-26,2025-10-10,paid,USD,1465.00,0.00,1465.00,2025-08-27
2340,INV-002340,268,277,2025-09-26,2025-10-26,paid,USD,1386.00,0.00,1386.00,2025-10-01
2341,INV-002341,268,277,2025-10-26,2025-11-10,paid,USD,1465.00,0.00,1465.00,2025-10-28
2342,INV-002342,268,277,2025-11-26,2025-12-11,paid,USD,1386.00,0.00,1386.00,2025-12-06
2343,INV-002343,269,278,2025-02-14,2025-03-16,paid,USD,4248.00,0.00,4248.00,2025-02-21
2344,INV-002344,269,278,2026-02-14,2026-03-16,paid,USD,8316.00,0.00,8316.00,2026-03-02
2345,INV-002345,270,279,2024-10-26,2024-11-10,void,USD,12980.04,0.00,12980.04,
2346,INV-002346,270,279,2025-10-26,2025-11-10,paid,USD,14750.04,0.00,14750.04,2025-10-30
2347,INV-002347,271,280,2023-08-25,2023-09-24,paid,USD,1121.00,0.00,1121.00,2023-09-10
2348,INV-002348,271,280,2023-09-25,2023-10-25,uncollectible,USD,1881.00,0.00,1881.00,
2349,INV-002349,271,280,2023-10-25,2023-11-24,paid,USD,1881.00,0.00,1881.00,2023-10-29
2350,INV-002350,271,280,2023-11-25,2023-12-25,paid,USD,1881.00,0.00,1881.00,2023-11-26
2351,INV-002351,271,280,2023-12-25,2024-01-24,uncollectible,USD,1881.00,0.00,1881.00,
2352,INV-002352,271,280,2024-01-25,2024-02-24,paid,USD,1881.00,0.00,1881.00,2024-01-27
2353,INV-002353,271,280,2024-02-25,2024-03-26,paid,USD,2010.00,0.00,2010.00,2024-03-03
2354,INV-002354,271,280,2024-03-25,2024-04-09,paid,USD,1881.00,0.00,1881.00,2024-04-06
2355,INV-002355,271,280,2024-04-25,2024-05-10,paid,USD,1881.00,0.00,1881.00,2024-04-25
2356,INV-002356,271,280,2024-05-25,2024-07-09,paid,USD,1881.00,0.00,1881.00,2024-05-29
2357,INV-002357,271,280,2024-06-25,2024-07-25,paid,USD,1881.00,0.00,1881.00,2024-07-03
2358,INV-002358,271,280,2024-07-25,2024-08-24,paid,USD,1881.00,0.00,1881.00,2024-08-08
2359,INV-002359,271,280,2024-08-25,2024-09-24,paid,USD,1881.00,0.00,1881.00,2024-09-30
2360,INV-002360,271,280,2024-09-25,2024-10-25,paid,USD,1960.00,0.00,1960.00,2024-10-01
2361,INV-002361,271,280,2024-10-25,2024-11-09,paid,USD,1881.00,0.00,1881.00,2024-10-27
2362,INV-002362,271,280,2024-11-25,2024-12-25,paid,USD,1881.00,0.00,1881.00,2024-12-05
2363,INV-002363,271,280,2024-12-25,2025-01-24,paid,USD,1960.00,0.00,1960.00,2025-01-04
2364,INV-002364,271,280,2025-01-25,2025-02-09,paid,USD,1930.00,0.00,1930.00,2025-01-25
2365,INV-002365,271,280,2025-02-25,2025-03-27,paid,USD,1930.00,0.00,1930.00,2025-03-16
2366,INV-002366,271,280,2025-03-25,2025-05-09,paid,USD,1881.00,0.00,1881.00,2025-03-28
2367,INV-002367,271,280,2025-04-25,2025-05-10,paid,USD,1881.00,0.00,1881.00,2025-05-12
2368,INV-002368,271,280,2025-05-25,2025-06-24,paid,USD,1881.00,0.00,1881.00,2025-05-30
2369,INV-002369,271,280,2025-06-25,2025-08-09,paid,USD,1881.00,0.00,1881.00,2025-06-28
2370,INV-002370,271,280,2025-07-25,2025-08-24,paid,USD,2178.00,0.00,2178.00,2025-07-29
2371,INV-002371,271,280,2025-08-25,2025-09-24,paid,USD,2227.00,0.00,2227.00,2025-09-07
2372,INV-002372,271,280,2025-09-25,2025-10-25,paid,USD,2178.00,0.00,2178.00,2025-10-29
2373,INV-002373,271,280,2025-10-25,2025-12-09,paid,USD,2227.00,0.00,2227.00,2025-10-25
2374,INV-002374,271,280,2025-11-25,2025-12-10,paid,USD,2475.00,0.00,2475.00,2025-12-01
2375,INV-002375,271,280,2025-12-25,2026-01-09,paid,USD,2475.00,0.00,2475.00,2025-12-27
2376,INV-002376,271,280,2026-01-25,2026-02-24,paid,USD,2970.00,0.00,2970.00,2026-01-28
2377,INV-002377,271,280,2026-02-25,2026-03-27,paid,USD,2970.00,0.00,2970.00,2026-03-02
2378,INV-002378,271,280,2026-03-25,2026-04-24,paid,USD,2970.00,0.00,2970.00,2026-04-15
2379,INV-002379,271,280,2026-04-25,2026-05-25,paid,USD,3049.00,0.00,3049.00,2026-04-27
2380,INV-002380,271,280,2026-05-25,2026-06-24,paid,USD,2970.00,0.00,2970.00,2026-05-26
2381,INV-002381,271,280,2026-06-25,2026-07-10,paid,USD,2970.00,0.00,2970.00,2026-06-29
2382,INV-002382,271,280,2026-07-25,2026-08-09,paid,USD,2970.00,0.00,2970.00,2026-08-08
2383,INV-002383,271,280,2026-08-25,2026-09-24,open,USD,2970.00,0.00,2970.00,
2384,INV-002384,272,281,2025-02-25,2025-03-12,paid,USD,1026139.96,0.00,1026139.96,2025-03-05
2385,INV-002385,273,282,2026-04-13,2026-04-28,paid,USD,970.00,0.00,970.00,2026-04-28
2386,INV-002386,273,282,2026-05-13,2026-06-12,paid,USD,891.00,0.00,891.00,2026-05-17
2387,INV-002387,273,282,2026-06-13,2026-07-13,paid,USD,891.00,0.00,891.00,2026-06-13
2388,INV-002388,273,282,2026-07-13,2026-08-27,paid,USD,970.00,0.00,970.00,2026-07-17
2389,INV-002389,273,282,2026-08-13,2026-08-28,paid,USD,891.00,0.00,891.00,2026-08-22
2390,INV-002390,274,283,2025-04-20,2025-05-05,paid,USD,18850.00,0.00,18850.00,2025-05-17
2391,INV-002391,274,283,2026-04-20,2026-05-20,paid,USD,15840.00,0.00,15840.00,2026-04-30
2392,INV-002392,275,284,2026-06-04,2026-07-04,paid,USD,2949.96,0.00,2949.96,2026-06-09
2393,INV-002393,276,285,2026-03-07,2026-03-22,paid,USD,58.00,0.00,58.00,2026-03-08
2394,INV-002394,276,285,2026-04-07,2026-05-22,paid,USD,58.00,0.00,58.00,2026-04-30
2395,INV-002395,276,285,2026-05-07,2026-06-06,paid,USD,58.00,0.00,58.00,2026-05-14
2396,INV-002396,276,285,2026-06-07,2026-07-07,paid,USD,58.00,0.00,58.00,2026-06-18
2397,INV-002397,276,285,2026-07-07,2026-08-21,paid,USD,87.00,0.00,87.00,2026-07-10
2398,INV-002398,276,285,2026-08-07,2026-09-21,paid,USD,87.00,0.00,87.00,2026-08-10
2399,INV-002399,277,286,2026-08-01,2026-08-31,paid,USD,26820.00,0.00,26820.00,2026-08-06
2400,INV-002400,278,287,2025-11-24,2025-12-09,paid,USD,434140.00,0.00,434140.00,2025-12-03
2401,INV-002401,279,288,2024-02-14,2024-02-29,paid,USD,145.00,0.00,145.00,2024-02-18
2402,INV-002402,279,288,2024-03-14,2024-04-28,paid,USD,145.00,0.00,145.00,2024-03-15
2403,INV-002403,279,288,2024-04-14,2024-05-14,paid,USD,174.00,0.00,174.00,2024-04-24
2404,INV-002404,279,288,2024-05-14,2024-05-29,paid,USD,174.00,0.00,174.00,2024-05-15
2405,INV-002405,279,288,2024-06-14,2024-06-29,paid,USD,174.00,0.00,174.00,2024-07-02
2406,INV-002406,279,288,2024-07-14,2024-08-28,void,USD,174.00,0.00,174.00,
2407,INV-002407,279,288,2024-08-14,2024-09-13,paid,USD,174.00,0.00,174.00,2024-08-15
2408,INV-002408,279,288,2024-09-14,2024-10-29,uncollectible,USD,174.00,0.00,174.00,
2409,INV-002409,280,289,2024-11-13,2024-12-28,paid,USD,290.00,0.00,290.00,2024-11-13
2410,INV-002410,280,289,2024-12-13,2025-01-12,paid,USD,290.00,0.00,290.00,2024-12-17
2411,INV-002411,280,289,2025-01-13,2025-02-12,paid,USD,290.00,0.00,290.00,2025-01-16
2412,INV-002412,280,289,2025-02-13,2025-03-15,paid,USD,290.00,0.00,290.00,2025-02-18
2413,INV-002413,280,289,2025-03-13,2025-03-28,paid,USD,290.00,0.00,290.00,2025-03-23
2414,INV-002414,280,289,2025-04-13,2025-05-13,paid,USD,290.00,0.00,290.00,2025-04-20
2415,INV-002415,281,290,2024-06-25,2024-07-10,paid,USD,236.00,0.00,236.00,2024-07-01
2416,INV-002416,281,290,2024-07-25,2024-08-09,paid,USD,236.00,0.00,236.00,2024-08-01
2417,INV-002417,281,290,2024-08-25,2024-09-09,paid,USD,236.00,0.00,236.00,2024-08-28
2418,INV-002418,281,290,2024-09-25,2024-10-25,paid,USD,236.00,0.00,236.00,2024-09-28
2419,INV-002419,281,290,2024-10-25,2024-11-24,paid,USD,236.00,0.00,236.00,2024-11-04
2420,INV-002420,281,290,2024-11-25,2024-12-25,paid,USD,236.00,0.00,236.00,2024-11-25
2421,INV-002421,281,290,2024-12-25,2025-02-08,paid,USD,236.00,0.00,236.00,2025-01-07
2422,INV-002422,281,290,2025-01-25,2025-02-24,uncollectible,USD,236.00,0.00,236.00,
2423,INV-002423,281,290,2025-02-25,2025-04-11,paid,USD,236.00,0.00,236.00,2025-03-01
2424,INV-002424,281,290,2025-03-25,2025-05-09,paid,USD,236.00,0.00,236.00,2025-04-04
2425,INV-002425,281,290,2025-04-25,2025-05-10,paid,USD,236.00,0.00,236.00,2025-04-30
2426,INV-002426,281,290,2025-05-25,2025-06-09,paid,USD,236.00,0.00,236.00,2025-05-25
2427,INV-002427,281,290,2025-06-25,2025-08-09,paid,USD,236.00,0.00,236.00,2025-06-30
2428,INV-002428,281,290,2025-07-25,2025-08-24,paid,USD,236.00,0.00,236.00,2025-07-28
2429,INV-002429,281,290,2025-08-25,2025-09-09,paid,USD,236.00,0.00,236.00,2025-09-16
2430,INV-002430,281,290,2025-09-25,2025-10-10,paid,USD,236.00,0.00,236.00,2025-09-29
2431,INV-002431,281,290,2025-10-25,2025-11-09,paid,USD,236.00,0.00,236.00,2025-10-27
2432,INV-002432,281,290,2025-11-25,2026-01-09,paid,USD,236.00,0.00,236.00,2025-12-21
2433,INV-002433,281,290,2025-12-25,2026-01-24,paid,USD,236.00,0.00,236.00,2026-01-02
2434,INV-002434,281,290,2026-01-25,2026-02-24,paid,USD,236.00,0.00,236.00,2026-02-08
2435,INV-002435,281,290,2026-02-25,2026-04-11,paid,USD,236.00,0.00,236.00,2026-02-27
2436,INV-002436,281,290,2026-03-25,2026-05-09,paid,USD,236.00,0.00,236.00,2026-04-12
2437,INV-002437,281,290,2026-04-25,2026-05-25,paid,USD,236.00,0.00,236.00,2026-04-30
2438,INV-002438,281,290,2026-05-25,2026-06-24,paid,USD,236.00,0.00,236.00,2026-05-27
2439,INV-002439,281,290,2026-06-25,2026-07-25,paid,USD,236.00,0.00,236.00,2026-06-26
2440,INV-002440,281,290,2026-07-25,2026-09-08,paid,USD,236.00,0.00,236.00,2026-07-28
2441,INV-002441,281,290,2026-08-25,2026-09-24,open,USD,236.00,0.00,236.00,
2442,INV-002442,282,291,2026-07-30,2026-08-14,paid,USD,203.00,0.00,203.00,2026-08-02
2443,INV-002443,282,291,2026-08-30,2026-10-14,open,USD,203.00,0.00,203.00,
2444,INV-002444,283,292,2024-01-13,2024-02-12,paid,USD,290.00,0.00,290.00,2024-01-18
2445,INV-002445,283,292,2024-02-13,2024-03-14,paid,USD,290.00,0.00,290.00,2024-02-17
2446,INV-002446,283,292,2024-03-13,2024-04-12,paid,USD,290.00,0.00,290.00,2024-04-01
2447,INV-002447,283,292,2024-04-13,2024-05-13,paid,USD,290.00,0.00,290.00,2024-04-30
2448,INV-002448,283,292,2024-05-13,2024-05-28,paid,USD,290.00,0.00,290.00,2024-05-13
2449,INV-002449,283,292,2024-06-13,2024-07-13,paid,USD,290.00,0.00,290.00,2024-06-17
2450,INV-002450,283,292,2024-07-13,2024-08-27,paid,USD,290.00,0.00,290.00,2024-07-25
2451,INV-002451,283,292,2024-08-13,2024-08-28,paid,USD,290.00,0.00,290.00,2024-08-16
2452,INV-002452,283,292,2024-09-13,2024-10-13,paid,USD,290.00,0.00,290.00,2024-09-26
2453,INV-002453,283,292,2024-10-13,2024-11-27,paid,USD,290.00,0.00,290.00,2024-10-13
2454,INV-002454,283,292,2024-11-13,2024-12-13,paid,USD,290.00,0.00,290.00,2024-11-29
2455,INV-002455,283,292,2024-12-13,2025-01-12,paid,USD,290.00,0.00,290.00,2024-12-13
2456,INV-002456,283,292,2025-01-13,2025-02-27,paid,USD,290.00,0.00,290.00,2025-01-24
2457,INV-002457,283,292,2025-02-13,2025-03-15,paid,USD,290.00,0.00,290.00,2025-02-16
2458,INV-002458,283,292,2025-03-13,2025-03-28,paid,USD,290.00,0.00,290.00,2025-03-21
2459,INV-002459,283,292,2025-04-13,2025-05-28,paid,USD,290.00,0.00,290.00,2025-04-15
2460,INV-002460,283,292,2025-05-13,2025-06-27,paid,USD,290.00,0.00,290.00,2025-05-13
2461,INV-002461,283,292,2025-06-13,2025-07-13,paid,USD,290.00,0.00,290.00,2025-06-16
2462,INV-002462,283,292,2025-07-13,2025-07-28,paid,USD,290.00,0.00,290.00,2025-07-17
2463,INV-002463,283,292,2025-08-13,2025-08-28,paid,USD,290.00,0.00,290.00,2025-08-24
2464,INV-002464,283,292,2025-09-13,2025-10-13,paid,USD,232.00,0.00,232.00,2025-09-23
2465,INV-002465,283,292,2025-10-13,2025-11-12,paid,USD,232.00,0.00,232.00,2025-10-27
2466,INV-002466,284,293,2022-10-04,2022-11-03,paid,USD,295.00,0.00,295.00,2022-10-04
2467,INV-002467,284,293,2022-11-04,2022-12-04,paid,USD,295.00,0.00,295.00,2022-11-07
2468,INV-002468,284,293,2022-12-04,2023-01-18,paid,USD,295.00,0.00,295.00,2022-12-04
2469,INV-002469,284,293,2023-01-04,2023-01-19,paid,USD,295.00,0.00,295.00,2023-01-09
2470,INV-002470,284,293,2023-02-04,2023-03-06,paid,USD,295.00,0.00,295.00,2023-02-12
2471,INV-002471,284,293,2023-03-04,2023-04-18,paid,USD,295.00,0.00,295.00,2023-03-09
2472,INV-002472,284,293,2023-04-04,2023-05-04,paid,USD,295.00,0.00,295.00,2023-04-07
2473,INV-002473,284,293,2023-05-04,2023-05-19,paid,USD,295.00,0.00,295.00,2023-05-22
2474,INV-002474,284,293,2023-06-04,2023-07-04,paid,USD,295.00,0.00,295.00,2023-06-13
2475,INV-002475,284,293,2023-07-04,2023-07-19,paid,USD,295.00,0.00,295.00,2023-07-14
2476,INV-002476,284,293,2023-08-04,2023-09-18,paid,USD,236.00,0.00,236.00,2023-08-10
2477,INV-002477,284,293,2023-09-04,2023-10-04,paid,USD,236.00,0.00,236.00,2023-09-04
2478,INV-002478,284,293,2023-10-04,2023-11-03,paid,USD,236.00,0.00,236.00,2023-10-12
2479,INV-002479,284,293,2023-11-04,2023-12-04,paid,USD,236.00,0.00,236.00,2023-11-06
2480,INV-002480,284,293,2023-12-04,2024-01-03,paid,USD,236.00,0.00,236.00,2023-12-13
2481,INV-002481,284,293,2024-01-04,2024-02-03,paid,USD,236.00,0.00,236.00,2024-01-05
2482,INV-002482,284,293,2024-02-04,2024-03-05,paid,USD,236.00,0.00,236.00,2024-02-06
2483,INV-002483,284,293,2024-03-04,2024-04-03,paid,USD,236.00,0.00,236.00,2024-03-16
2484,INV-002484,284,293,2024-04-04,2024-04-19,paid,USD,236.00,0.00,236.00,2024-04-20
2485,INV-002485,284,293,2024-05-04,2024-06-03,paid,USD,236.00,0.00,236.00,2024-05-06
2486,INV-002486,285,294,2025-05-01,2025-05-31,paid,USD,29499.96,0.00,29499.96,2025-05-02
2487,INV-002487,285,294,2026-05-01,2026-05-31,paid,USD,29499.96,0.00,29499.96,2026-05-02
2488,INV-002488,286,295,2025-10-28,2025-11-27,paid,USD,826.00,0.00,826.00,2025-10-29
2489,INV-002489,286,295,2025-11-28,2026-01-12,paid,USD,1003.00,0.00,1003.00,2025-11-30
2490,INV-002490,286,295,2025-12-28,2026-01-12,paid,USD,1003.00,0.00,1003.00,2025-12-30
2491,INV-002491,286,295,2026-01-28,2026-03-14,paid,USD,1003.00,0.00,1003.00,2026-01-29
2492,INV-002492,286,295,2026-02-28,2026-03-30,paid,USD,1003.00,0.00,1003.00,2026-03-17
2493,INV-002493,286,295,2026-03-28,2026-04-12,paid,USD,1003.00,0.00,1003.00,2026-04-07
2494,INV-002494,286,295,2026-04-28,2026-05-13,paid,USD,1121.00,0.00,1121.00,2026-04-29
2495,INV-002495,286,295,2026-05-28,2026-06-27,paid,USD,1121.00,0.00,1121.00,2026-05-30
2496,INV-002496,286,295,2026-06-28,2026-07-28,paid,USD,1121.00,0.00,1121.00,2026-06-29
2497,INV-002497,286,295,2026-07-28,2026-08-12,paid,USD,1121.00,0.00,1121.00,2026-07-29
2498,INV-002498,286,295,2026-08-28,2026-09-12,paid,USD,1121.00,0.00,1121.00,2026-08-31
2499,INV-002499,287,296,2026-05-24,2026-06-08,paid,USD,203.00,0.00,203.00,2026-06-11
2500,INV-002500,287,296,2026-06-24,2026-08-08,paid,USD,203.00,0.00,203.00,2026-06-24
2501,INV-002501,288,297,2025-05-26,2025-07-10,paid,USD,23760.00,0.00,23760.00,2025-05-30
2502,INV-002502,288,297,2026-05-26,2026-07-10,paid,USD,23760.00,0.00,23760.00,2026-05-27
2503,INV-002503,289,298,2024-11-16,2024-12-16,paid,USD,203.00,0.00,203.00,2024-11-28
2504,INV-002504,289,298,2024-12-16,2025-01-15,paid,USD,203.00,0.00,203.00,2024-12-17
2505,INV-002505,289,298,2025-01-16,2025-02-15,paid,USD,203.00,0.00,203.00,2025-01-24
2506,INV-002506,289,298,2025-02-16,2025-04-02,paid,USD,203.00,0.00,203.00,2025-02-18
2507,INV-002507,289,298,2025-03-16,2025-04-30,paid,USD,203.00,0.00,203.00,2025-03-16
2508,INV-002508,289,298,2025-04-16,2025-05-16,void,USD,232.00,0.00,232.00,
2509,INV-002509,289,298,2025-05-16,2025-06-15,paid,USD,232.00,0.00,232.00,2025-06-01
2510,INV-002510,289,298,2025-06-16,2025-07-01,paid,USD,232.00,0.00,232.00,2025-06-22
2511,INV-002511,289,298,2025-07-16,2025-07-31,paid,USD,232.00,0.00,232.00,2025-07-19
2512,INV-002512,289,298,2025-08-16,2025-09-30,paid,USD,232.00,0.00,232.00,2025-08-17
2513,INV-002513,289,298,2025-09-16,2025-10-16,paid,USD,232.00,0.00,232.00,2025-10-07
2514,INV-002514,289,298,2025-10-16,2025-11-30,paid,USD,232.00,0.00,232.00,2025-10-22
2515,INV-002515,289,298,2025-11-16,2025-12-31,paid,USD,232.00,0.00,232.00,2025-12-06
2516,INV-002516,289,298,2025-12-16,2026-01-15,paid,USD,290.00,0.00,290.00,2025-12-16
2517,INV-002517,289,298,2026-01-16,2026-02-15,paid,USD,290.00,0.00,290.00,2026-01-16
2518,INV-002518,289,298,2026-02-16,2026-04-02,paid,USD,290.00,0.00,290.00,2026-02-23
2519,INV-002519,289,298,2026-03-16,2026-03-31,paid,USD,290.00,0.00,290.00,2026-04-01
2520,INV-002520,289,298,2026-04-16,2026-05-16,paid,USD,290.00,0.00,290.00,2026-04-19
2521,INV-002521,289,298,2026-05-16,2026-06-30,paid,USD,290.00,0.00,290.00,2026-05-20
2522,INV-002522,289,298,2026-06-16,2026-07-16,paid,USD,590.00,0.00,590.00,2026-06-19
2523,INV-002523,290,299,2025-05-03,2025-05-18,paid,USD,10410.00,0.00,10410.00,2025-05-18
2524,INV-002524,290,299,2026-05-03,2026-06-02,paid,USD,8910.00,0.00,8910.00,2026-05-04
2525,INV-002525,291,300,2025-09-25,2025-10-25,paid,USD,25780.00,0.00,25780.00,2025-10-12
2526,INV-002526,292,301,2023-12-04,2024-01-18,paid,USD,8259.96,0.00,8259.96,2023-12-09
2527,INV-002527,292,301,2024-12-04,2025-01-03,paid,USD,9440.04,0.00,9440.04,2024-12-04
2528,INV-002528,292,301,2025-12-04,2026-01-18,paid,USD,15840.00,0.00,15840.00,2026-01-09
2529,INV-002529,293,302,2024-09-09,2024-09-24,paid,USD,7080.00,0.00,7080.00,2024-09-18
2530,INV-002530,293,302,2025-09-09,2025-10-09,paid,USD,7670.04,0.00,7670.04,2025-09-13
2531,INV-002531,294,303,2023-07-04,2023-08-03,paid,USD,145.00,0.00,145.00,2023-07-10
2532,INV-002532,294,303,2023-08-04,2023-08-19,paid,USD,145.00,0.00,145.00,2023-08-13
2533,INV-002533,294,303,2023-09-04,2023-10-04,paid,USD,145.00,0.00,145.00,2023-09-13
2534,INV-002534,294,303,2023-10-04,2023-10-19,paid,USD,145.00,0.00,145.00,2023-10-05
2535,INV-002535,294,303,2023-11-04,2023-12-04,paid,USD,145.00,0.00,145.00,2023-11-29
2536,INV-002536,294,303,2023-12-04,2024-01-18,paid,USD,145.00,0.00,145.00,2023-12-25
2537,INV-002537,294,303,2024-01-04,2024-01-19,paid,USD,174.00,0.00,174.00,2024-01-08
2538,INV-002538,294,303,2024-02-04,2024-03-05,paid,USD,174.00,0.00,174.00,2024-02-08
2539,INV-002539,294,303,2024-03-04,2024-04-18,paid,USD,174.00,0.00,174.00,2024-03-16
2540,INV-002540,294,303,2024-04-04,2024-05-04,paid,USD,174.00,0.00,174.00,2024-04-10
2541,INV-002541,294,303,2024-05-04,2024-06-03,paid,USD,174.00,0.00,174.00,2024-05-07
2542,INV-002542,294,303,2024-06-04,2024-06-19,uncollectible,USD,174.00,0.00,174.00,
2543,INV-002543,294,303,2024-07-04,2024-07-19,paid,USD,174.00,0.00,174.00,2024-07-08
2544,INV-002544,294,303,2024-08-04,2024-08-19,paid,USD,174.00,0.00,174.00,2024-08-09
2545,INV-002545,294,303,2024-09-04,2024-10-04,paid,USD,174.00,0.00,174.00,2024-09-17
2546,INV-002546,294,303,2024-10-04,2024-10-19,paid,USD,174.00,0.00,174.00,2024-10-11
2547,INV-002547,294,303,2024-11-04,2024-12-04,paid,USD,174.00,0.00,174.00,2024-11-05
2548,INV-002548,294,303,2024-12-04,2025-01-03,paid,USD,174.00,0.00,174.00,2024-12-04
2549,INV-002549,294,303,2025-01-04,2025-02-03,paid,USD,174.00,0.00,174.00,2025-01-31
2550,INV-002550,294,303,2025-02-04,2025-03-06,paid,USD,174.00,0.00,174.00,2025-02-09
2551,INV-002551,294,303,2025-03-04,2025-04-03,paid,USD,174.00,0.00,174.00,2025-03-30
2552,INV-002552,294,303,2025-04-04,2025-04-19,paid,USD,174.00,0.00,174.00,2025-04-18
2553,INV-002553,294,303,2025-05-04,2025-06-03,paid,USD,174.00,0.00,174.00,2025-05-11
2554,INV-002554,294,303,2025-06-04,2025-07-04,paid,USD,174.00,0.00,174.00,2025-06-09
2555,INV-002555,294,303,2025-07-04,2025-08-18,paid,USD,174.00,0.00,174.00,2025-07-09
2556,INV-002556,295,304,2025-05-09,2025-06-23,paid,USD,174.00,0.00,174.00,2025-05-09
2557,INV-002557,295,304,2025-06-09,2025-07-09,paid,USD,174.00,0.00,174.00,2025-06-11
2558,INV-002558,295,304,2025-07-09,2025-07-24,paid,USD,174.00,0.00,174.00,2025-07-30
2559,INV-002559,295,304,2025-08-09,2025-08-24,paid,USD,174.00,0.00,174.00,2025-08-13
2560,INV-002560,295,304,2025-09-09,2025-10-09,paid,USD,354.00,0.00,354.00,2025-09-19
2561,INV-002561,295,304,2025-10-09,2025-10-24,paid,USD,354.00,0.00,354.00,2025-10-17
2562,INV-002562,295,304,2025-11-09,2025-12-09,paid,USD,354.00,0.00,354.00,2025-11-09
2563,INV-002563,295,304,2025-12-09,2025-12-24,paid,USD,174.00,0.00,174.00,2025-12-26
2564,INV-002564,295,304,2026-01-09,2026-02-23,paid,USD,174.00,0.00,174.00,2026-02-18
2565,INV-002565,295,304,2026-02-09,2026-03-26,paid,USD,174.00,0.00,174.00,2026-02-21
2566,INV-002566,295,304,2026-03-09,2026-04-08,paid,USD,174.00,0.00,174.00,2026-03-15
2567,INV-002567,295,304,2026-04-09,2026-04-24,paid,USD,174.00,0.00,174.00,2026-04-09
2568,INV-002568,295,304,2026-05-09,2026-05-24,paid,USD,174.00,0.00,174.00,2026-05-10
2569,INV-002569,295,304,2026-06-09,2026-06-24,paid,USD,145.00,0.00,145.00,2026-06-14
2570,INV-002570,295,304,2026-07-09,2026-08-08,paid,USD,145.00,0.00,145.00,2026-07-10
2571,INV-002571,295,304,2026-08-09,2026-09-08,paid,USD,145.00,0.00,145.00,2026-08-14
2572,INV-002572,296,305,2024-10-12,2024-10-27,paid,USD,295.00,0.00,295.00,2024-10-17
2573,INV-002573,296,305,2024-11-12,2024-12-12,paid,USD,295.00,0.00,295.00,2024-11-14
2574,INV-002574,296,305,2024-12-12,2025-01-11,paid,USD,295.00,0.00,295.00,2024-12-12
2575,INV-002575,296,305,2025-01-12,2025-01-27,paid,USD,354.00,0.00,354.00,2025-01-14
2576,INV-002576,296,305,2025-02-12,2025-03-14,paid,USD,174.00,0.00,174.00,2025-02-20
2577,INV-002577,296,305,2025-03-12,2025-04-11,paid,USD,174.00,0.00,174.00,2025-03-13
2578,INV-002578,296,306,2025-09-21,2025-10-06,paid,USD,116.00,0.00,116.00,2025-09-22
2579,INV-002579,296,306,2025-10-21,2025-11-20,paid,USD,116.00,0.00,116.00,2025-11-12
2580,INV-002580,296,306,2025-11-21,2025-12-21,uncollectible,USD,116.00,0.00,116.00,
2581,INV-002581,296,306,2025-12-21,2026-01-05,paid,USD,116.00,0.00,116.00,2026-01-15
2582,INV-002582,296,306,2026-01-21,2026-02-05,paid,USD,116.00,0.00,116.00,2026-02-05
2583,INV-002583,296,306,2026-02-21,2026-03-23,paid,USD,116.00,0.00,116.00,2026-02-25
2584,INV-002584,296,306,2026-03-21,2026-04-20,uncollectible,USD,116.00,0.00,116.00,
2585,INV-002585,296,306,2026-04-21,2026-05-21,paid,USD,116.00,0.00,116.00,2026-04-28
2586,INV-002586,296,306,2026-05-21,2026-06-20,paid,USD,116.00,0.00,116.00,2026-05-22
2587,INV-002587,296,306,2026-06-21,2026-08-05,paid,USD,116.00,0.00,116.00,2026-06-21
2588,INV-002588,296,306,2026-07-21,2026-09-04,paid,USD,116.00,0.00,116.00,2026-07-28
2589,INV-002589,296,306,2026-08-21,2026-09-20,paid,USD,116.00,0.00,116.00,2026-08-22
2590,INV-002590,297,307,2026-07-07,2026-07-22,paid,USD,891.00,0.00,891.00,2026-07-20
2591,INV-002591,297,307,2026-08-07,2026-09-06,paid,USD,1020.00,0.00,1020.00,2026-08-11
2592,INV-002592,298,308,2023-09-18,2023-10-03,paid,USD,290.00,0.00,290.00,2023-09-20
2593,INV-002593,298,308,2023-10-18,2023-11-02,paid,USD,290.00,0.00,290.00,2023-10-21
2594,INV-002594,298,308,2023-11-18,2023-12-03,paid,USD,290.00,0.00,290.00,2023-12-01
2595,INV-002595,298,308,2023-12-18,2024-02-01,paid,USD,290.00,0.00,290.00,2023-12-18
2596,INV-002596,298,308,2024-01-18,2024-02-02,paid,USD,290.00,0.00,290.00,2024-01-19
2597,INV-002597,298,308,2024-02-18,2024-03-19,paid,USD,290.00,0.00,290.00,2024-02-20
2598,INV-002598,298,308,2024-03-18,2024-04-17,paid,USD,290.00,0.00,290.00,2024-03-19
2599,INV-002599,298,308,2024-04-18,2024-05-03,paid,USD,290.00,0.00,290.00,2024-04-29
2600,INV-002600,298,308,2024-05-18,2024-07-02,paid,USD,290.00,0.00,290.00,2024-05-19
2601,INV-002601,298,308,2024-06-18,2024-07-18,paid,USD,290.00,0.00,290.00,2024-06-23
2602,INV-002602,298,308,2024-07-18,2024-09-01,paid,USD,290.00,0.00,290.00,2024-08-01
2603,INV-002603,298,308,2024-08-18,2024-09-17,paid,USD,290.00,0.00,290.00,2024-09-04
2604,INV-002604,298,308,2024-09-18,2024-10-03,paid,USD,290.00,0.00,290.00,2024-09-27
2605,INV-002605,298,308,2024-10-18,2024-11-02,paid,USD,290.00,0.00,290.00,2024-10-21
2606,INV-002606,298,308,2024-11-18,2024-12-03,paid,USD,290.00,0.00,290.00,2024-12-19
2607,INV-002607,298,308,2024-12-18,2025-01-17,paid,USD,590.00,0.00,590.00,2024-12-21
2608,INV-002608,298,308,2025-01-18,2025-02-02,paid,USD,290.00,0.00,290.00,2025-01-27
2609,INV-002609,298,308,2025-02-18,2025-03-20,paid,USD,290.00,0.00,290.00,2025-03-02
2610,INV-002610,298,308,2025-03-18,2025-04-02,paid,USD,290.00,0.00,290.00,2025-04-21
2611,INV-002611,298,308,2025-04-18,2025-05-18,paid,USD,290.00,0.00,290.00,2025-04-30
2612,INV-002612,298,308,2025-05-18,2025-06-17,void,USD,590.00,0.00,590.00,
2613,INV-002613,298,308,2025-06-18,2025-08-02,paid,USD,590.00,0.00,590.00,2025-06-25
2614,INV-002614,298,308,2025-07-18,2025-08-17,paid,USD,590.00,0.00,590.00,2025-07-25
2615,INV-002615,298,308,2025-08-18,2025-09-17,paid,USD,590.00,0.00,590.00,2025-08-27
2616,INV-002616,298,308,2025-09-18,2025-10-03,paid,USD,590.00,0.00,590.00,2025-09-25
2617,INV-002617,298,308,2025-10-18,2025-11-17,paid,USD,590.00,0.00,590.00,2025-11-21
2618,INV-002618,298,308,2025-11-18,2026-01-02,paid,USD,590.00,0.00,590.00,2025-11-18
2619,INV-002619,298,308,2025-12-18,2026-01-02,paid,USD,590.00,0.00,590.00,2025-12-27
2620,INV-002620,298,308,2026-01-18,2026-02-17,paid,USD,590.00,0.00,590.00,2026-02-27
2621,INV-002621,298,308,2026-02-18,2026-03-20,paid,USD,590.00,0.00,590.00,2026-03-05
2622,INV-002622,298,308,2026-03-18,2026-04-02,paid,USD,590.00,0.00,590.00,2026-03-19
2623,INV-002623,298,308,2026-04-18,2026-05-03,paid,USD,590.00,0.00,590.00,2026-04-20
2624,INV-002624,298,308,2026-05-18,2026-06-02,paid,USD,590.00,0.00,590.00,2026-05-27
2625,INV-002625,298,308,2026-06-18,2026-07-18,paid,USD,590.00,0.00,590.00,2026-06-21
2626,INV-002626,298,308,2026-07-18,2026-08-02,paid,USD,590.00,0.00,590.00,2026-07-22
2627,INV-002627,298,308,2026-08-18,2026-10-02,paid,USD,1119.00,0.00,1119.00,2026-08-23
2628,INV-002628,299,309,2025-01-06,2025-02-20,paid,USD,20649.96,0.00,20649.96,2025-01-10
2629,INV-002629,299,309,2026-01-06,2026-02-05,paid,USD,24780.00,0.00,24780.00,2026-01-06
2630,INV-002630,300,310,2024-07-09,2024-08-08,paid,USD,14750.04,0.00,14750.04,2024-07-18
2631,INV-002631,300,310,2025-07-09,2025-08-08,paid,USD,15930.00,0.00,15930.00,2025-07-13
2632,INV-002632,300,310,2026-07-09,2026-08-23,paid,USD,15930.00,0.00,15930.00,2026-07-11
2633,INV-002633,301,311,2023-07-03,2023-08-02,paid,USD,395469.96,0.00,395469.96,2023-07-08
2634,INV-002634,301,311,2024-07-03,2024-08-02,paid,USD,391869.96,0.00,391869.96,2024-07-15
2635,INV-002635,301,311,2025-07-03,2025-07-18,paid,USD,391869.96,0.00,391869.96,2025-07-06
2636,INV-002636,301,311,2026-07-03,2026-08-02,uncollectible,USD,429120.00,0.00,429120.00,
2637,INV-002637,302,312,2025-03-20,2025-04-19,paid,USD,290.00,0.00,290.00,2025-03-23
2638,INV-002638,302,312,2025-04-20,2025-05-20,paid,USD,232.00,0.00,232.00,2025-04-24
2639,INV-002639,302,312,2025-05-20,2025-06-19,paid,USD,232.00,0.00,232.00,2025-05-22
2640,INV-002640,302,312,2025-06-20,2025-07-20,paid,USD,232.00,0.00,232.00,2025-06-20
2641,INV-002641,302,312,2025-07-20,2025-08-04,paid,USD,232.00,0.00,232.00,2025-07-20
2642,INV-002642,302,312,2025-08-20,2025-10-04,paid,USD,472.00,0.00,472.00,2025-08-22
2643,INV-002643,303,313,2022-10-26,2022-11-25,paid,USD,290.00,0.00,290.00,2022-11-07
2644,INV-002644,303,313,2022-11-26,2022-12-26,paid,USD,290.00,0.00,290.00,2022-12-02
2645,INV-002645,303,313,2022-12-26,2023-02-09,paid,USD,290.00,0.00,290.00,2023-01-06
2646,INV-002646,303,313,2023-01-26,2023-02-10,paid,USD,290.00,0.00,290.00,2023-01-27
2647,INV-002647,303,313,2023-02-26,2023-03-28,paid,USD,290.00,0.00,290.00,2023-03-12
2648,INV-002648,303,313,2023-03-26,2023-04-25,paid,USD,290.00,0.00,290.00,2023-04-03
2649,INV-002649,303,313,2023-04-26,2023-05-26,paid,USD,290.00,0.00,290.00,2023-05-08
2650,INV-002650,303,313,2023-05-26,2023-06-10,paid,USD,290.00,0.00,290.00,2023-06-14
2651,INV-002651,303,313,2023-06-26,2023-08-10,paid,USD,290.00,0.00,290.00,2023-07-05
2652,INV-002652,303,313,2023-07-26,2023-09-09,paid,USD,290.00,0.00,290.00,2023-08-04
2653,INV-002653,303,313,2023-08-26,2023-10-10,paid,USD,290.00,0.00,290.00,2023-08-26
2654,INV-002654,303,313,2023-09-26,2023-10-26,paid,USD,290.00,0.00,290.00,2023-10-16
2655,INV-002655,303,313,2023-10-26,2023-12-10,paid,USD,290.00,0.00,290.00,2023-10-26
2656,INV-002656,303,313,2023-11-26,2023-12-26,paid,USD,290.00,0.00,290.00,2023-11-29
2657,INV-002657,303,313,2023-12-26,2024-01-25,paid,USD,290.00,0.00,290.00,2023-12-26
2658,INV-002658,303,313,2024-01-26,2024-02-25,paid,USD,290.00,0.00,290.00,2024-02-04
2659,INV-002659,303,313,2024-02-26,2024-03-12,paid,USD,290.00,0.00,290.00,2024-03-03
2660,INV-002660,303,313,2024-03-26,2024-04-25,paid,USD,290.00,0.00,290.00,2024-04-09
2661,INV-002661,303,313,2024-04-26,2024-06-10,paid,USD,290.00,0.00,290.00,2024-05-01
2662,INV-002662,303,313,2024-05-26,2024-06-25,paid,USD,290.00,0.00,290.00,2024-06-15
2663,INV-002663,303,313,2024-06-26,2024-07-11,paid,USD,290.00,0.00,290.00,2024-06-29
2664,INV-002664,303,313,2024-07-26,2024-08-10,paid,USD,290.00,0.00,290.00,2024-07-27
2665,INV-002665,303,313,2024-08-26,2024-10-10,paid,USD,290.00,0.00,290.00,2024-08-27
2666,INV-002666,303,313,2024-09-26,2024-11-10,paid,USD,290.00,0.00,290.00,2024-10-04
2667,INV-002667,303,313,2024-10-26,2024-11-25,paid,USD,290.00,0.00,290.00,2024-10-28
2668,INV-002668,303,313,2024-11-26,2024-12-11,paid,USD,290.00,0.00,290.00,2024-12-09
2669,INV-002669,303,313,2024-12-26,2025-02-09,paid,USD,290.00,0.00,290.00,2024-12-31
2670,INV-002670,303,313,2025-01-26,2025-03-12,paid,USD,290.00,0.00,290.00,2025-01-27
2671,INV-002671,303,313,2025-02-26,2025-03-28,paid,USD,290.00,0.00,290.00,2025-02-27
2672,INV-002672,303,313,2025-03-26,2025-04-25,paid,USD,290.00,0.00,290.00,2025-03-29
2673,INV-002673,303,313,2025-04-26,2025-06-10,paid,USD,261.00,0.00,261.00,2025-04-30
2674,INV-002674,303,313,2025-05-26,2025-06-25,paid,USD,261.00,0.00,261.00,2025-06-09
2675,INV-002675,303,313,2025-06-26,2025-07-26,paid,USD,261.00,0.00,261.00,2025-06-30
2676,INV-002676,303,313,2025-07-26,2025-08-25,paid,USD,261.00,0.00,261.00,2025-07-26
2677,INV-002677,303,313,2025-08-26,2025-09-25,paid,USD,261.00,0.00,261.00,2025-08-27
2678,INV-002678,303,313,2025-09-26,2025-11-10,paid,USD,261.00,0.00,261.00,2025-09-27
2679,INV-002679,303,313,2025-10-26,2025-12-10,paid,USD,290.00,0.00,290.00,2025-11-03
2680,INV-002680,303,313,2025-11-26,2025-12-26,paid,USD,290.00,0.00,290.00,2025-11-29
2681,INV-002681,303,313,2025-12-26,2026-01-25,paid,USD,290.00,0.00,290.00,2025-12-27
2682,INV-002682,303,313,2026-01-26,2026-02-25,paid,USD,290.00,0.00,290.00,2026-01-28
2683,INV-002683,303,313,2026-02-26,2026-03-13,paid,USD,290.00,0.00,290.00,2026-03-08
2684,INV-002684,303,313,2026-03-26,2026-05-10,paid,USD,290.00,0.00,290.00,2026-03-31
2685,INV-002685,303,313,2026-04-26,2026-05-11,paid,USD,290.00,0.00,290.00,2026-05-02
2686,INV-002686,303,313,2026-05-26,2026-06-25,paid,USD,290.00,0.00,290.00,2026-06-01
2687,INV-002687,303,313,2026-06-26,2026-07-26,paid,USD,290.00,0.00,290.00,2026-07-07
2688,INV-002688,303,313,2026-07-26,2026-09-09,paid,USD,590.00,0.00,590.00,2026-08-04
2689,INV-002689,303,313,2026-08-26,2026-09-25,open,USD,590.00,0.00,590.00,
2690,INV-002690,304,314,2022-10-02,2022-10-17,paid,USD,48040.00,0.00,48040.00,2022-10-18
2691,INV-002691,304,314,2023-10-02,2023-11-01,paid,USD,81950.04,0.00,81950.04,2023-10-18
2692,INV-002692,304,314,2024-10-02,2024-10-17,paid,USD,81950.04,0.00,81950.04,2024-10-08
2693,INV-002693,304,314,2025-10-02,2025-11-01,paid,USD,81950.04,0.00,81950.04,2025-10-02
2694,INV-002694,305,315,2024-09-06,2024-10-21,paid,USD,232.00,0.00,232.00,2024-10-02
2695,INV-002695,305,315,2024-10-06,2024-11-05,paid,USD,232.00,0.00,232.00,2024-10-06
2696,INV-002696,305,315,2024-11-06,2024-12-06,paid,USD,232.00,0.00,232.00,2024-11-29
2697,INV-002697,305,315,2024-12-06,2025-01-05,paid,USD,232.00,0.00,232.00,2024-12-08
2698,INV-002698,306,316,2026-07-17,2026-08-31,paid,USD,7670.04,0.00,7670.04,2026-07-18
2699,INV-002699,307,317,2026-06-10,2026-06-25,paid,USD,232.00,0.00,232.00,2026-06-13
2700,INV-002700,307,317,2026-07-10,2026-08-09,paid,USD,232.00,0.00,232.00,2026-07-16
2701,INV-002701,307,317,2026-08-10,2026-08-25,paid,USD,232.00,0.00,232.00,2026-08-13
2702,INV-002702,308,318,2025-04-27,2025-05-27,paid,USD,116.00,0.00,116.00,2025-05-01
2703,INV-002703,308,318,2025-05-27,2025-06-26,paid,USD,116.00,0.00,116.00,2025-05-31
2704,INV-002704,308,318,2025-06-27,2025-08-11,paid,USD,116.00,0.00,116.00,2025-06-29
2705,INV-002705,308,318,2025-07-27,2025-09-10,paid,USD,116.00,0.00,116.00,2025-07-27
2706,INV-002706,308,318,2025-08-27,2025-09-11,paid,USD,87.00,0.00,87.00,2025-09-23
2707,INV-002707,308,318,2025-09-27,2025-10-12,paid,USD,87.00,0.00,87.00,2025-10-04
2708,INV-002708,308,318,2025-10-27,2025-11-26,paid,USD,87.00,0.00,87.00,2025-10-31
2709,INV-002709,308,318,2025-11-27,2026-01-11,paid,USD,116.00,0.00,116.00,2025-12-02
2710,INV-002710,308,318,2025-12-27,2026-01-11,paid,USD,145.00,0.00,145.00,2026-01-17
2711,INV-002711,308,318,2026-01-27,2026-02-11,paid,USD,145.00,0.00,145.00,2026-01-29
2712,INV-002712,308,318,2026-02-27,2026-04-13,void,USD,145.00,0.00,145.00,
2713,INV-002713,308,318,2026-03-27,2026-04-26,uncollectible,USD,145.00,0.00,145.00,
2714,INV-002714,308,318,2026-04-27,2026-05-12,paid,USD,295.00,0.00,295.00,2026-05-07
2715,INV-002715,308,318,2026-05-27,2026-06-26,paid,USD,295.00,0.00,295.00,2026-05-31
2716,INV-002716,308,318,2026-06-27,2026-07-27,paid,USD,295.00,0.00,295.00,2026-06-27
2717,INV-002717,308,318,2026-07-27,2026-09-10,paid,USD,295.00,0.00,295.00,2026-08-06
2718,INV-002718,308,318,2026-08-27,2026-09-26,paid,USD,295.00,0.00,295.00,2026-08-31
2719,INV-002719,309,319,2026-01-27,2026-02-11,paid,USD,7080.00,0.00,7080.00,2026-03-08
2720,INV-002720,310,320,2025-07-19,2025-08-18,paid,USD,69820.00,0.00,69820.00,2025-08-01
2721,INV-002721,310,320,2026-07-19,2026-08-03,paid,USD,67320.00,0.00,67320.00,2026-07-25
2722,INV-002722,311,321,2025-08-09,2025-09-23,paid,USD,10029.96,0.00,10029.96,2025-08-09
2723,INV-002723,311,321,2026-08-09,2026-09-08,paid,USD,11799.96,0.00,11799.96,2026-08-31
2724,INV-002724,312,322,2026-03-02,2026-04-01,paid,USD,58450.00,0.00,58450.00,2026-03-12
2725,INV-002725,313,323,2023-04-07,2023-05-07,paid,USD,290.00,0.00,290.00,2023-04-16
2726,INV-002726,313,323,2023-05-07,2023-05-22,paid,USD,290.00,0.00,290.00,2023-05-14
2727,INV-002727,313,323,2023-06-07,2023-07-07,paid,USD,290.00,0.00,290.00,2023-06-07
2728,INV-002728,313,323,2023-07-07,2023-08-06,paid,USD,290.00,0.00,290.00,2023-07-13
2729,INV-002729,313,323,2023-08-07,2023-09-06,paid,USD,290.00,0.00,290.00,2023-08-07
2730,INV-002730,313,323,2023-09-07,2023-10-22,paid,USD,290.00,0.00,290.00,2023-09-17
2731,INV-002731,313,323,2023-10-07,2023-11-06,paid,USD,290.00,0.00,290.00,2023-10-09
2732,INV-002732,313,323,2023-11-07,2023-12-07,paid,USD,290.00,0.00,290.00,2023-11-14
2733,INV-002733,313,323,2023-12-07,2024-01-06,paid,USD,290.00,0.00,290.00,2023-12-10
2734,INV-002734,313,323,2024-01-07,2024-02-06,paid,USD,290.00,0.00,290.00,2024-01-21
2735,INV-002735,313,323,2024-02-07,2024-03-08,paid,USD,290.00,0.00,290.00,2024-02-10
2736,INV-002736,313,323,2024-03-07,2024-04-21,paid,USD,290.00,0.00,290.00,2024-03-23
2737,INV-002737,313,323,2024-04-07,2024-05-07,paid,USD,290.00,0.00,290.00,2024-04-12
2738,INV-002738,313,323,2024-05-07,2024-06-21,paid,USD,290.00,0.00,290.00,2024-05-09
2739,INV-002739,313,323,2024-06-07,2024-07-07,paid,USD,290.00,0.00,290.00,2024-06-26
2740,INV-002740,313,323,2024-07-07,2024-08-21,paid,USD,290.00,0.00,290.00,2024-07-07
2741,INV-002741,313,323,2024-08-07,2024-08-22,paid,USD,290.00,0.00,290.00,2024-08-08
2742,INV-002742,313,323,2024-09-07,2024-10-07,paid,USD,590.00,0.00,590.00,2024-09-12
2743,INV-002743,313,323,2024-10-07,2024-10-22,paid,USD,590.00,0.00,590.00,2024-10-19
2744,INV-002744,313,323,2024-11-07,2024-12-07,paid,USD,590.00,0.00,590.00,2024-11-07
2745,INV-002745,313,323,2024-12-07,2025-01-06,paid,USD,590.00,0.00,590.00,2024-12-10
2746,INV-002746,313,323,2025-01-07,2025-02-06,paid,USD,590.00,0.00,590.00,2025-01-24
2747,INV-002747,313,323,2025-02-07,2025-03-24,paid,USD,590.00,0.00,590.00,2025-02-14
2748,INV-002748,313,323,2025-03-07,2025-04-06,paid,USD,590.00,0.00,590.00,2025-03-09
2749,INV-002749,313,323,2025-04-07,2025-05-22,paid,USD,590.00,0.00,590.00,2025-04-14
2750,INV-002750,313,323,2025-05-07,2025-06-06,paid,USD,708.00,0.00,708.00,2025-05-08
2751,INV-002751,313,323,2025-06-07,2025-06-22,paid,USD,708.00,0.00,708.00,2025-06-07
2752,INV-002752,313,323,2025-07-07,2025-08-06,paid,USD,708.00,0.00,708.00,2025-07-10
2753,INV-002753,313,323,2025-08-07,2025-09-06,paid,USD,708.00,0.00,708.00,2025-08-07
2754,INV-002754,313,323,2025-09-07,2025-10-22,paid,USD,1188.00,0.00,1188.00,2025-09-19
2755,INV-002755,313,323,2025-10-07,2025-11-06,paid,USD,1188.00,0.00,1188.00,2025-10-21
2756,INV-002756,313,323,2025-11-07,2025-12-22,paid,USD,1188.00,0.00,1188.00,2025-11-25
2757,INV-002757,313,323,2025-12-07,2026-01-06,paid,USD,1237.00,0.00,1237.00,2025-12-12
2758,INV-002758,313,323,2026-01-07,2026-02-21,paid,USD,1188.00,0.00,1188.00,2026-01-08
2759,INV-002759,313,323,2026-02-07,2026-02-22,paid,USD,1188.00,0.00,1188.00,2026-02-21
2760,INV-002760,313,323,2026-03-07,2026-04-21,paid,USD,1188.00,0.00,1188.00,2026-03-10
2761,INV-002761,313,323,2026-04-07,2026-05-07,paid,USD,1317.00,0.00,1317.00,2026-04-09
2762,INV-002762,313,323,2026-05-07,2026-05-22,paid,USD,1188.00,0.00,1188.00,2026-05-17
2763,INV-002763,313,323,2026-06-07,2026-07-07,paid,USD,1188.00,0.00,1188.00,2026-06-27
2764,INV-002764,313,323,2026-07-07,2026-08-21,paid,USD,1188.00,0.00,1188.00,2026-07-24
2765,INV-002765,313,323,2026-08-07,2026-09-06,paid,USD,1188.00,0.00,1188.00,2026-08-11
2766,INV-002766,314,324,2025-07-06,2025-08-05,paid,USD,23600.04,0.00,23600.04,2025-07-12
2767,INV-002767,314,324,2026-07-06,2026-07-21,paid,USD,25370.04,0.00,25370.04,2026-07-11
2768,INV-002768,315,325,2023-11-16,2023-12-01,paid,USD,290.00,0.00,290.00,2023-11-17
2769,INV-002769,315,325,2023-12-16,2024-01-30,paid,USD,290.00,0.00,290.00,2023-12-19
2770,INV-002770,315,325,2024-01-16,2024-02-15,paid,USD,290.00,0.00,290.00,2024-01-24
2771,INV-002771,315,325,2024-02-16,2024-03-02,paid,USD,290.00,0.00,290.00,2024-02-19
2772,INV-002772,315,325,2024-03-16,2024-03-31,paid,USD,290.00,0.00,290.00,2024-03-24
2773,INV-002773,315,325,2024-04-16,2024-05-01,paid,USD,290.00,0.00,290.00,2024-04-16
2774,INV-002774,315,325,2024-05-16,2024-05-31,paid,USD,290.00,0.00,290.00,2024-06-11
2775,INV-002775,315,325,2024-06-16,2024-07-31,paid,USD,290.00,0.00,290.00,2024-06-26
2776,INV-002776,315,325,2024-07-16,2024-08-15,paid,USD,290.00,0.00,290.00,2024-08-11
2777,INV-002777,315,325,2024-08-16,2024-09-15,paid,USD,290.00,0.00,290.00,2024-09-03
2778,INV-002778,316,326,2023-01-08,2023-02-07,paid,USD,58.00,0.00,58.00,2023-01-25
2779,INV-002779,316,326,2023-02-08,2023-02-23,paid,USD,58.00,0.00,58.00,2023-02-27
2780,INV-002780,316,326,2023-03-08,2023-03-23,paid,USD,58.00,0.00,58.00,2023-03-14
2781,INV-002781,316,326,2023-04-08,2023-05-08,paid,USD,58.00,0.00,58.00,2023-04-15
2782,INV-002782,316,326,2023-05-08,2023-06-07,paid,USD,58.00,0.00,58.00,2023-05-12
2783,INV-002783,316,326,2023-06-08,2023-07-23,paid,USD,58.00,0.00,58.00,2023-06-10
2784,INV-002784,316,326,2023-07-08,2023-08-07,paid,USD,58.00,0.00,58.00,2023-07-08
2785,INV-002785,316,326,2023-08-08,2023-09-07,paid,USD,58.00,0.00,58.00,2023-08-25
2786,INV-002786,316,326,2023-09-08,2023-10-23,paid,USD,58.00,0.00,58.00,2023-09-12
2787,INV-002787,316,326,2023-10-08,2023-11-07,paid,USD,58.00,0.00,58.00,2023-10-21
2788,INV-002788,316,326,2023-11-08,2023-12-08,paid,USD,58.00,0.00,58.00,2023-11-13
2789,INV-002789,316,326,2023-12-08,2024-01-07,paid,USD,58.00,0.00,58.00,2024-01-02
2790,INV-002790,316,326,2024-01-08,2024-02-07,paid,USD,58.00,0.00,58.00,2024-01-20
2791,INV-002791,316,326,2024-02-08,2024-03-24,paid,USD,58.00,0.00,58.00,2024-02-27
2792,INV-002792,316,326,2024-03-08,2024-04-07,paid,USD,58.00,0.00,58.00,2024-03-20
2793,INV-002793,316,326,2024-04-08,2024-05-23,paid,USD,58.00,0.00,58.00,2024-04-16
2794,INV-002794,316,326,2024-05-08,2024-06-07,paid,USD,87.00,0.00,87.00,2024-05-14
2795,INV-002795,316,326,2024-06-08,2024-06-23,paid,USD,87.00,0.00,87.00,2024-06-09
2796,INV-002796,316,326,2024-07-08,2024-08-07,paid,USD,87.00,0.00,87.00,2024-07-09
2797,INV-002797,316,326,2024-08-08,2024-09-22,paid,USD,87.00,0.00,87.00,2024-08-25
2798,INV-002798,316,326,2024-09-08,2024-10-08,void,USD,87.00,0.00,87.00,
2799,INV-002799,316,326,2024-10-08,2024-11-07,paid,USD,87.00,0.00,87.00,2024-10-13
2800,INV-002800,316,326,2024-11-08,2024-12-23,paid,USD,87.00,0.00,87.00,2024-11-20
2801,INV-002801,316,326,2024-12-08,2025-01-22,paid,USD,87.00,0.00,87.00,2024-12-08
2802,INV-002802,316,326,2025-01-08,2025-02-22,paid,USD,87.00,0.00,87.00,2025-01-22
2803,INV-002803,316,326,2025-02-08,2025-03-10,paid,USD,87.00,0.00,87.00,2025-02-08
2804,INV-002804,316,326,2025-03-08,2025-04-22,paid,USD,87.00,0.00,87.00,2025-03-13
2805,INV-002805,316,326,2025-04-08,2025-05-08,paid,USD,87.00,0.00,87.00,2025-04-10
2806,INV-002806,316,326,2025-05-08,2025-06-22,paid,USD,87.00,0.00,87.00,2025-05-13
2807,INV-002807,316,326,2025-06-08,2025-07-08,paid,USD,87.00,0.00,87.00,2025-06-08
2808,INV-002808,316,326,2025-07-08,2025-08-22,paid,USD,87.00,0.00,87.00,2025-07-09
2809,INV-002809,316,326,2025-08-08,2025-08-23,paid,USD,87.00,0.00,87.00,2025-08-21
2810,INV-002810,316,326,2025-09-08,2025-10-23,paid,USD,87.00,0.00,87.00,2025-09-15
2811,INV-002811,316,326,2025-10-08,2025-11-07,paid,USD,87.00,0.00,87.00,2025-10-18
2812,INV-002812,316,326,2025-11-08,2025-12-23,paid,USD,87.00,0.00,87.00,2025-11-15
2813,INV-002813,316,326,2025-12-08,2025-12-23,paid,USD,87.00,0.00,87.00,2025-12-14
2814,INV-002814,316,326,2026-01-08,2026-02-07,paid,USD,87.00,0.00,87.00,2026-01-11
2815,INV-002815,316,326,2026-02-08,2026-03-10,paid,USD,87.00,0.00,87.00,2026-02-16
2816,INV-002816,316,326,2026-03-08,2026-03-23,uncollectible,USD,87.00,0.00,87.00,
2817,INV-002817,316,326,2026-04-08,2026-04-23,paid,USD,87.00,0.00,87.00,2026-04-09
2818,INV-002818,316,326,2026-05-08,2026-06-07,paid,USD,87.00,0.00,87.00,2026-05-14
2819,INV-002819,317,327,2024-10-13,2024-11-27,paid,USD,58.00,0.00,58.00,2024-10-30
2820,INV-002820,317,327,2024-11-13,2024-11-28,paid,USD,58.00,0.00,58.00,2024-11-15
2821,INV-002821,318,328,2024-07-20,2024-08-04,paid,USD,472.00,0.00,472.00,2024-07-28
2822,INV-002822,318,328,2024-08-20,2024-10-04,paid,USD,531.00,0.00,531.00,2024-08-28
2823,INV-002823,318,328,2024-09-20,2024-11-04,paid,USD,531.00,0.00,531.00,2024-09-29
2824,INV-002824,318,328,2024-10-20,2024-12-04,paid,USD,891.00,0.00,891.00,2024-10-21
2825,INV-002825,318,328,2024-11-20,2024-12-05,paid,USD,891.00,0.00,891.00,2024-12-09
2826,INV-002826,318,328,2024-12-20,2025-01-19,paid,USD,891.00,0.00,891.00,2024-12-31
2827,INV-002827,318,328,2025-01-20,2025-02-04,paid,USD,891.00,0.00,891.00,2025-02-06
2828,INV-002828,318,328,2025-02-20,2025-03-07,paid,USD,891.00,0.00,891.00,2025-02-25
2829,INV-002829,319,329,2024-11-29,2024-12-14,paid,USD,290.00,0.00,290.00,2024-12-11
2830,INV-002830,319,329,2024-12-29,2025-01-28,paid,USD,290.00,0.00,290.00,2024-12-30
2831,INV-002831,319,329,2025-01-29,2025-03-15,paid,USD,290.00,0.00,290.00,2025-01-31
2832,INV-002832,319,329,2025-02-28,2025-03-30,paid,USD,290.00,0.00,290.00,2025-03-11
2833,INV-002833,319,329,2025-03-29,2025-04-13,paid,USD,290.00,0.00,290.00,2025-04-07
2834,INV-002834,319,329,2025-04-29,2025-06-13,paid,USD,290.00,0.00,290.00,2025-05-12
2835,INV-002835,319,329,2025-05-29,2025-06-28,paid,USD,290.00,0.00,290.00,2025-06-10
2836,INV-002836,319,329,2025-06-29,2025-07-14,paid,USD,290.00,0.00,290.00,2025-07-21
2837,INV-002837,319,329,2025-07-29,2025-08-28,paid,USD,290.00,0.00,290.00,2025-08-19
2838,INV-002838,319,329,2025-08-29,2025-10-13,paid,USD,290.00,0.00,290.00,2025-08-31
2839,INV-002839,319,329,2025-09-29,2025-10-29,paid,USD,290.00,0.00,290.00,2025-10-06
2840,INV-002840,319,329,2025-10-29,2025-11-28,paid,USD,290.00,0.00,290.00,2025-11-10
2841,INV-002841,319,329,2025-11-29,2025-12-29,paid,USD,290.00,0.00,290.00,2025-12-03
2842,INV-002842,319,329,2025-12-29,2026-01-28,paid,USD,290.00,0.00,290.00,2026-01-04
2843,INV-002843,319,329,2026-01-29,2026-02-13,void,USD,290.00,0.00,290.00,
2844,INV-002844,319,329,2026-02-28,2026-03-30,paid,USD,290.00,0.00,290.00,2026-03-03
2845,INV-002845,319,329,2026-03-29,2026-05-13,paid,USD,290.00,0.00,290.00,2026-03-29
2846,INV-002846,319,329,2026-04-29,2026-06-13,paid,USD,232.00,0.00,232.00,2026-05-11
2847,INV-002847,319,329,2026-05-29,2026-07-13,paid,USD,232.00,0.00,232.00,2026-06-01
2848,INV-002848,319,329,2026-06-29,2026-07-14,paid,USD,232.00,0.00,232.00,2026-07-11
2849,INV-002849,320,330,2024-07-16,2024-08-30,paid,USD,14890.00,0.00,14890.00,2024-07-30
2850,INV-002850,320,330,2025-07-16,2025-07-31,paid,USD,10890.00,0.00,10890.00,2025-07-20
2851,INV-002851,320,330,2026-07-16,2026-08-15,paid,USD,8910.00,0.00,8910.00,2026-07-20
2852,INV-002852,321,331,2024-11-07,2024-11-22,paid,USD,290.00,0.00,290.00,2024-11-09
2853,INV-002853,321,331,2024-12-07,2025-01-06,paid,USD,290.00,0.00,290.00,2024-12-07
2854,INV-002854,321,331,2025-01-07,2025-02-21,void,USD,290.00,0.00,290.00,
2855,INV-002855,321,331,2025-02-07,2025-03-24,paid,USD,290.00,0.00,290.00,2025-03-04
2856,INV-002856,321,331,2025-03-07,2025-03-22,paid,USD,290.00,0.00,290.00,2025-03-16
2857,INV-002857,321,331,2025-04-07,2025-05-07,paid,USD,290.00,0.00,290.00,2025-04-11
2858,INV-002858,321,331,2025-05-07,2025-06-21,paid,USD,290.00,0.00,290.00,2025-05-17
2859,INV-002859,321,331,2025-06-07,2025-07-22,paid,USD,261.00,0.00,261.00,2025-06-11
2860,INV-002860,321,331,2025-07-07,2025-08-21,paid,USD,261.00,0.00,261.00,2025-07-08
2861,INV-002861,321,331,2025-08-07,2025-09-06,uncollectible,USD,261.00,0.00,261.00,
2862,INV-002862,321,331,2025-09-07,2025-10-22,paid,USD,531.00,0.00,531.00,2025-09-12
2863,INV-002863,321,331,2025-10-07,2025-11-06,paid,USD,531.00,0.00,531.00,2025-10-07
2864,INV-002864,321,331,2025-11-07,2025-11-22,paid,USD,531.00,0.00,531.00,2025-11-11
2865,INV-002865,321,331,2025-12-07,2026-01-06,paid,USD,531.00,0.00,531.00,2025-12-10
2866,INV-002866,321,331,2026-01-07,2026-01-22,paid,USD,531.00,0.00,531.00,2026-01-07
2867,INV-002867,321,331,2026-02-07,2026-03-09,paid,USD,531.00,0.00,531.00,2026-02-14
2868,INV-002868,321,331,2026-03-07,2026-03-22,paid,USD,531.00,0.00,531.00,2026-03-14
2869,INV-002869,321,331,2026-04-07,2026-04-22,paid,USD,531.00,0.00,531.00,2026-04-18
2870,INV-002870,321,331,2026-05-07,2026-06-06,paid,USD,531.00,0.00,531.00,2026-05-25
2871,INV-002871,321,331,2026-06-07,2026-06-22,paid,USD,531.00,0.00,531.00,2026-06-08
2872,INV-002872,321,331,2026-07-07,2026-08-06,paid,USD,531.00,0.00,531.00,2026-07-16
2873,INV-002873,321,331,2026-08-07,2026-08-22,paid,USD,531.00,0.00,531.00,2026-08-09
2874,INV-002874,322,332,2023-10-21,2023-11-05,paid,USD,9440.04,0.00,9440.04,2023-10-22
2875,INV-002875,322,332,2024-10-21,2024-11-20,paid,USD,22770.00,0.00,22770.00,2024-10-21
2876,INV-002876,322,332,2025-10-21,2025-11-05,paid,USD,34269.96,0.00,34269.96,2025-10-21
2877,INV-002877,323,333,2025-11-13,2025-12-13,paid,USD,3366.00,0.00,3366.00,2025-11-29
2878,INV-002878,323,333,2025-12-13,2026-01-12,paid,USD,3366.00,0.00,3366.00,2026-01-02
2879,INV-002879,323,333,2026-01-13,2026-02-12,paid,USD,3366.00,0.00,3366.00,2026-01-20
2880,INV-002880,323,333,2026-02-13,2026-03-15,paid,USD,2574.00,0.00,2574.00,2026-02-13
2881,INV-002881,323,333,2026-03-13,2026-04-12,paid,USD,2574.00,0.00,2574.00,2026-03-13
2882,INV-002882,323,333,2026-04-13,2026-05-28,paid,USD,2574.00,0.00,2574.00,2026-04-18
2883,INV-002883,323,333,2026-05-13,2026-06-27,paid,USD,2574.00,0.00,2574.00,2026-05-24
2884,INV-002884,323,333,2026-06-13,2026-07-13,paid,USD,2574.00,0.00,2574.00,2026-06-17
2885,INV-002885,323,333,2026-07-13,2026-08-12,paid,USD,2574.00,0.00,2574.00,2026-07-17
2886,INV-002886,323,333,2026-08-13,2026-09-27,open,USD,2623.00,0.00,2623.00,
2887,INV-002887,324,334,2026-01-02,2026-02-16,paid,USD,237724.00,0.00,237724.00,2026-01-04
2888,INV-002888,325,335,2025-12-14,2026-01-13,paid,USD,20632.00,0.00,20632.00,2025-12-19
2889,INV-002889,326,336,2025-07-01,2025-08-15,paid,USD,24750.00,0.00,24750.00,2025-07-12
2890,INV-002890,326,336,2026-07-01,2026-07-31,paid,USD,26730.00,0.00,26730.00,2026-07-04
2891,INV-002891,327,337,2026-02-22,2026-03-24,paid,USD,50079.96,0.00,50079.96,2026-02-25
2892,INV-002892,328,338,2023-01-10,2023-01-25,paid,USD,116.00,0.00,116.00,2023-01-10
2893,INV-002893,328,338,2023-02-10,2023-03-27,paid,USD,116.00,0.00,116.00,2023-02-10
2894,INV-002894,328,338,2023-03-10,2023-03-25,paid,USD,116.00,0.00,116.00,2023-04-12
2895,INV-002895,328,338,2023-04-10,2023-04-25,paid,USD,116.00,0.00,116.00,2023-04-30
2896,INV-002896,328,338,2023-05-10,2023-06-24,paid,USD,116.00,0.00,116.00,2023-05-10
2897,INV-002897,328,338,2023-06-10,2023-06-25,paid,USD,116.00,0.00,116.00,2023-06-10
2898,INV-002898,328,338,2023-07-10,2023-08-09,paid,USD,116.00,0.00,116.00,2023-07-26
2899,INV-002899,328,338,2023-08-10,2023-08-25,paid,USD,116.00,0.00,116.00,2023-08-23
2900,INV-002900,328,338,2023-09-10,2023-10-25,paid,USD,116.00,0.00,116.00,2023-09-11
2901,INV-002901,328,338,2023-10-10,2023-11-09,paid,USD,116.00,0.00,116.00,2023-10-10
2902,INV-002902,328,338,2023-11-10,2023-12-10,paid,USD,116.00,0.00,116.00,2023-11-23
2903,INV-002903,328,338,2023-12-10,2024-01-24,paid,USD,116.00,0.00,116.00,2023-12-12
2904,INV-002904,328,338,2024-01-10,2024-02-24,paid,USD,116.00,0.00,116.00,2024-01-16
2905,INV-002905,328,338,2024-02-10,2024-02-25,paid,USD,116.00,0.00,116.00,2024-02-21
2906,INV-002906,328,338,2024-03-10,2024-04-24,paid,USD,116.00,0.00,116.00,2024-03-19
2907,INV-002907,328,338,2024-04-10,2024-05-10,paid,USD,116.00,0.00,116.00,2024-04-11
2908,INV-002908,328,338,2024-05-10,2024-05-25,paid,USD,116.00,0.00,116.00,2024-05-17
2909,INV-002909,328,338,2024-06-10,2024-07-25,paid,USD,116.00,0.00,116.00,2024-06-12
2910,INV-002910,328,338,2024-07-10,2024-08-09,paid,USD,116.00,0.00,116.00,2024-07-14
2911,INV-002911,328,338,2024-08-10,2024-09-09,paid,USD,116.00,0.00,116.00,2024-08-14
2912,INV-002912,328,338,2024-09-10,2024-10-25,paid,USD,116.00,0.00,116.00,2024-09-27
2913,INV-002913,328,338,2024-10-10,2024-11-09,paid,USD,116.00,0.00,116.00,2024-10-13
2914,INV-002914,328,338,2024-11-10,2024-12-10,paid,USD,116.00,0.00,116.00,2024-11-20
2915,INV-002915,328,338,2024-12-10,2025-01-24,paid,USD,116.00,0.00,116.00,2024-12-13
2916,INV-002916,328,338,2025-01-10,2025-02-09,paid,USD,116.00,0.00,116.00,2025-02-13
2917,INV-002917,328,338,2025-02-10,2025-03-27,paid,USD,116.00,0.00,116.00,2025-02-16
2918,INV-002918,328,338,2025-03-10,2025-03-25,paid,USD,116.00,0.00,116.00,2025-03-11
2919,INV-002919,328,338,2025-04-10,2025-04-25,paid,USD,116.00,0.00,116.00,2025-04-15
2920,INV-002920,328,338,2025-05-10,2025-06-24,paid,USD,116.00,0.00,116.00,2025-05-30
2921,INV-002921,328,338,2025-06-10,2025-07-10,uncollectible,USD,116.00,0.00,116.00,
2922,INV-002922,328,338,2025-07-10,2025-08-09,paid,USD,116.00,0.00,116.00,2025-07-13
2923,INV-002923,328,338,2025-08-10,2025-09-24,paid,USD,116.00,0.00,116.00,2025-08-21
2924,INV-002924,328,338,2025-09-10,2025-10-10,paid,USD,116.00,0.00,116.00,2025-09-13
2925,INV-002925,328,338,2025-10-10,2025-11-24,paid,USD,116.00,0.00,116.00,2025-10-12
2926,INV-002926,328,338,2025-11-10,2025-12-10,paid,USD,116.00,0.00,116.00,2025-11-14
2927,INV-002927,328,338,2025-12-10,2026-01-24,paid,USD,236.00,0.00,236.00,2025-12-10
2928,INV-002928,328,338,2026-01-10,2026-01-25,paid,USD,236.00,0.00,236.00,2026-01-26
2929,INV-002929,329,339,2024-11-20,2024-12-20,paid,USD,1121.00,0.00,1121.00,2024-12-06
2930,INV-002930,329,339,2024-12-20,2025-01-04,paid,USD,1121.00,0.00,1121.00,2024-12-27
2931,INV-002931,329,339,2025-01-20,2025-02-04,paid,USD,1121.00,0.00,1121.00,2025-02-01
2932,INV-002932,329,339,2025-02-20,2025-03-22,paid,USD,1121.00,0.00,1121.00,2025-02-22
2933,INV-002933,329,339,2025-03-20,2025-04-19,paid,USD,1121.00,0.00,1121.00,2025-03-24
2934,INV-002934,329,339,2025-04-20,2025-05-05,paid,USD,1121.00,0.00,1121.00,2025-04-20
2935,INV-002935,330,340,2024-01-01,2024-01-16,paid,USD,2970.00,0.00,2970.00,2024-01-01
2936,INV-002936,330,340,2025-01-01,2025-01-31,paid,USD,2970.00,0.00,2970.00,2025-01-17
2937,INV-002937,330,340,2026-01-01,2026-02-15,paid,USD,8360.04,0.00,8360.04,2026-01-03
2938,INV-002938,331,341,2026-05-25,2026-06-24,paid,USD,210129.96,0.00,210129.96,2026-06-02
2939,INV-002939,332,342,2026-03-11,2026-04-10,paid,USD,37264.00,0.00,37264.00,2026-03-17
2940,INV-002940,333,343,2026-07-12,2026-08-11,paid,USD,8850.00,0.00,8850.00,2026-07-14
2941,INV-002941,334,344,2023-04-06,2023-05-21,paid,USD,74028.00,0.00,74028.00,2023-05-06
2942,INV-002942,334,344,2024-04-06,2024-04-21,paid,USD,72468.00,0.00,72468.00,2024-04-22
2943,INV-002943,334,344,2025-04-06,2025-05-21,paid,USD,85536.00,0.00,85536.00,2025-04-10
2944,INV-002944,334,344,2026-04-06,2026-04-21,paid,USD,113280.00,0.00,113280.00,2026-04-06
2945,INV-002945,335,345,2025-08-01,2025-08-16,paid,USD,174.00,0.00,174.00,2025-08-09
2946,INV-002946,335,345,2025-09-01,2025-10-16,paid,USD,174.00,0.00,174.00,2025-09-01
2947,INV-002947,335,345,2025-10-01,2025-10-31,paid,USD,174.00,0.00,174.00,2025-10-01
2948,INV-002948,335,345,2025-11-01,2025-12-01,paid,USD,174.00,0.00,174.00,2025-11-04
2949,INV-002949,335,345,2025-12-01,2025-12-31,paid,USD,203.00,0.00,203.00,2025-12-07
2950,INV-002950,335,345,2026-01-01,2026-01-31,paid,USD,203.00,0.00,203.00,2026-01-09
2951,INV-002951,335,345,2026-02-01,2026-03-03,paid,USD,203.00,0.00,203.00,2026-02-14
2952,INV-002952,335,345,2026-03-01,2026-03-31,paid,USD,203.00,0.00,203.00,2026-03-02
2953,INV-002953,336,346,2026-08-20,2026-10-04,paid,USD,145.00,0.00,145.00,2026-08-21
2954,INV-002954,337,347,2025-11-13,2025-12-13,paid,USD,63930.00,0.00,63930.00,2025-11-14
2955,INV-002955,338,348,2024-02-14,2024-02-29,paid,USD,28050.00,0.00,28050.00,2024-02-20
2956,INV-002956,338,348,2024-03-14,2024-04-28,paid,USD,28050.00,0.00,28050.00,2024-03-16
2957,INV-002957,338,348,2024-04-14,2024-05-14,paid,USD,28050.00,0.00,28050.00,2024-04-23
2958,INV-002958,338,348,2024-05-14,2024-06-13,paid,USD,28050.00,0.00,28050.00,2024-05-28
2959,INV-002959,338,348,2024-06-14,2024-07-29,paid,USD,28050.00,0.00,28050.00,2024-06-17
2960,INV-002960,338,348,2024-07-14,2024-08-13,void,USD,28050.00,0.00,28050.00,
2961,INV-002961,338,348,2024-08-14,2024-09-13,paid,USD,28050.00,0.00,28050.00,2024-08-22
2962,INV-002962,338,348,2024-09-14,2024-10-14,paid,USD,21120.00,0.00,21120.00,2024-09-30
2963,INV-002963,338,348,2024-10-14,2024-10-29,paid,USD,21120.00,0.00,21120.00,2024-10-22
2964,INV-002964,338,348,2024-11-14,2024-11-29,paid,USD,21120.00,0.00,21120.00,2024-11-17
2965,INV-002965,338,348,2024-12-14,2025-01-13,paid,USD,21120.00,0.00,21120.00,2024-12-14
2966,INV-002966,338,348,2025-01-14,2025-02-28,paid,USD,21120.00,0.00,21120.00,2025-01-19
2967,INV-002967,338,348,2025-02-14,2025-03-31,paid,USD,21120.00,0.00,21120.00,2025-02-19
2968,INV-002968,338,348,2025-03-14,2025-04-13,paid,USD,21120.00,0.00,21120.00,2025-03-20
2969,INV-002969,338,348,2025-04-14,2025-04-29,paid,USD,21120.00,0.00,21120.00,2025-05-18
2970,INV-002970,338,348,2025-05-14,2025-06-13,paid,USD,21120.00,0.00,21120.00,2025-05-14
2971,INV-002971,338,348,2025-06-14,2025-07-14,paid,USD,21120.00,0.00,21120.00,2025-06-14
2972,INV-002972,338,348,2025-07-14,2025-08-13,paid,USD,21120.00,0.00,21120.00,2025-07-24
2973,INV-002973,338,348,2025-08-14,2025-09-13,paid,USD,21120.00,0.00,21120.00,2025-09-10
2974,INV-002974,338,348,2025-09-14,2025-10-14,paid,USD,21120.00,0.00,21120.00,2025-09-18
2975,INV-002975,338,348,2025-10-14,2025-11-13,paid,USD,21120.00,0.00,21120.00,2025-10-27
2976,INV-002976,338,348,2025-11-14,2025-12-14,paid,USD,21199.00,0.00,21199.00,2025-11-21
2977,INV-002977,338,348,2025-12-14,2025-12-29,paid,USD,2458.33,0.00,2458.33,2025-12-17
2978,INV-002978,338,348,2026-01-14,2026-02-13,paid,USD,2458.33,0.00,2458.33,2026-01-18
2979,INV-002979,338,348,2026-02-14,2026-03-01,void,USD,2458.33,0.00,2458.33,
2980,INV-002980,338,348,2026-03-14,2026-03-29,paid,USD,290.00,0.00,290.00,2026-03-27
2981,INV-002981,339,349,2025-06-28,2025-07-13,uncollectible,USD,87.00,0.00,87.00,
2982,INV-002982,339,349,2025-07-28,2025-08-27,paid,USD,87.00,0.00,87.00,2025-07-28
2983,INV-002983,339,349,2025-08-28,2025-10-12,paid,USD,87.00,0.00,87.00,2025-08-29
2984,INV-002984,339,349,2025-09-28,2025-11-12,paid,USD,87.00,0.00,87.00,2025-09-28
2985,INV-002985,339,349,2025-10-28,2025-11-27,paid,USD,87.00,0.00,87.00,2025-11-12
2986,INV-002986,339,349,2025-11-28,2025-12-28,paid,USD,87.00,0.00,87.00,2025-12-12
2987,INV-002987,339,349,2025-12-28,2026-01-27,paid,USD,87.00,0.00,87.00,2025-12-30
2988,INV-002988,339,349,2026-01-28,2026-03-14,paid,USD,87.00,0.00,87.00,2026-03-08
2989,INV-002989,339,349,2026-02-28,2026-03-15,paid,USD,87.00,0.00,87.00,2026-03-07
2990,INV-002990,339,349,2026-03-28,2026-05-12,paid,USD,87.00,0.00,87.00,2026-04-08
2991,INV-002991,339,349,2026-04-28,2026-05-28,paid,USD,87.00,0.00,87.00,2026-05-02
2992,INV-002992,339,349,2026-05-28,2026-06-12,paid,USD,87.00,0.00,87.00,2026-06-09
2993,INV-002993,339,349,2026-06-28,2026-07-28,paid,USD,87.00,0.00,87.00,2026-07-06
2994,INV-002994,339,349,2026-07-28,2026-08-27,paid,USD,87.00,0.00,87.00,2026-07-28
2995,INV-002995,339,349,2026-08-28,2026-09-27,paid,USD,87.00,0.00,87.00,2026-08-31
2996,INV-002996,340,350,2024-02-29,2024-03-30,paid,USD,295.00,0.00,295.00,2024-03-16
2997,INV-002997,340,350,2024-03-29,2024-04-28,paid,USD,295.00,0.00,295.00,2024-04-13
2998,INV-002998,340,350,2024-04-29,2024-05-14,paid,USD,295.00,0.00,295.00,2024-05-07
2999,INV-002999,340,350,2024-05-29,2024-06-13,paid,USD,295.00,0.00,295.00,2024-06-06
3000,INV-003000,341,351,2025-01-11,2025-01-26,paid,USD,75990.00,0.00,75990.00,2025-01-13
3001,INV-003001,342,352,2025-06-05,2025-07-05,paid,USD,211580.04,0.00,211580.04,2025-06-22
3002,INV-003002,342,352,2026-06-05,2026-07-20,uncollectible,USD,237530.04,0.00,237530.04,
3003,INV-003003,343,353,2026-01-03,2026-02-17,paid,USD,424650.00,0.00,424650.00,2026-01-03
3004,INV-003004,344,354,2023-04-02,2023-05-02,paid,USD,58.00,0.00,58.00,2023-04-24
3005,INV-003005,344,354,2023-05-02,2023-05-17,paid,USD,58.00,0.00,58.00,2023-05-06
3006,INV-003006,344,354,2023-06-02,2023-07-17,paid,USD,58.00,0.00,58.00,2023-06-09
3007,INV-003007,344,354,2023-07-02,2023-08-01,paid,USD,58.00,0.00,58.00,2023-07-03
3008,INV-003008,344,354,2023-08-02,2023-09-01,paid,USD,58.00,0.00,58.00,2023-08-22
3009,INV-003009,344,354,2023-09-02,2023-10-02,paid,USD,58.00,0.00,58.00,2023-09-04
3010,INV-003010,344,354,2023-10-02,2023-11-16,paid,USD,58.00,0.00,58.00,2023-10-08
3011,INV-003011,344,354,2023-11-02,2023-12-02,paid,USD,58.00,0.00,58.00,2023-11-22
3012,INV-003012,344,354,2023-12-02,2023-12-17,paid,USD,58.00,0.00,58.00,2023-12-06
3013,INV-003013,344,354,2024-01-02,2024-02-01,void,USD,58.00,0.00,58.00,
3014,INV-003014,344,354,2024-02-02,2024-02-17,paid,USD,58.00,0.00,58.00,2024-02-05
3015,INV-003015,344,354,2024-03-02,2024-04-01,paid,USD,58.00,0.00,58.00,2024-03-05
3016,INV-003016,344,354,2024-04-02,2024-05-02,paid,USD,58.00,0.00,58.00,2024-04-02
3017,INV-003017,344,354,2024-05-02,2024-05-17,paid,USD,58.00,0.00,58.00,2024-05-11
3018,INV-003018,344,354,2024-06-02,2024-07-02,paid,USD,58.00,0.00,58.00,2024-06-15
3019,INV-003019,344,354,2024-07-02,2024-07-17,paid,USD,58.00,0.00,58.00,2024-07-02
3020,INV-003020,344,354,2024-08-02,2024-09-16,paid,USD,58.00,0.00,58.00,2024-08-02
3021,INV-003021,344,354,2024-09-02,2024-10-02,paid,USD,58.00,0.00,58.00,2024-09-02
3022,INV-003022,344,354,2024-10-02,2024-10-17,paid,USD,58.00,0.00,58.00,2024-10-10
3023,INV-003023,344,354,2024-11-02,2024-11-17,paid,USD,58.00,0.00,58.00,2024-11-05
3024,INV-003024,344,354,2024-12-02,2025-01-01,paid,USD,58.00,0.00,58.00,2024-12-27
3025,INV-003025,344,354,2025-01-02,2025-02-01,paid,USD,58.00,0.00,58.00,2025-01-07
3026,INV-003026,344,354,2025-02-02,2025-03-04,paid,USD,58.00,0.00,58.00,2025-02-09
3027,INV-003027,344,354,2025-03-02,2025-03-17,paid,USD,58.00,0.00,58.00,2025-03-02
3028,INV-003028,344,354,2025-04-02,2025-05-02,paid,USD,58.00,0.00,58.00,2025-04-15
3029,INV-003029,344,354,2025-05-02,2025-06-01,paid,USD,58.00,0.00,58.00,2025-05-07
3030,INV-003030,344,354,2025-06-02,2025-07-02,paid,USD,58.00,0.00,58.00,2025-06-07
3031,INV-003031,344,354,2025-07-02,2025-07-17,paid,USD,58.00,0.00,58.00,2025-07-13
3032,INV-003032,344,354,2025-08-02,2025-09-16,paid,USD,58.00,0.00,58.00,2025-08-05
3033,INV-003033,344,354,2025-09-02,2025-10-02,paid,USD,58.00,0.00,58.00,2025-09-05
3034,INV-003034,344,354,2025-10-02,2025-11-01,paid,USD,87.00,0.00,87.00,2025-10-08
3035,INV-003035,344,354,2025-11-02,2025-12-17,paid,USD,87.00,0.00,87.00,2025-11-09
3036,INV-003036,344,354,2025-12-02,2026-01-01,paid,USD,87.00,0.00,87.00,2025-12-06
3037,INV-003037,344,354,2026-01-02,2026-02-01,paid,USD,87.00,0.00,87.00,2026-01-13
3038,INV-003038,344,354,2026-02-02,2026-03-19,paid,USD,87.00,0.00,87.00,2026-02-06
3039,INV-003039,344,354,2026-03-02,2026-04-16,paid,USD,87.00,0.00,87.00,2026-03-10
3040,INV-003040,344,354,2026-04-02,2026-04-17,paid,USD,87.00,0.00,87.00,2026-04-03
3041,INV-003041,344,354,2026-05-02,2026-06-01,paid,USD,87.00,0.00,87.00,2026-05-06
3042,INV-003042,344,354,2026-06-02,2026-06-17,paid,USD,87.00,0.00,87.00,2026-06-03
3043,INV-003043,344,354,2026-07-02,2026-08-01,paid,USD,87.00,0.00,87.00,2026-07-09
3044,INV-003044,344,354,2026-08-02,2026-09-01,paid,USD,87.00,0.00,87.00,2026-08-07
3045,INV-003045,345,355,2025-01-21,2025-03-07,paid,USD,1014690.00,0.00,1014690.00,2025-01-24
3046,INV-003046,345,355,2026-01-21,2026-02-20,paid,USD,998300.04,0.00,998300.04,2026-01-21
3047,INV-003047,346,356,2023-09-10,2023-10-10,paid,USD,248829.96,0.00,248829.96,2023-09-14
3048,INV-003048,346,356,2024-09-10,2024-10-25,paid,USD,320349.96,0.00,320349.96,2024-10-20
3049,INV-003049,346,357,2025-07-12,2025-08-26,paid,USD,250320.00,0.00,250320.00,2025-07-17
3050,INV-003050,346,357,2026-07-12,2026-08-11,paid,USD,250320.00,0.00,250320.00,2026-07-15
3051,INV-003051,347,358,2025-03-05,2025-04-19,paid,USD,354.00,0.00,354.00,2025-03-05
3052,INV-003052,347,358,2025-04-05,2025-05-20,paid,USD,354.00,0.00,354.00,2025-04-09
3053,INV-003053,347,358,2025-05-05,2025-06-04,paid,USD,354.00,0.00,354.00,2025-05-05
3054,INV-003054,347,358,2025-06-05,2025-07-05,paid,USD,354.00,0.00,354.00,2025-06-18
3055,INV-003055,347,358,2025-07-05,2025-08-04,paid,USD,354.00,0.00,354.00,2025-07-06
3056,INV-003056,348,359,2024-07-15,2024-08-29,paid,USD,792.00,0.00,792.00,2024-07-19
3057,INV-003057,348,359,2024-08-15,2024-09-14,paid,USD,792.00,0.00,792.00,2024-08-27
3058,INV-003058,348,359,2024-09-15,2024-10-15,paid,USD,792.00,0.00,792.00,2024-09-16
3059,INV-003059,348,359,2024-10-15,2024-11-29,paid,USD,792.00,0.00,792.00,2024-11-15
3060,INV-003060,348,359,2024-11-15,2024-12-15,paid,USD,792.00,0.00,792.00,2024-11-18
3061,INV-003061,348,359,2024-12-15,2024-12-30,paid,USD,871.00,0.00,871.00,2024-12-20
3062,INV-003062,348,359,2025-01-15,2025-01-30,paid,USD,871.00,0.00,871.00,2025-01-15
3063,INV-003063,348,359,2025-02-15,2025-04-01,paid,USD,891.00,0.00,891.00,2025-03-13
3064,INV-003064,348,359,2025-03-15,2025-04-14,void,USD,891.00,0.00,891.00,
3065,INV-003065,348,359,2025-04-15,2025-05-15,paid,USD,891.00,0.00,891.00,2025-04-25
3066,INV-003066,348,359,2025-05-15,2025-06-14,paid,USD,891.00,0.00,891.00,2025-05-15
3067,INV-003067,348,359,2025-06-15,2025-07-15,paid,USD,891.00,0.00,891.00,2025-06-19
3068,INV-003068,348,359,2025-07-15,2025-08-14,paid,USD,891.00,0.00,891.00,2025-08-04
3069,INV-003069,348,359,2025-08-15,2025-09-29,paid,USD,891.00,0.00,891.00,2025-08-26
3070,INV-003070,348,359,2025-09-15,2025-10-15,paid,USD,891.00,0.00,891.00,2025-09-15
3071,INV-003071,348,359,2025-10-15,2025-10-30,paid,USD,891.00,0.00,891.00,2025-11-09
3072,INV-003072,348,359,2025-11-15,2025-11-30,paid,USD,891.00,0.00,891.00,2025-11-17
3073,INV-003073,348,359,2025-12-15,2026-01-29,paid,USD,1020.00,0.00,1020.00,2025-12-16
3074,INV-003074,348,359,2026-01-15,2026-02-14,paid,USD,891.00,0.00,891.00,2026-01-24
3075,INV-003075,348,359,2026-02-15,2026-03-17,paid,USD,891.00,0.00,891.00,2026-02-20
3076,INV-003076,348,359,2026-03-15,2026-04-29,paid,USD,891.00,0.00,891.00,2026-03-18
3077,INV-003077,348,359,2026-04-15,2026-05-15,paid,USD,891.00,0.00,891.00,2026-04-29
3078,INV-003078,348,359,2026-05-15,2026-06-14,paid,USD,891.00,0.00,891.00,2026-05-16
3079,INV-003079,348,359,2026-06-15,2026-07-15,paid,USD,891.00,0.00,891.00,2026-06-21
3080,INV-003080,348,359,2026-07-15,2026-08-14,paid,USD,891.00,0.00,891.00,2026-07-15
3081,INV-003081,348,359,2026-08-15,2026-09-14,paid,USD,891.00,0.00,891.00,2026-08-18
3082,INV-003082,349,360,2026-07-18,2026-08-02,paid,USD,58110.00,0.00,58110.00,2026-07-26
3083,INV-003083,350,361,2025-12-05,2025-12-20,paid,USD,50670.00,0.00,50670.00,2025-12-11
3084,INV-003084,351,362,2025-05-20,2025-07-04,paid,USD,87.00,0.00,87.00,2025-05-24
3085,INV-003085,351,362,2025-06-20,2025-07-20,paid,USD,87.00,0.00,87.00,2025-06-21
3086,INV-003086,351,362,2025-07-20,2025-08-19,paid,USD,87.00,0.00,87.00,2025-07-25
3087,INV-003087,351,362,2025-08-20,2025-09-04,paid,USD,87.00,0.00,87.00,2025-08-28
3088,INV-003088,351,362,2025-09-20,2025-10-05,paid,USD,87.00,0.00,87.00,2025-09-21
3089,INV-003089,351,362,2025-10-20,2025-11-19,paid,USD,87.00,0.00,87.00,2025-10-29
3090,INV-003090,351,362,2025-11-20,2025-12-05,paid,USD,87.00,0.00,87.00,2025-11-27
3091,INV-003091,351,362,2025-12-20,2026-02-03,paid,USD,116.00,0.00,116.00,2025-12-28
3092,INV-003092,351,362,2026-01-20,2026-02-19,paid,USD,116.00,0.00,116.00,2026-02-06
3093,INV-003093,351,362,2026-02-20,2026-03-22,paid,USD,116.00,0.00,116.00,2026-03-10
3094,INV-003094,351,362,2026-03-20,2026-05-04,paid,USD,116.00,0.00,116.00,2026-04-10
3095,INV-003095,351,362,2026-04-20,2026-06-04,paid,USD,116.00,0.00,116.00,2026-04-25
3096,INV-003096,351,362,2026-05-20,2026-06-19,paid,USD,116.00,0.00,116.00,2026-06-19
3097,INV-003097,351,362,2026-06-20,2026-07-05,paid,USD,116.00,0.00,116.00,2026-06-24
3098,INV-003098,351,362,2026-07-20,2026-08-19,paid,USD,116.00,0.00,116.00,2026-07-24
3099,INV-003099,351,362,2026-08-20,2026-09-04,open,USD,116.00,0.00,116.00,
3100,INV-003100,352,363,2023-09-05,2023-10-20,paid,USD,145.00,0.00,145.00,2023-09-17
3101,INV-003101,352,363,2023-10-05,2023-10-20,paid,USD,145.00,0.00,145.00,2023-10-05
3102,INV-003102,352,363,2023-11-05,2023-12-20,paid,USD,145.00,0.00,145.00,2023-11-05
3103,INV-003103,352,363,2023-12-05,2023-12-20,paid,USD,174.00,0.00,174.00,2023-12-15
3104,INV-003104,352,363,2024-01-05,2024-02-19,paid,USD,174.00,0.00,174.00,2024-01-14
3105,INV-003105,352,363,2024-02-05,2024-03-06,paid,USD,174.00,0.00,174.00,2024-02-15
3106,INV-003106,352,363,2024-03-05,2024-04-04,paid,USD,174.00,0.00,174.00,2024-03-18
3107,INV-003107,352,363,2024-04-05,2024-05-05,paid,USD,174.00,0.00,174.00,2024-04-14
3108,INV-003108,352,363,2024-05-05,2024-05-20,paid,USD,174.00,0.00,174.00,2024-05-19
3109,INV-003109,352,363,2024-06-05,2024-07-05,void,USD,174.00,0.00,174.00,
3110,INV-003110,352,363,2024-07-05,2024-08-04,paid,USD,174.00,0.00,174.00,2024-07-05
3111,INV-003111,352,363,2024-08-05,2024-08-20,paid,USD,174.00,0.00,174.00,2024-08-11
3112,INV-003112,353,364,2025-11-17,2025-12-17,paid,USD,290.00,0.00,290.00,2025-11-17
3113,INV-003113,353,364,2025-12-17,2026-01-16,paid,USD,290.00,0.00,290.00,2025-12-27
3114,INV-003114,353,364,2026-01-17,2026-03-03,paid,USD,290.00,0.00,290.00,2026-01-29
3115,INV-003115,353,364,2026-02-17,2026-03-04,void,USD,290.00,0.00,290.00,
3116,INV-003116,353,364,2026-03-17,2026-05-01,paid,USD,290.00,0.00,290.00,2026-04-03
3117,INV-003117,353,364,2026-04-17,2026-05-17,paid,USD,290.00,0.00,290.00,2026-04-23
3118,INV-003118,353,364,2026-05-17,2026-06-16,paid,USD,290.00,0.00,290.00,2026-05-26
3119,INV-003119,353,364,2026-06-17,2026-07-02,paid,USD,290.00,0.00,290.00,2026-06-27
3120,INV-003120,353,364,2026-07-17,2026-08-16,paid,USD,290.00,0.00,290.00,2026-07-21
3121,INV-003121,353,364,2026-08-17,2026-09-16,open,USD,290.00,0.00,290.00,
3122,INV-003122,354,365,2026-06-08,2026-07-08,uncollectible,USD,531.00,0.00,531.00,
3123,INV-003123,354,365,2026-07-08,2026-08-22,paid,USD,413.00,0.00,413.00,2026-07-09
3124,INV-003124,354,365,2026-08-08,2026-09-07,paid,USD,413.00,0.00,413.00,2026-08-14
3125,INV-003125,355,366,2026-01-30,2026-03-16,paid,USD,232.00,0.00,232.00,2026-02-04
3126,INV-003126,355,366,2026-02-28,2026-03-15,paid,USD,232.00,0.00,232.00,2026-03-08
3127,INV-003127,355,366,2026-03-30,2026-04-29,paid,USD,232.00,0.00,232.00,2026-03-30
3128,INV-003128,355,366,2026-04-30,2026-06-14,paid,USD,232.00,0.00,232.00,2026-05-04
3129,INV-003129,355,366,2026-05-30,2026-06-14,paid,USD,261.00,0.00,261.00,2026-05-30
3130,INV-003130,355,366,2026-06-30,2026-07-30,paid,USD,261.00,0.00,261.00,2026-07-04
3131,INV-003131,356,367,2024-03-12,2024-04-26,paid,USD,29499.96,0.00,29499.96,2024-03-19
3132,INV-003132,356,367,2025-03-12,2025-04-11,paid,USD,29499.96,0.00,29499.96,2025-03-18
3133,INV-003133,356,367,2026-03-12,2026-04-11,paid,USD,29499.96,0.00,29499.96,2026-03-14
3134,INV-003134,357,368,2025-06-16,2025-07-16,paid,USD,290.00,0.00,290.00,2025-06-24
3135,INV-003135,357,368,2025-07-16,2025-07-31,paid,USD,290.00,0.00,290.00,2025-07-27
3136,INV-003136,357,368,2025-08-16,2025-09-15,paid,USD,290.00,0.00,290.00,2025-08-27
3137,INV-003137,357,368,2025-09-16,2025-10-01,paid,USD,290.00,0.00,290.00,2025-09-29
3138,INV-003138,357,368,2025-10-16,2025-11-15,paid,USD,290.00,0.00,290.00,2025-10-20
3139,INV-003139,357,368,2025-11-16,2025-12-16,paid,USD,290.00,0.00,290.00,2025-11-24
3140,INV-003140,357,368,2025-12-16,2026-01-30,paid,USD,290.00,0.00,290.00,2025-12-26
3141,INV-003141,357,368,2026-01-16,2026-03-02,paid,USD,290.00,0.00,290.00,2026-01-19
3142,INV-003142,357,368,2026-02-16,2026-04-02,paid,USD,290.00,0.00,290.00,2026-02-19
3143,INV-003143,357,368,2026-03-16,2026-03-31,paid,USD,290.00,0.00,290.00,2026-03-20
3144,INV-003144,357,368,2026-04-16,2026-05-31,void,USD,290.00,0.00,290.00,
3145,INV-003145,357,368,2026-05-16,2026-05-31,paid,USD,290.00,0.00,290.00,2026-05-21
3146,INV-003146,357,368,2026-06-16,2026-07-01,uncollectible,USD,290.00,0.00,290.00,
3147,INV-003147,357,368,2026-07-16,2026-08-30,paid,USD,290.00,0.00,290.00,2026-07-21
3148,INV-003148,357,368,2026-08-16,2026-09-30,paid,USD,290.00,0.00,290.00,2026-08-31
3149,INV-003149,358,369,2022-12-17,2023-01-31,paid,USD,7670.04,0.00,7670.04,2022-12-17
3150,INV-003150,358,369,2023-12-17,2024-01-16,paid,USD,7670.04,0.00,7670.04,2023-12-20
3151,INV-003151,359,370,2022-07-26,2022-08-25,paid,USD,11880.00,0.00,11880.00,2022-07-30
3152,INV-003152,359,370,2023-07-26,2023-08-10,paid,USD,22350.00,0.00,22350.00,2023-08-03
3153,INV-003153,359,370,2024-07-26,2024-08-25,paid,USD,22350.00,0.00,22350.00,2024-08-10
3154,INV-003154,359,370,2025-07-26,2025-08-10,paid,USD,23840.04,0.00,23840.04,2025-07-27
3155,INV-003155,359,370,2026-07-26,2026-08-25,paid,USD,23840.04,0.00,23840.04,2026-07-30
3156,INV-003156,360,371,2024-12-29,2025-02-12,paid,USD,3540.00,0.00,3540.00,2024-12-29
3157,INV-003157,360,371,2025-12-29,2026-01-28,paid,USD,4130.04,0.00,4130.04,2025-12-29
3158,INV-003158,361,372,2026-05-17,2026-06-01,paid,USD,116.00,0.00,116.00,2026-05-19
3159,INV-003159,361,372,2026-06-17,2026-07-02,paid,USD,116.00,0.00,116.00,2026-06-18
3160,INV-003160,361,372,2026-07-17,2026-08-16,paid,USD,116.00,0.00,116.00,2026-07-28
3161,INV-003161,361,372,2026-08-17,2026-09-01,open,USD,116.00,0.00,116.00,
3162,INV-003162,362,373,2024-07-03,2024-08-17,paid,USD,118.00,0.00,118.00,2024-07-10
3163,INV-003163,362,373,2024-08-03,2024-08-18,paid,USD,118.00,0.00,118.00,2024-08-04
3164,INV-003164,362,373,2024-09-03,2024-09-18,paid,USD,118.00,0.00,118.00,2024-09-25
3165,INV-003165,362,373,2024-10-03,2024-11-17,paid,USD,177.00,0.00,177.00,2024-10-06
3166,INV-003166,362,373,2024-11-03,2024-12-03,paid,USD,177.00,0.00,177.00,2024-11-04
3167,INV-003167,362,373,2024-12-03,2024-12-18,paid,USD,177.00,0.00,177.00,2024-12-05
3168,INV-003168,362,373,2025-01-03,2025-02-02,paid,USD,177.00,0.00,177.00,2025-01-08
3169,INV-003169,362,373,2025-02-03,2025-03-05,paid,USD,177.00,0.00,177.00,2025-02-05
3170,INV-003170,362,373,2025-03-03,2025-04-17,paid,USD,177.00,0.00,177.00,2025-03-11
3171,INV-003171,362,373,2025-04-03,2025-05-03,paid,USD,177.00,0.00,177.00,2025-04-03
3172,INV-003172,362,373,2025-05-03,2025-06-17,paid,USD,177.00,0.00,177.00,2025-05-14
3173,INV-003173,362,373,2025-06-03,2025-06-18,paid,USD,177.00,0.00,177.00,2025-06-05
3174,INV-003174,362,373,2025-07-03,2025-07-18,paid,USD,236.00,0.00,236.00,2025-07-06
3175,INV-003175,362,373,2025-08-03,2025-09-02,paid,USD,525.00,0.00,525.00,2025-08-19
3176,INV-003176,362,373,2025-09-03,2025-09-18,paid,USD,445.00,0.00,445.00,2025-09-05
3177,INV-003177,363,374,2026-06-30,2026-08-14,paid,USD,885.00,0.00,885.00,2026-07-02
3178,INV-003178,363,374,2026-07-30,2026-09-13,paid,USD,885.00,0.00,885.00,2026-08-10
3179,INV-003179,363,374,2026-08-30,2026-09-14,paid,USD,885.00,0.00,885.00,2026-08-31
3180,INV-003180,364,375,2025-02-13,2025-03-15,paid,USD,75240.00,0.00,75240.00,2025-02-22
3181,INV-003181,364,375,2026-02-13,2026-03-15,paid,USD,49500.00,0.00,49500.00,2026-02-20
3182,INV-003182,365,376,2025-10-13,2025-11-12,paid,USD,145.00,0.00,145.00,2025-10-28
3183,INV-003183,365,376,2025-11-13,2025-11-28,paid,USD,145.00,0.00,145.00,2025-11-13
3184,INV-003184,365,376,2025-12-13,2026-01-27,paid,USD,174.00,0.00,174.00,2025-12-17
3185,INV-003185,365,376,2026-01-13,2026-02-27,paid,USD,174.00,0.00,174.00,2026-01-14
3186,INV-003186,365,376,2026-02-13,2026-02-28,paid,USD,174.00,0.00,174.00,2026-02-20
3187,INV-003187,365,376,2026-03-13,2026-03-28,paid,USD,174.00,0.00,174.00,2026-04-20
3188,INV-003188,365,376,2026-04-13,2026-05-13,paid,USD,174.00,0.00,174.00,2026-04-13
3189,INV-003189,365,376,2026-05-13,2026-05-28,paid,USD,174.00,0.00,174.00,2026-05-14
3190,INV-003190,365,376,2026-06-13,2026-06-28,paid,USD,174.00,0.00,174.00,2026-06-14
3191,INV-003191,365,376,2026-07-13,2026-07-28,paid,USD,174.00,0.00,174.00,2026-07-17
3192,INV-003192,365,376,2026-08-13,2026-09-12,paid,USD,174.00,0.00,174.00,2026-08-16
3193,INV-003193,366,377,2024-09-10,2024-10-25,paid,USD,2871.00,0.00,2871.00,2024-09-11
3194,INV-003194,366,377,2024-10-10,2024-11-09,paid,USD,2871.00,0.00,2871.00,2024-10-22
3195,INV-003195,366,377,2024-11-10,2024-12-10,paid,USD,2871.00,0.00,2871.00,2024-11-18
3196,INV-003196,366,377,2024-12-10,2025-01-09,paid,USD,3000.00,0.00,3000.00,2024-12-11
3197,INV-003197,366,377,2025-01-10,2025-02-09,paid,USD,2871.00,0.00,2871.00,2025-01-19
3198,INV-003198,366,377,2025-02-10,2025-03-27,paid,USD,2871.00,0.00,2871.00,2025-03-10
3199,INV-003199,366,377,2025-03-10,2025-03-25,paid,USD,2871.00,0.00,2871.00,2025-03-14
3200,INV-003200,366,377,2025-04-10,2025-04-25,paid,USD,2871.00,0.00,2871.00,2025-04-10
3201,INV-003201,366,377,2025-05-10,2025-06-09,paid,USD,2871.00,0.00,2871.00,2025-05-16
3202,INV-003202,366,377,2025-06-10,2025-06-25,paid,USD,2871.00,0.00,2871.00,2025-06-14
3203,INV-003203,366,377,2025-07-10,2025-08-24,paid,USD,2871.00,0.00,2871.00,2025-07-15
3204,INV-003204,366,377,2025-08-10,2025-09-24,paid,USD,2871.00,0.00,2871.00,2025-08-10
3205,INV-003205,366,377,2025-09-10,2025-10-10,paid,USD,2871.00,0.00,2871.00,2025-09-16
3206,INV-003206,366,377,2025-10-10,2025-11-09,paid,USD,2871.00,0.00,2871.00,2025-10-20
3207,INV-003207,366,377,2025-11-10,2025-12-10,paid,USD,2871.00,0.00,2871.00,2025-11-14
3208,INV-003208,366,377,2025-12-10,2026-01-24,paid,USD,2871.00,0.00,2871.00,2025-12-18
3209,INV-003209,366,377,2026-01-10,2026-01-25,paid,USD,2871.00,0.00,2871.00,2026-01-23
3210,INV-003210,366,377,2026-02-10,2026-02-25,void,USD,2871.00,0.00,2871.00,
3211,INV-003211,366,377,2026-03-10,2026-03-25,paid,USD,2871.00,0.00,2871.00,2026-03-12
3212,INV-003212,366,377,2026-04-10,2026-05-25,paid,USD,2871.00,0.00,2871.00,2026-04-27
3213,INV-003213,366,377,2026-05-10,2026-05-25,paid,USD,3000.00,0.00,3000.00,2026-05-15
3214,INV-003214,366,377,2026-06-10,2026-07-10,void,USD,2920.00,0.00,2920.00,
3215,INV-003215,366,377,2026-07-10,2026-07-25,paid,USD,3267.00,0.00,3267.00,2026-07-21
3216,INV-003216,366,377,2026-08-10,2026-08-25,paid,USD,3267.00,0.00,3267.00,2026-08-18
3217,INV-003217,367,378,2023-07-05,2023-08-04,paid,USD,290.00,0.00,290.00,2023-07-06
3218,INV-003218,367,378,2023-08-05,2023-09-04,paid,USD,290.00,0.00,290.00,2023-08-21
3219,INV-003219,367,378,2023-09-05,2023-10-05,paid,USD,290.00,0.00,290.00,2023-09-14
3220,INV-003220,367,378,2023-10-05,2023-10-20,paid,USD,290.00,0.00,290.00,2023-10-25
3221,INV-003221,368,379,2024-01-31,2024-03-01,uncollectible,USD,2178.00,0.00,2178.00,
3222,INV-003222,368,379,2024-02-29,2024-03-15,paid,USD,2277.00,0.00,2277.00,2024-03-01
3223,INV-003223,368,379,2024-03-31,2024-05-15,paid,USD,2277.00,0.00,2277.00,2024-04-17
3224,INV-003224,368,379,2024-04-30,2024-05-30,void,USD,2277.00,0.00,2277.00,
3225,INV-003225,368,379,2024-05-31,2024-06-30,paid,USD,2277.00,0.00,2277.00,2024-06-02
3226,INV-003226,368,379,2024-06-30,2024-07-15,uncollectible,USD,2277.00,0.00,2277.00,
3227,INV-003227,368,379,2024-07-31,2024-08-15,paid,USD,2326.00,0.00,2326.00,2024-08-13
3228,INV-003228,368,379,2024-08-31,2024-10-15,paid,USD,2277.00,0.00,2277.00,2024-09-06
3229,INV-003229,368,379,2024-09-30,2024-10-30,paid,USD,2277.00,0.00,2277.00,2024-10-10
3230,INV-003230,368,379,2024-10-31,2024-11-30,paid,USD,2277.00,0.00,2277.00,2024-11-04
3231,INV-003231,368,379,2024-11-30,2024-12-15,paid,USD,2277.00,0.00,2277.00,2024-12-01
3232,INV-003232,368,379,2024-12-31,2025-02-14,paid,USD,2277.00,0.00,2277.00,2025-01-01
3233,INV-003233,368,379,2025-01-31,2025-03-02,paid,USD,2277.00,0.00,2277.00,2025-01-31
3234,INV-003234,368,379,2025-02-28,2025-03-15,paid,USD,2277.00,0.00,2277.00,2025-03-04
3235,INV-003235,368,379,2025-03-31,2025-04-30,paid,USD,2277.00,0.00,2277.00,2025-05-01
3236,INV-003236,368,379,2025-04-30,2025-05-30,paid,USD,2277.00,0.00,2277.00,2025-05-04
3237,INV-003237,368,379,2025-05-31,2025-06-15,paid,USD,2277.00,0.00,2277.00,2025-06-02
3238,INV-003238,368,379,2025-06-30,2025-07-15,paid,USD,2277.00,0.00,2277.00,2025-07-01
3239,INV-003239,368,379,2025-07-31,2025-08-30,paid,USD,2376.00,0.00,2376.00,2025-08-22
3240,INV-003240,368,379,2025-08-31,2025-09-30,paid,USD,2376.00,0.00,2376.00,2025-09-01
3241,INV-003241,368,379,2025-09-30,2025-11-14,void,USD,2376.00,0.00,2376.00,
3242,INV-003242,368,379,2025-10-31,2025-11-30,paid,USD,2376.00,0.00,2376.00,2025-11-06
3243,INV-003243,368,379,2025-11-30,2025-12-15,paid,USD,2376.00,0.00,2376.00,2025-12-06
3244,INV-003244,368,379,2025-12-31,2026-01-30,paid,USD,2376.00,0.00,2376.00,2026-01-07
3245,INV-003245,368,379,2026-01-31,2026-02-15,paid,USD,2376.00,0.00,2376.00,2026-02-11
3246,INV-003246,368,379,2026-02-28,2026-03-30,paid,USD,2376.00,0.00,2376.00,2026-03-01
3247,INV-003247,368,379,2026-03-31,2026-04-30,paid,USD,2376.00,0.00,2376.00,2026-04-10
3248,INV-003248,368,379,2026-04-30,2026-05-30,paid,USD,2505.00,0.00,2505.00,2026-04-30
3249,INV-003249,368,379,2026-05-31,2026-06-15,paid,USD,2376.00,0.00,2376.00,2026-06-08
3250,INV-003250,368,379,2026-06-30,2026-08-14,paid,USD,2376.00,0.00,2376.00,2026-06-30
3251,INV-003251,368,379,2026-07-31,2026-08-30,paid,USD,2425.00,0.00,2425.00,2026-08-16
3252,INV-003252,368,379,2026-08-31,2026-09-30,open,USD,2376.00,0.00,2376.00,
3253,INV-003253,369,380,2023-06-01,2023-07-01,paid,USD,12390.00,0.00,12390.00,2023-06-01
3254,INV-003254,369,381,2024-05-26,2024-06-25,paid,USD,7670.04,0.00,7670.04,2024-05-29
3255,INV-003255,369,381,2025-05-26,2025-07-10,paid,USD,8259.96,0.00,8259.96,2025-05-26
3256,INV-003256,369,381,2026-05-26,2026-06-10,paid,USD,8259.96,0.00,8259.96,2026-05-28
3257,INV-003257,370,382,2025-04-20,2025-05-20,paid,USD,649.00,0.00,649.00,2025-04-25
3258,INV-003258,370,382,2025-05-20,2025-06-19,paid,USD,649.00,0.00,649.00,2025-05-27
3259,INV-003259,370,382,2025-06-20,2025-07-20,paid,USD,649.00,0.00,649.00,2025-06-20
3260,INV-003260,371,383,2024-10-29,2024-11-28,paid,USD,22350.00,0.00,22350.00,2024-11-01
3261,INV-003261,371,383,2025-10-29,2025-12-13,paid,USD,25329.96,0.00,25329.96,2025-11-03
3262,INV-003262,372,384,2026-07-20,2026-08-04,paid,USD,186249.96,0.00,186249.96,2026-07-22
3263,INV-003263,373,385,2025-07-04,2025-08-18,paid,USD,290.00,0.00,290.00,2025-07-07
3264,INV-003264,373,385,2025-08-04,2025-08-19,paid,USD,290.00,0.00,290.00,2025-08-16
3265,INV-003265,373,385,2025-09-04,2025-09-19,paid,USD,290.00,0.00,290.00,2025-09-04
3266,INV-003266,373,385,2025-10-04,2025-11-03,paid,USD,290.00,0.00,290.00,2025-10-05
3267,INV-003267,373,385,2025-11-04,2025-12-04,paid,USD,290.00,0.00,290.00,2025-11-14
3268,INV-003268,374,386,2025-12-24,2026-01-23,paid,USD,20830.00,0.00,20830.00,2025-12-24
3269,INV-003269,375,387,2024-11-24,2024-12-24,paid,USD,290.00,0.00,290.00,2024-11-28
3270,INV-003270,375,387,2024-12-24,2025-01-23,uncollectible,USD,290.00,0.00,290.00,
3271,INV-003271,375,387,2025-01-24,2025-02-08,paid,USD,290.00,0.00,290.00,2025-01-24
3272,INV-003272,375,387,2025-02-24,2025-03-26,paid,USD,290.00,0.00,290.00,2025-03-17
3273,INV-003273,375,387,2025-03-24,2025-04-08,paid,USD,290.00,0.00,290.00,2025-04-08
3274,INV-003274,375,387,2025-04-24,2025-06-08,paid,USD,290.00,0.00,290.00,2025-04-26
3275,INV-003275,375,387,2025-05-24,2025-06-23,paid,USD,290.00,0.00,290.00,2025-06-09
3276,INV-003276,375,387,2025-06-24,2025-08-08,paid,USD,290.00,0.00,290.00,2025-06-24
3277,INV-003277,375,387,2025-07-24,2025-08-23,paid,USD,290.00,0.00,290.00,2025-07-25
3278,INV-003278,375,387,2025-08-24,2025-09-23,paid,USD,290.00,0.00,290.00,2025-08-24
3279,INV-003279,375,387,2025-09-24,2025-10-09,paid,USD,290.00,0.00,290.00,2025-10-12
3280,INV-003280,375,387,2025-10-24,2025-12-08,paid,USD,290.00,0.00,290.00,2025-10-25
3281,INV-003281,375,387,2025-11-24,2025-12-24,paid,USD,290.00,0.00,290.00,2025-11-25
3282,INV-003282,375,387,2025-12-24,2026-01-23,paid,USD,290.00,0.00,290.00,2026-01-18
3283,INV-003283,376,388,2025-02-11,2025-03-13,paid,USD,232.00,0.00,232.00,2025-02-19
3284,INV-003284,376,388,2025-03-11,2025-04-10,paid,USD,232.00,0.00,232.00,2025-03-14
3285,INV-003285,376,388,2025-04-11,2025-05-26,paid,USD,232.00,0.00,232.00,2025-04-12
3286,INV-003286,376,388,2025-05-11,2025-06-10,paid,USD,232.00,0.00,232.00,2025-05-15
3287,INV-003287,376,388,2025-06-11,2025-06-26,paid,USD,232.00,0.00,232.00,2025-06-28
3288,INV-003288,376,388,2025-07-11,2025-08-10,paid,USD,232.00,0.00,232.00,2025-07-14
3289,INV-003289,376,388,2025-08-11,2025-09-25,paid,USD,472.00,0.00,472.00,2025-08-11
3290,INV-003290,376,388,2025-09-11,2025-10-11,paid,USD,472.00,0.00,472.00,2025-09-16
3291,INV-003291,376,388,2025-10-11,2025-11-25,paid,USD,472.00,0.00,472.00,2025-10-13
3292,INV-003292,376,388,2025-11-11,2025-12-11,paid,USD,472.00,0.00,472.00,2025-11-14
3293,INV-003293,376,388,2025-12-11,2025-12-26,paid,USD,472.00,0.00,472.00,2025-12-11
3294,INV-003294,377,389,2022-09-29,2022-10-14,paid,USD,11880.00,0.00,11880.00,2022-10-03
3295,INV-003295,377,389,2023-09-29,2023-10-29,paid,USD,17880.00,0.00,17880.00,2023-09-30
3296,INV-003296,377,389,2024-09-29,2024-10-14,paid,USD,14900.04,0.00,14900.04,2024-09-29
3297,INV-003297,377,389,2025-09-29,2025-10-29,paid,USD,16389.96,0.00,16389.96,2025-10-04
3298,INV-003298,378,390,2026-07-16,2026-08-30,paid,USD,174.00,0.00,174.00,2026-07-25
3299,INV-003299,378,390,2026-08-16,2026-09-15,paid,USD,174.00,0.00,174.00,2026-08-18
3300,INV-003300,379,391,2024-06-11,2024-07-26,paid,USD,29499.96,0.00,29499.96,2024-07-18
3301,INV-003301,379,391,2025-06-11,2025-06-26,paid,USD,29499.96,0.00,29499.96,2025-06-13
3302,INV-003302,379,391,2026-06-11,2026-06-26,paid,USD,29499.96,0.00,29499.96,2026-06-16
3303,INV-003303,380,392,2026-07-26,2026-08-25,paid,USD,116.00,0.00,116.00,2026-08-08
3304,INV-003304,380,392,2026-08-26,2026-09-25,paid,USD,116.00,0.00,116.00,2026-08-27
3305,INV-003305,381,393,2025-07-13,2025-08-27,paid,USD,290.00,0.00,290.00,2025-07-16
3306,INV-003306,381,393,2025-08-13,2025-09-12,paid,USD,290.00,0.00,290.00,2025-08-20
3307,INV-003307,381,393,2025-09-13,2025-10-13,paid,USD,290.00,0.00,290.00,2025-09-17
3308,INV-003308,381,393,2025-10-13,2025-11-12,paid,USD,290.00,0.00,290.00,2025-10-16
3309,INV-003309,382,394,2022-08-06,2022-08-21,paid,USD,14850.00,0.00,14850.00,2022-08-17
3310,INV-003310,382,394,2023-08-06,2023-09-05,paid,USD,14850.00,0.00,14850.00,2023-08-08
3311,INV-003311,382,394,2024-08-06,2024-09-20,paid,USD,8850.00,0.00,8850.00,2024-08-06
3312,INV-003312,382,394,2025-08-06,2025-09-20,paid,USD,9440.04,0.00,9440.04,2025-08-08
3313,INV-003313,382,394,2026-08-06,2026-09-20,paid,USD,9440.04,0.00,9440.04,2026-08-16
3314,INV-003314,383,395,2026-04-07,2026-05-07,paid,USD,52200.00,0.00,52200.00,2026-05-01
3315,INV-003315,384,396,2025-03-14,2025-04-28,paid,USD,29700.00,0.00,29700.00,2025-03-23
3316,INV-003316,384,397,2025-11-19,2025-12-19,paid,USD,2802.00,0.00,2802.00,2025-12-12
3317,INV-003317,384,397,2025-12-19,2026-01-18,paid,USD,2673.00,0.00,2673.00,2025-12-28
3318,INV-003318,384,397,2026-01-19,2026-02-18,paid,USD,2673.00,0.00,2673.00,2026-02-08
3319,INV-003319,384,397,2026-02-19,2026-03-21,paid,USD,2752.00,0.00,2752.00,2026-02-21
3320,INV-003320,384,397,2026-03-19,2026-04-18,paid,USD,2673.00,0.00,2673.00,2026-03-20
3321,INV-003321,384,397,2026-04-19,2026-05-19,paid,USD,2673.00,0.00,2673.00,2026-05-14
3322,INV-003322,384,397,2026-05-19,2026-06-18,paid,USD,2673.00,0.00,2673.00,2026-05-20
3323,INV-003323,384,397,2026-06-19,2026-07-04,paid,USD,2673.00,0.00,2673.00,2026-06-24
3324,INV-003324,384,397,2026-07-19,2026-08-18,paid,USD,2673.00,0.00,2673.00,2026-08-18
3325,INV-003325,384,397,2026-08-19,2026-09-18,open,USD,2673.00,0.00,2673.00,
3326,INV-003326,385,398,2024-09-15,2024-10-15,paid,USD,413.00,0.00,413.00,2024-09-26
3327,INV-003327,385,398,2024-10-15,2024-11-14,paid,USD,413.00,0.00,413.00,2024-10-25
3328,INV-003328,385,398,2024-11-15,2024-12-15,paid,USD,413.00,0.00,413.00,2024-11-16
3329,INV-003329,385,398,2024-12-15,2025-01-14,paid,USD,413.00,0.00,413.00,2024-12-19
3330,INV-003330,385,398,2025-01-15,2025-01-30,paid,USD,413.00,0.00,413.00,2025-01-17
3331,INV-003331,385,398,2025-02-15,2025-03-17,paid,USD,413.00,0.00,413.00,2025-02-17
3332,INV-003332,385,398,2025-03-15,2025-03-30,paid,USD,413.00,0.00,413.00,2025-03-17
3333,INV-003333,385,398,2025-04-15,2025-05-15,paid,USD,413.00,0.00,413.00,2025-04-17
3334,INV-003334,385,398,2025-05-15,2025-06-29,paid,USD,413.00,0.00,413.00,2025-05-22
3335,INV-003335,385,398,2025-06-15,2025-06-30,paid,USD,413.00,0.00,413.00,2025-07-10
3336,INV-003336,385,398,2025-07-15,2025-08-14,paid,USD,413.00,0.00,413.00,2025-07-16
3337,INV-003337,385,398,2025-08-15,2025-08-30,paid,USD,413.00,0.00,413.00,2025-08-22
3338,INV-003338,385,398,2025-09-15,2025-09-30,paid,USD,413.00,0.00,413.00,2025-09-20
3339,INV-003339,385,398,2025-10-15,2025-11-14,paid,USD,413.00,0.00,413.00,2025-11-02
3340,INV-003340,385,398,2025-11-15,2025-12-15,paid,USD,472.00,0.00,472.00,2025-11-16
3341,INV-003341,385,398,2025-12-15,2025-12-30,paid,USD,472.00,0.00,472.00,2025-12-26
3342,INV-003342,385,398,2026-01-15,2026-03-01,paid,USD,472.00,0.00,472.00,2026-01-16
3343,INV-003343,385,398,2026-02-15,2026-03-17,paid,USD,472.00,0.00,472.00,2026-02-18
3344,INV-003344,385,398,2026-03-15,2026-03-30,paid,USD,472.00,0.00,472.00,2026-03-18
3345,INV-003345,385,398,2026-04-15,2026-05-30,paid,USD,472.00,0.00,472.00,2026-04-17
3346,INV-003346,385,398,2026-05-15,2026-06-14,paid,USD,472.00,0.00,472.00,2026-05-23
3347,INV-003347,385,398,2026-06-15,2026-07-30,paid,USD,472.00,0.00,472.00,2026-06-15
3348,INV-003348,385,398,2026-07-15,2026-08-14,paid,USD,472.00,0.00,472.00,2026-07-20
3349,INV-003349,385,398,2026-08-15,2026-09-29,paid,USD,472.00,0.00,472.00,2026-08-28
3350,INV-003350,386,399,2025-12-17,2026-01-31,paid,USD,14850.00,0.00,14850.00,2026-01-12
3351,INV-003351,387,400,2025-10-13,2025-11-27,paid,USD,19800.00,0.00,19800.00,2025-10-15
3352,INV-003352,388,401,2025-06-09,2025-06-24,paid,USD,6489.96,0.00,6489.96,2025-06-11
3353,INV-003353,388,401,2026-06-09,2026-07-09,paid,USD,6489.96,0.00,6489.96,2026-06-18
3354,INV-003354,389,402,2024-01-24,2024-02-23,paid,USD,290.00,0.00,290.00,2024-01-27
3355,INV-003355,389,402,2024-02-24,2024-03-25,paid,USD,590.00,0.00,590.00,2024-03-13
3356,INV-003356,389,402,2024-03-24,2024-04-23,paid,USD,990.00,0.00,990.00,2024-04-08
3357,INV-003357,389,402,2024-04-24,2024-05-09,paid,USD,990.00,0.00,990.00,2024-05-04
3358,INV-003358,389,402,2024-05-24,2024-07-08,paid,USD,990.00,0.00,990.00,2024-05-24
3359,INV-003359,389,402,2024-06-24,2024-08-08,paid,USD,990.00,0.00,990.00,2024-06-28
3360,INV-003360,389,402,2024-07-24,2024-08-23,paid,USD,1069.00,0.00,1069.00,2024-08-04
3361,INV-003361,389,402,2024-08-24,2024-09-08,paid,USD,990.00,0.00,990.00,2024-08-26
3362,INV-003362,389,402,2024-09-24,2024-10-09,paid,USD,1119.00,0.00,1119.00,2024-09-27
3363,INV-003363,389,402,2024-10-24,2024-11-23,paid,USD,1168.00,0.00,1168.00,2024-10-24
3364,INV-003364,389,402,2024-11-24,2025-01-08,paid,USD,1089.00,0.00,1089.00,2024-11-26
3365,INV-003365,389,402,2024-12-24,2025-01-23,paid,USD,1089.00,0.00,1089.00,2024-12-27
3366,INV-003366,389,402,2025-01-24,2025-02-23,paid,USD,1089.00,0.00,1089.00,2025-01-27
3367,INV-003367,389,402,2025-02-24,2025-03-11,paid,USD,1089.00,0.00,1089.00,2025-04-02
3368,INV-003368,389,402,2025-03-24,2025-04-08,paid,USD,1089.00,0.00,1089.00,2025-03-26
3369,INV-003369,390,403,2024-10-14,2024-10-29,paid,USD,590.00,0.00,590.00,2024-11-02
3370,INV-003370,390,403,2024-11-14,2024-12-14,void,USD,590.00,0.00,590.00,
3371,INV-003371,390,403,2024-12-14,2025-01-13,paid,USD,590.00,0.00,590.00,2024-12-14
3372,INV-003372,390,403,2025-01-14,2025-01-29,paid,USD,590.00,0.00,590.00,2025-01-22
3373,INV-003373,390,403,2025-02-14,2025-03-01,paid,USD,590.00,0.00,590.00,2025-03-01
3374,INV-003374,390,403,2025-03-14,2025-04-13,paid,USD,590.00,0.00,590.00,2025-04-23
3375,INV-003375,390,403,2025-04-14,2025-04-29,paid,USD,590.00,0.00,590.00,2025-04-14
3376,INV-003376,390,403,2025-05-14,2025-05-29,paid,USD,590.00,0.00,590.00,2025-05-14
3377,INV-003377,390,403,2025-06-14,2025-07-14,paid,USD,590.00,0.00,590.00,2025-06-14
3378,INV-003378,390,403,2025-07-14,2025-07-29,paid,USD,590.00,0.00,590.00,2025-07-20
3379,INV-003379,390,403,2025-08-14,2025-09-13,paid,USD,590.00,0.00,590.00,2025-08-18
3380,INV-003380,390,403,2025-09-14,2025-10-14,paid,USD,590.00,0.00,590.00,2025-09-22
3381,INV-003381,390,403,2025-10-14,2025-11-28,paid,USD,590.00,0.00,590.00,2025-10-21
3382,INV-003382,390,403,2025-11-14,2025-11-29,paid,USD,590.00,0.00,590.00,2025-11-14
3383,INV-003383,390,403,2025-12-14,2026-01-13,paid,USD,590.00,0.00,590.00,2025-12-19
3384,INV-003384,390,403,2026-01-14,2026-02-13,paid,USD,590.00,0.00,590.00,2026-01-23
3385,INV-003385,390,403,2026-02-14,2026-03-16,paid,USD,590.00,0.00,590.00,2026-02-15
3386,INV-003386,390,403,2026-03-14,2026-04-13,paid,USD,590.00,0.00,590.00,2026-03-23
3387,INV-003387,390,403,2026-04-14,2026-04-29,paid,USD,590.00,0.00,590.00,2026-04-17
3388,INV-003388,390,403,2026-05-14,2026-05-29,paid,USD,590.00,0.00,590.00,2026-05-22
3389,INV-003389,390,403,2026-06-14,2026-07-29,paid,USD,590.00,0.00,590.00,2026-06-15
3390,INV-003390,390,403,2026-07-14,2026-08-28,paid,USD,590.00,0.00,590.00,2026-07-19
3391,INV-003391,390,403,2026-08-14,2026-09-28,paid,USD,590.00,0.00,590.00,2026-08-15
3392,INV-003392,391,404,2026-08-14,2026-09-13,paid,USD,3540.00,0.00,3540.00,2026-08-21
3393,INV-003393,392,405,2026-01-15,2026-02-14,paid,USD,387410.04,0.00,387410.04,2026-01-19
3394,INV-003394,393,406,2024-12-05,2025-01-04,paid,USD,3663.00,0.00,3663.00,2024-12-10
3395,INV-003395,393,406,2025-01-05,2025-02-19,paid,USD,3663.00,0.00,3663.00,2025-01-10
3396,INV-003396,393,406,2025-02-05,2025-03-22,paid,USD,3663.00,0.00,3663.00,2025-02-25
3397,INV-003397,393,406,2025-03-05,2025-04-04,paid,USD,3712.00,0.00,3712.00,2025-03-13
3398,INV-003398,394,407,2024-06-06,2024-06-21,paid,USD,395916.00,0.00,395916.00,2024-06-09
3399,INV-003399,394,407,2025-06-06,2025-07-06,uncollectible,USD,394416.00,0.00,394416.00,
3400,INV-003400,394,407,2026-06-06,2026-07-06,paid,USD,458568.00,0.00,458568.00,2026-06-08
3401,INV-003401,395,408,2025-09-10,2025-10-25,paid,USD,41620.00,0.00,41620.00,2025-09-10
3402,INV-003402,396,409,2025-02-05,2025-03-22,paid,USD,118.00,0.00,118.00,2025-02-28
3403,INV-003403,396,409,2025-03-05,2025-04-19,paid,USD,118.00,0.00,118.00,2025-03-08
3404,INV-003404,396,409,2025-04-05,2025-05-05,paid,USD,118.00,0.00,118.00,2025-04-06
3405,INV-003405,396,409,2025-05-05,2025-05-20,paid,USD,118.00,0.00,118.00,2025-05-31
3406,INV-003406,396,409,2025-06-05,2025-07-05,paid,USD,118.00,0.00,118.00,2025-06-13
3407,INV-003407,396,409,2025-07-05,2025-08-19,paid,USD,118.00,0.00,118.00,2025-07-16
3408,INV-003408,396,409,2025-08-05,2025-09-04,paid,USD,198.00,0.00,198.00,2025-08-16
3409,INV-003409,396,409,2025-09-05,2025-10-05,paid,USD,198.00,0.00,198.00,2025-09-15
3410,INV-003410,396,409,2025-10-05,2025-11-04,paid,USD,198.00,0.00,198.00,2025-10-25
3411,INV-003411,396,409,2025-11-05,2025-11-20,paid,USD,198.00,0.00,198.00,2025-11-14
3412,INV-003412,396,409,2025-12-05,2026-01-04,paid,USD,198.00,0.00,198.00,2025-12-18
3413,INV-003413,396,409,2026-01-05,2026-02-04,paid,USD,198.00,0.00,198.00,2026-01-19
3414,INV-003414,396,409,2026-02-05,2026-02-20,paid,USD,198.00,0.00,198.00,2026-02-06
3415,INV-003415,396,409,2026-03-05,2026-04-04,paid,USD,277.00,0.00,277.00,2026-03-21
3416,INV-003416,396,409,2026-04-05,2026-04-20,paid,USD,198.00,0.00,198.00,2026-05-04
3417,INV-003417,396,409,2026-05-05,2026-06-04,paid,USD,198.00,0.00,198.00,2026-05-06
3418,INV-003418,396,409,2026-06-05,2026-07-05,paid,USD,198.00,0.00,198.00,2026-06-12
3419,INV-003419,396,409,2026-07-05,2026-08-19,paid,USD,247.00,0.00,247.00,2026-07-05
3420,INV-003420,396,409,2026-08-05,2026-09-04,paid,USD,198.00,0.00,198.00,2026-08-10
3421,INV-003421,397,410,2023-10-12,2023-11-11,paid,USD,233449.96,0.00,233449.96,2023-10-17
3422,INV-003422,398,411,2024-08-31,2024-09-30,paid,USD,116.00,0.00,116.00,2024-09-18
3423,INV-003423,398,411,2024-09-30,2024-11-14,paid,USD,116.00,0.00,116.00,2024-10-02
3424,INV-003424,398,411,2024-10-31,2024-11-30,paid,USD,116.00,0.00,116.00,2024-11-03
3425,INV-003425,398,411,2024-11-30,2024-12-30,paid,USD,116.00,0.00,116.00,2024-12-11
3426,INV-003426,398,411,2024-12-31,2025-01-15,paid,USD,116.00,0.00,116.00,2025-01-02
3427,INV-003427,398,411,2025-01-31,2025-03-02,paid,USD,116.00,0.00,116.00,2025-02-14
3428,INV-003428,398,411,2025-02-28,2025-03-30,paid,USD,116.00,0.00,116.00,2025-03-23
3429,INV-003429,398,411,2025-03-31,2025-04-15,paid,USD,116.00,0.00,116.00,2025-04-05
3430,INV-003430,398,411,2025-04-30,2025-05-15,paid,USD,116.00,0.00,116.00,2025-05-02
3431,INV-003431,398,411,2025-05-31,2025-06-30,paid,USD,116.00,0.00,116.00,2025-06-05
3432,INV-003432,398,411,2025-06-30,2025-07-15,paid,USD,116.00,0.00,116.00,2025-06-30
3433,INV-003433,398,411,2025-07-31,2025-09-14,paid,USD,116.00,0.00,116.00,2025-08-30
3434,INV-003434,398,411,2025-08-31,2025-09-15,paid,USD,116.00,0.00,116.00,2025-09-01
3435,INV-003435,398,411,2025-09-30,2025-10-15,paid,USD,236.00,0.00,236.00,2025-10-03
3436,INV-003436,398,411,2025-10-31,2025-11-30,paid,USD,236.00,0.00,236.00,2025-11-02
3437,INV-003437,398,411,2025-11-30,2025-12-30,paid,USD,236.00,0.00,236.00,2025-12-03
3438,INV-003438,398,411,2025-12-31,2026-01-30,paid,USD,236.00,0.00,236.00,2026-01-03
3439,INV-003439,398,411,2026-01-31,2026-03-02,paid,USD,236.00,0.00,236.00,2026-01-31
3440,INV-003440,398,411,2026-02-28,2026-03-30,paid,USD,236.00,0.00,236.00,2026-03-04
3441,INV-003441,398,411,2026-03-31,2026-04-30,paid,USD,236.00,0.00,236.00,2026-04-02
3442,INV-003442,398,411,2026-04-30,2026-05-30,paid,USD,236.00,0.00,236.00,2026-05-01
3443,INV-003443,398,411,2026-05-31,2026-06-15,paid,USD,236.00,0.00,236.00,2026-06-12
3444,INV-003444,398,411,2026-06-30,2026-08-14,paid,USD,236.00,0.00,236.00,2026-07-06
3445,INV-003445,398,411,2026-07-31,2026-09-14,paid,USD,236.00,0.00,236.00,2026-08-21
3446,INV-003446,398,411,2026-08-31,2026-09-15,paid,USD,236.00,0.00,236.00,2026-08-31
3447,INV-003447,399,412,2025-10-05,2025-11-04,paid,USD,1770.00,0.00,1770.00,2025-10-05
3448,INV-003448,400,413,2026-06-13,2026-07-13,paid,USD,392550.00,0.00,392550.00,2026-06-15
3449,INV-003449,401,414,2024-06-24,2024-07-24,paid,USD,649.00,0.00,649.00,2024-06-25
3450,INV-003450,401,414,2024-07-24,2024-08-08,paid,USD,649.00,0.00,649.00,2024-08-05
3451,INV-003451,401,414,2024-08-24,2024-09-23,paid,USD,649.00,0.00,649.00,2024-08-25
3452,INV-003452,401,414,2024-09-24,2024-10-09,paid,USD,649.00,0.00,649.00,2024-09-28
3453,INV-003453,401,414,2024-10-24,2024-12-08,paid,USD,649.00,0.00,649.00,2024-10-30
3454,INV-003454,401,414,2024-11-24,2024-12-09,paid,USD,1168.00,0.00,1168.00,2024-12-09
3455,INV-003455,401,414,2024-12-24,2025-01-08,paid,USD,1089.00,0.00,1089.00,2024-12-24
3456,INV-003456,401,414,2025-01-24,2025-03-10,paid,USD,1089.00,0.00,1089.00,2025-02-02
3457,INV-003457,401,414,2025-02-24,2025-03-26,paid,USD,1089.00,0.00,1089.00,2025-02-25
3458,INV-003458,401,414,2025-03-24,2025-04-08,paid,USD,1089.00,0.00,1089.00,2025-04-02
3459,INV-003459,401,414,2025-04-24,2025-05-09,paid,USD,1089.00,0.00,1089.00,2025-04-28
3460,INV-003460,401,414,2025-05-24,2025-06-23,paid,USD,1366.00,0.00,1366.00,2025-05-25
3461,INV-003461,401,414,2025-06-24,2025-07-24,paid,USD,1287.00,0.00,1287.00,2025-07-21
3462,INV-003462,401,414,2025-07-24,2025-08-23,paid,USD,1287.00,0.00,1287.00,2025-07-25
3463,INV-003463,401,414,2025-08-24,2025-10-08,paid,USD,1287.00,0.00,1287.00,2025-09-05
3464,INV-003464,401,414,2025-09-24,2025-10-24,paid,USD,1336.00,0.00,1336.00,2025-09-27
3465,INV-003465,401,414,2025-10-24,2025-12-08,paid,USD,1287.00,0.00,1287.00,2025-10-24
3466,INV-003466,401,414,2025-11-24,2026-01-08,paid,USD,1287.00,0.00,1287.00,2025-11-29
3467,INV-003467,401,414,2025-12-24,2026-01-23,paid,USD,1287.00,0.00,1287.00,2026-01-22
3468,INV-003468,401,414,2026-01-24,2026-02-23,paid,USD,1287.00,0.00,1287.00,2026-02-15
3469,INV-003469,401,414,2026-02-24,2026-04-10,paid,USD,1287.00,0.00,1287.00,2026-02-27
3470,INV-003470,401,414,2026-03-24,2026-05-08,paid,USD,1287.00,0.00,1287.00,2026-03-25
3471,INV-003471,401,414,2026-04-24,2026-06-08,paid,USD,1386.00,0.00,1386.00,2026-05-01
3472,INV-003472,401,414,2026-05-24,2026-07-08,paid,USD,1386.00,0.00,1386.00,2026-05-25
3473,INV-003473,401,414,2026-06-24,2026-07-24,paid,USD,1515.00,0.00,1515.00,2026-07-06
3474,INV-003474,401,414,2026-07-24,2026-08-23,paid,USD,1435.00,0.00,1435.00,2026-08-05
3475,INV-003475,401,414,2026-08-24,2026-09-23,paid,USD,1435.00,0.00,1435.00,2026-08-30
3476,INV-003476,402,415,2025-06-28,2025-07-28,paid,USD,290.00,0.00,290.00,2025-07-11
3477,INV-003477,402,415,2025-07-28,2025-08-27,paid,USD,290.00,0.00,290.00,2025-08-11
3478,INV-003478,402,415,2025-08-28,2025-10-12,paid,USD,290.00,0.00,290.00,2025-08-28
3479,INV-003479,402,415,2025-09-28,2025-10-13,paid,USD,290.00,0.00,290.00,2025-09-29
3480,INV-003480,402,415,2025-10-28,2025-11-27,uncollectible,USD,290.00,0.00,290.00,
3481,INV-003481,402,415,2025-11-28,2025-12-28,paid,USD,290.00,0.00,290.00,2025-12-01
3482,INV-003482,402,415,2025-12-28,2026-01-12,paid,USD,290.00,0.00,290.00,2026-01-13
3483,INV-003483,402,415,2026-01-28,2026-03-14,paid,USD,290.00,0.00,290.00,2026-02-10
3484,INV-003484,402,415,2026-02-28,2026-04-14,paid,USD,290.00,0.00,290.00,2026-03-02
3485,INV-003485,402,415,2026-03-28,2026-04-12,paid,USD,290.00,0.00,290.00,2026-04-02
3486,INV-003486,402,415,2026-04-28,2026-05-28,paid,USD,290.00,0.00,290.00,2026-04-28
3487,INV-003487,402,415,2026-05-28,2026-06-27,paid,USD,290.00,0.00,290.00,2026-05-29
3488,INV-003488,402,415,2026-06-28,2026-07-13,paid,USD,290.00,0.00,290.00,2026-07-05
3489,INV-003489,402,415,2026-07-28,2026-08-27,paid,USD,261.00,0.00,261.00,2026-07-28
3490,INV-003490,402,415,2026-08-28,2026-09-12,paid,USD,261.00,0.00,261.00,2026-08-31
3491,INV-003491,403,416,2026-03-02,2026-04-01,paid,USD,271230.00,0.00,271230.00,2026-03-02
3492,INV-003492,404,417,2025-06-26,2025-08-10,paid,USD,10620.00,0.00,10620.00,2025-06-30
3493,INV-003493,405,418,2023-10-21,2023-12-05,paid,USD,145.00,0.00,145.00,2023-11-06
3494,INV-003494,405,418,2023-11-21,2023-12-06,paid,USD,145.00,0.00,145.00,2023-11-21
3495,INV-003495,405,418,2023-12-21,2024-01-05,paid,USD,145.00,0.00,145.00,2024-01-09
3496,INV-003496,405,418,2024-01-21,2024-03-06,paid,USD,145.00,0.00,145.00,2024-01-25
3497,INV-003497,405,418,2024-02-21,2024-04-06,paid,USD,145.00,0.00,145.00,2024-02-22
3498,INV-003498,405,418,2024-03-21,2024-04-20,paid,USD,145.00,0.00,145.00,2024-03-31
3499,INV-003499,405,418,2024-04-21,2024-05-06,paid,USD,295.00,0.00,295.00,2024-04-25
3500,INV-003500,405,418,2024-05-21,2024-06-05,paid,USD,295.00,0.00,295.00,2024-06-02
3501,INV-003501,405,418,2024-06-21,2024-08-05,paid,USD,295.00,0.00,295.00,2024-06-26
3502,INV-003502,405,418,2024-07-21,2024-08-05,paid,USD,495.00,0.00,495.00,2024-08-05
3503,INV-003503,405,418,2024-08-21,2024-09-20,paid,USD,624.00,0.00,624.00,2024-08-22
3504,INV-003504,405,418,2024-09-21,2024-11-05,paid,USD,544.00,0.00,544.00,2024-10-01
3505,INV-003505,405,418,2024-10-21,2024-11-05,void,USD,495.00,0.00,495.00,
3506,INV-003506,405,418,2024-11-21,2024-12-21,paid,USD,495.00,0.00,495.00,2024-11-22
3507,INV-003507,405,418,2024-12-21,2025-01-05,paid,USD,495.00,0.00,495.00,2024-12-23
3508,INV-003508,405,418,2025-01-21,2025-02-20,paid,USD,624.00,0.00,624.00,2025-01-26
3509,INV-003509,405,418,2025-02-21,2025-03-23,paid,USD,495.00,0.00,495.00,2025-02-25
3510,INV-003510,405,418,2025-03-21,2025-04-20,paid,USD,544.00,0.00,544.00,2025-03-28
3511,INV-003511,405,418,2025-04-21,2025-05-06,paid,USD,495.00,0.00,495.00,2025-04-23
3512,INV-003512,406,419,2023-06-08,2023-06-23,paid,USD,413.00,0.00,413.00,2023-06-27
3513,INV-003513,406,419,2023-07-08,2023-07-23,paid,USD,413.00,0.00,413.00,2023-07-17
3514,INV-003514,406,419,2023-08-08,2023-09-22,paid,USD,413.00,0.00,413.00,2023-08-13
3515,INV-003515,406,419,2023-09-08,2023-10-08,paid,USD,413.00,0.00,413.00,2023-09-13
3516,INV-003516,406,419,2023-10-08,2023-11-22,paid,USD,413.00,0.00,413.00,2023-10-10
3517,INV-003517,406,419,2023-11-08,2023-12-23,paid,USD,413.00,0.00,413.00,2023-11-23
3518,INV-003518,406,419,2023-12-08,2024-01-07,paid,USD,413.00,0.00,413.00,2023-12-13
3519,INV-003519,406,419,2024-01-08,2024-02-07,paid,USD,413.00,0.00,413.00,2024-01-09
3520,INV-003520,406,419,2024-02-08,2024-02-23,paid,USD,413.00,0.00,413.00,2024-02-18
3521,INV-003521,406,419,2024-03-08,2024-04-07,paid,USD,413.00,0.00,413.00,2024-03-08
3522,INV-003522,406,419,2024-04-08,2024-05-08,paid,USD,413.00,0.00,413.00,2024-05-18
3523,INV-003523,406,419,2024-05-08,2024-05-23,paid,USD,413.00,0.00,413.00,2024-05-17
3524,INV-003524,406,419,2024-06-08,2024-06-23,paid,USD,413.00,0.00,413.00,2024-06-15
3525,INV-003525,406,419,2024-07-08,2024-07-23,paid,USD,413.00,0.00,413.00,2024-07-13
3526,INV-003526,406,419,2024-08-08,2024-09-07,paid,USD,413.00,0.00,413.00,2024-08-22
3527,INV-003527,406,419,2024-09-08,2024-09-23,paid,USD,413.00,0.00,413.00,2024-09-12
3528,INV-003528,406,419,2024-10-08,2024-11-07,paid,USD,413.00,0.00,413.00,2024-11-01
3529,INV-003529,406,419,2024-11-08,2024-12-23,paid,USD,413.00,0.00,413.00,2024-11-09
3530,INV-003530,406,419,2024-12-08,2025-01-07,paid,USD,413.00,0.00,413.00,2025-01-17
3531,INV-003531,406,419,2025-01-08,2025-02-22,paid,USD,413.00,0.00,413.00,2025-01-11
3532,INV-003532,406,419,2025-02-08,2025-03-25,paid,USD,413.00,0.00,413.00,2025-02-25
3533,INV-003533,406,419,2025-03-08,2025-04-07,paid,USD,413.00,0.00,413.00,2025-03-10
3534,INV-003534,406,419,2025-04-08,2025-04-23,paid,USD,413.00,0.00,413.00,2025-04-13
3535,INV-003535,406,419,2025-05-08,2025-05-23,void,USD,413.00,0.00,413.00,
3536,INV-003536,406,419,2025-06-08,2025-07-08,paid,USD,413.00,0.00,413.00,2025-06-11
3537,INV-003537,406,419,2025-07-08,2025-08-22,paid,USD,413.00,0.00,413.00,2025-07-29
3538,INV-003538,406,419,2025-08-08,2025-08-23,paid,USD,413.00,0.00,413.00,2025-08-20
3539,INV-003539,406,419,2025-09-08,2025-10-08,paid,USD,413.00,0.00,413.00,2025-09-23
3540,INV-003540,406,419,2025-10-08,2025-10-23,paid,USD,413.00,0.00,413.00,2025-10-08
3541,INV-003541,406,419,2025-11-08,2025-12-08,paid,USD,413.00,0.00,413.00,2025-11-13
3542,INV-003542,406,419,2025-12-08,2026-01-07,paid,USD,413.00,0.00,413.00,2025-12-12
3543,INV-003543,407,420,2022-12-07,2022-12-22,paid,USD,18290.04,0.00,18290.04,2022-12-15
3544,INV-003544,407,420,2023-12-07,2024-01-06,paid,USD,22419.96,0.00,22419.96,2023-12-11
3545,INV-003545,407,420,2024-12-07,2025-01-06,paid,USD,21830.04,0.00,21830.04,2024-12-11
3546,INV-003546,407,420,2025-12-07,2026-01-06,paid,USD,29499.96,0.00,29499.96,2025-12-08
3547,INV-003547,408,421,2025-10-24,2025-11-08,paid,USD,236.00,0.00,236.00,2025-10-31
3548,INV-003548,408,421,2025-11-24,2025-12-09,paid,USD,236.00,0.00,236.00,2025-12-03
3549,INV-003549,408,421,2025-12-24,2026-02-07,paid,USD,236.00,0.00,236.00,2026-01-03
3550,INV-003550,408,421,2026-01-24,2026-02-23,paid,USD,236.00,0.00,236.00,2026-02-05
3551,INV-003551,408,421,2026-02-24,2026-04-10,paid,USD,236.00,0.00,236.00,2026-03-05
3552,INV-003552,409,422,2024-09-15,2024-09-30,paid,USD,14750.04,0.00,14750.04,2024-09-21
3553,INV-003553,409,422,2025-09-15,2025-10-15,paid,USD,29499.96,0.00,29499.96,2025-09-16
3554,INV-003554,410,423,2025-08-26,2025-09-10,paid,USD,35220.00,0.00,35220.00,2025-09-02
3555,INV-003555,410,423,2026-08-26,2026-09-10,paid,USD,16520.04,0.00,16520.04,2026-08-28
3556,INV-003556,411,424,2026-03-14,2026-04-13,paid,USD,4653.00,0.00,4653.00,2026-03-22
3557,INV-003557,411,424,2026-04-14,2026-04-29,paid,USD,4653.00,0.00,4653.00,2026-04-20
3558,INV-003558,411,424,2026-05-14,2026-06-13,paid,USD,2773.00,0.00,2773.00,2026-05-15
3559,INV-003559,411,424,2026-06-14,2026-07-14,paid,USD,2773.00,0.00,2773.00,2026-06-22
3560,INV-003560,411,424,2026-07-14,2026-07-29,paid,USD,2950.00,0.00,2950.00,2026-07-21
3561,INV-003561,411,424,2026-08-14,2026-09-13,paid,USD,2950.00,0.00,2950.00,2026-08-23
3562,INV-003562,412,425,2023-05-08,2023-06-07,paid,USD,290.00,0.00,290.00,2023-05-12
3563,INV-003563,412,425,2023-06-08,2023-06-23,paid,USD,290.00,0.00,290.00,2023-06-22
3564,INV-003564,412,425,2023-07-08,2023-07-23,paid,USD,290.00,0.00,290.00,2023-07-11
3565,INV-003565,412,425,2023-08-08,2023-08-23,paid,USD,290.00,0.00,290.00,2023-08-26
3566,INV-003566,412,425,2023-09-08,2023-10-08,paid,USD,290.00,0.00,290.00,2023-09-08
3567,INV-003567,412,425,2023-10-08,2023-11-22,paid,USD,290.00,0.00,290.00,2023-10-10
3568,INV-003568,412,425,2023-11-08,2023-12-08,paid,USD,290.00,0.00,290.00,2023-11-09
3569,INV-003569,412,425,2023-12-08,2024-01-07,paid,USD,290.00,0.00,290.00,2023-12-08
3570,INV-003570,412,425,2024-01-08,2024-02-22,paid,USD,290.00,0.00,290.00,2024-01-19
3571,INV-003571,412,425,2024-02-08,2024-03-09,paid,USD,290.00,0.00,290.00,2024-03-06
3572,INV-003572,412,425,2024-03-08,2024-03-23,paid,USD,290.00,0.00,290.00,2024-03-28
3573,INV-003573,412,425,2024-04-08,2024-04-23,paid,USD,290.00,0.00,290.00,2024-04-14
3574,INV-003574,412,425,2024-05-08,2024-06-22,paid,USD,290.00,0.00,290.00,2024-05-24
3575,INV-003575,412,425,2024-06-08,2024-07-23,paid,USD,290.00,0.00,290.00,2024-06-11
3576,INV-003576,412,425,2024-07-08,2024-08-07,paid,USD,590.00,0.00,590.00,2024-07-24
3577,INV-003577,412,425,2024-08-08,2024-09-07,paid,USD,590.00,0.00,590.00,2024-08-20
3578,INV-003578,412,425,2024-09-08,2024-10-08,paid,USD,590.00,0.00,590.00,2024-09-10
3579,INV-003579,412,425,2024-10-08,2024-11-22,paid,USD,590.00,0.00,590.00,2024-10-10
3580,INV-003580,412,425,2024-11-08,2024-12-08,paid,USD,590.00,0.00,590.00,2024-11-11
3581,INV-003581,412,425,2024-12-08,2025-01-07,paid,USD,590.00,0.00,590.00,2024-12-13
3582,INV-003582,412,425,2025-01-08,2025-02-22,paid,USD,590.00,0.00,590.00,2025-01-30
3583,INV-003583,412,425,2025-02-08,2025-03-10,paid,USD,590.00,0.00,590.00,2025-02-09
3584,INV-003584,412,425,2025-03-08,2025-04-22,paid,USD,649.00,0.00,649.00,2025-03-22
3585,INV-003585,412,425,2025-04-08,2025-04-23,paid,USD,649.00,0.00,649.00,2025-04-08
3586,INV-003586,412,425,2025-05-08,2025-05-23,paid,USD,649.00,0.00,649.00,2025-05-14
3587,INV-003587,412,425,2025-06-08,2025-07-23,paid,USD,649.00,0.00,649.00,2025-06-09
3588,INV-003588,412,425,2025-07-08,2025-08-07,paid,USD,649.00,0.00,649.00,2025-07-12
3589,INV-003589,412,425,2025-08-08,2025-09-22,paid,USD,649.00,0.00,649.00,2025-08-08
3590,INV-003590,412,425,2025-09-08,2025-10-23,paid,USD,649.00,0.00,649.00,2025-09-13
3591,INV-003591,412,425,2025-10-08,2025-11-07,paid,USD,649.00,0.00,649.00,2025-10-12
3592,INV-003592,412,425,2025-11-08,2025-12-08,paid,USD,649.00,0.00,649.00,2025-11-09
3593,INV-003593,412,425,2025-12-08,2026-01-22,paid,USD,649.00,0.00,649.00,2025-12-08
3594,INV-003594,412,425,2026-01-08,2026-01-23,paid,USD,649.00,0.00,649.00,2026-01-20
3595,INV-003595,412,425,2026-02-08,2026-03-10,paid,USD,649.00,0.00,649.00,2026-02-11
3596,INV-003596,412,425,2026-03-08,2026-04-07,paid,USD,649.00,0.00,649.00,2026-03-08
3597,INV-003597,412,425,2026-04-08,2026-05-08,uncollectible,USD,649.00,0.00,649.00,
3598,INV-003598,412,425,2026-05-08,2026-06-22,paid,USD,649.00,0.00,649.00,2026-05-10
3599,INV-003599,412,425,2026-06-08,2026-07-08,paid,USD,649.00,0.00,649.00,2026-06-13
3600,INV-003600,412,425,2026-07-08,2026-08-22,paid,USD,649.00,0.00,649.00,2026-07-30
3601,INV-003601,412,425,2026-08-08,2026-09-07,paid,USD,649.00,0.00,649.00,2026-08-10
3602,INV-003602,413,426,2025-02-24,2025-03-11,paid,USD,1475.00,0.00,1475.00,2025-02-28
3603,INV-003603,413,426,2025-03-24,2025-04-23,paid,USD,1475.00,0.00,1475.00,2025-03-28
3604,INV-003604,413,426,2025-04-24,2025-06-08,paid,USD,1475.00,0.00,1475.00,2025-05-06
3605,INV-003605,413,426,2025-05-24,2025-06-08,paid,USD,1475.00,0.00,1475.00,2025-05-25
3606,INV-003606,413,426,2025-06-24,2025-07-24,paid,USD,1475.00,0.00,1475.00,2025-06-25
3607,INV-003607,413,426,2025-07-24,2025-08-23,paid,USD,1475.00,0.00,1475.00,2025-08-02
3608,INV-003608,413,426,2025-08-24,2025-09-23,paid,USD,1475.00,0.00,1475.00,2025-09-21
3609,INV-003609,413,426,2025-09-24,2025-10-09,paid,USD,1475.00,0.00,1475.00,2025-09-28
3610,INV-003610,413,426,2025-10-24,2025-11-08,paid,USD,1475.00,0.00,1475.00,2025-10-27
3611,INV-003611,413,426,2025-11-24,2026-01-08,paid,USD,1475.00,0.00,1475.00,2025-12-05
3612,INV-003612,414,427,2024-11-13,2024-12-28,paid,USD,4719.96,0.00,4719.96,2024-11-21
3613,INV-003613,414,427,2025-11-13,2025-11-28,paid,USD,4719.96,0.00,4719.96,2025-11-15
3614,INV-003614,415,428,2026-07-28,2026-08-27,paid,USD,116.00,0.00,116.00,2026-07-31
3615,INV-003615,415,428,2026-08-28,2026-09-27,paid,USD,116.00,0.00,116.00,2026-08-31
3616,INV-003616,416,429,2025-11-29,2026-01-13,paid,USD,17109.96,0.00,17109.96,2025-12-05
3617,INV-003617,417,430,2025-09-22,2025-10-22,paid,USD,58.00,0.00,58.00,2025-09-29
3618,INV-003618,417,430,2025-10-22,2025-11-21,paid,USD,58.00,0.00,58.00,2025-11-01
3619,INV-003619,417,430,2025-11-22,2026-01-06,paid,USD,58.00,0.00,58.00,2025-11-23
3620,INV-003620,417,430,2025-12-22,2026-02-05,paid,USD,58.00,0.00,58.00,2026-01-21
3621,INV-003621,417,430,2026-01-22,2026-02-06,paid,USD,58.00,0.00,58.00,2026-02-28
3622,INV-003622,417,430,2026-02-22,2026-04-08,paid,USD,58.00,0.00,58.00,2026-03-14
3623,INV-003623,417,430,2026-03-22,2026-04-06,paid,USD,58.00,0.00,58.00,2026-04-15
3624,INV-003624,417,430,2026-04-22,2026-05-22,paid,USD,58.00,0.00,58.00,2026-04-26
3625,INV-003625,417,430,2026-05-22,2026-06-21,paid,USD,58.00,0.00,58.00,2026-05-23
3626,INV-003626,417,430,2026-06-22,2026-07-22,paid,USD,58.00,0.00,58.00,2026-06-30
3627,INV-003627,417,430,2026-07-22,2026-08-06,paid,USD,58.00,0.00,58.00,2026-08-01
3628,INV-003628,417,430,2026-08-22,2026-09-21,open,USD,58.00,0.00,58.00,
3629,INV-003629,418,431,2023-08-02,2023-09-01,paid,USD,20060.04,0.00,20060.04,2023-08-04
3630,INV-003630,419,432,2026-08-10,2026-09-09,paid,USD,87.00,0.00,87.00,2026-08-10
3631,INV-003631,420,433,2024-11-04,2024-12-04,paid,USD,118.00,0.00,118.00,2024-11-04
3632,INV-003632,420,433,2024-12-04,2025-01-03,paid,USD,118.00,0.00,118.00,2024-12-16
3633,INV-003633,420,433,2025-01-04,2025-01-19,paid,USD,118.00,0.00,118.00,2025-01-15
3634,INV-003634,420,433,2025-02-04,2025-03-06,paid,USD,118.00,0.00,118.00,2025-02-05
3635,INV-003635,420,433,2025-03-04,2025-03-19,paid,USD,118.00,0.00,118.00,2025-03-04
3636,INV-003636,420,433,2025-04-04,2025-04-19,paid,USD,118.00,0.00,118.00,2025-04-13
3637,INV-003637,420,433,2025-05-04,2025-06-03,paid,USD,118.00,0.00,118.00,2025-05-09
3638,INV-003638,420,433,2025-06-04,2025-07-04,paid,USD,118.00,0.00,118.00,2025-06-07
3639,INV-003639,420,433,2025-07-04,2025-08-18,paid,USD,118.00,0.00,118.00,2025-07-14
3640,INV-003640,420,433,2025-08-04,2025-09-03,paid,USD,118.00,0.00,118.00,2025-08-08
3641,INV-003641,420,433,2025-09-04,2025-09-19,paid,USD,118.00,0.00,118.00,2025-09-07
3642,INV-003642,420,433,2025-10-04,2025-10-19,paid,USD,118.00,0.00,118.00,2025-10-16
3643,INV-003643,420,433,2025-11-04,2025-12-04,paid,USD,118.00,0.00,118.00,2025-11-30
3644,INV-003644,420,433,2025-12-04,2026-01-03,paid,USD,118.00,0.00,118.00,2025-12-04
3645,INV-003645,420,433,2026-01-04,2026-01-19,paid,USD,118.00,0.00,118.00,2026-01-09
3646,INV-003646,420,433,2026-02-04,2026-02-19,paid,USD,118.00,0.00,118.00,2026-02-08
3647,INV-003647,421,434,2023-07-20,2023-09-03,paid,USD,170880.04,0.00,170880.04,2023-07-29
3648,INV-003648,421,434,2024-07-20,2024-08-19,paid,USD,170480.04,0.00,170480.04,2024-07-31
3649,INV-003649,421,434,2025-07-20,2025-08-19,paid,USD,195189.96,0.00,195189.96,2025-07-23
3650,INV-003650,421,434,2026-07-20,2026-09-03,paid,USD,207110.04,0.00,207110.04,2026-07-26
3651,INV-003651,422,435,2024-07-23,2024-08-07,paid,USD,174.00,0.00,174.00,2024-07-24
3652,INV-003652,422,435,2024-08-23,2024-10-07,paid,USD,174.00,0.00,174.00,2024-08-27
3653,INV-003653,422,435,2024-09-23,2024-11-07,paid,USD,174.00,0.00,174.00,2024-10-11
3654,INV-003654,422,435,2024-10-23,2024-11-22,paid,USD,174.00,0.00,174.00,2024-10-29
3655,INV-003655,422,435,2024-11-23,2025-01-07,paid,USD,174.00,0.00,174.00,2024-11-25
3656,INV-003656,422,435,2024-12-23,2025-01-07,paid,USD,174.00,0.00,174.00,2025-01-09
3657,INV-003657,422,435,2025-01-23,2025-02-22,paid,USD,174.00,0.00,174.00,2025-02-05
3658,INV-003658,422,435,2025-02-23,2025-03-10,paid,USD,174.00,0.00,174.00,2025-02-25
3659,INV-003659,422,435,2025-03-23,2025-05-07,paid,USD,354.00,0.00,354.00,2025-03-28
3660,INV-003660,422,435,2025-04-23,2025-05-08,paid,USD,354.00,0.00,354.00,2025-04-26
3661,INV-003661,422,435,2025-05-23,2025-06-22,paid,USD,354.00,0.00,354.00,2025-05-26
3662,INV-003662,422,435,2025-06-23,2025-07-23,paid,USD,354.00,0.00,354.00,2025-06-28
3663,INV-003663,422,435,2025-07-23,2025-09-06,paid,USD,354.00,0.00,354.00,2025-08-17
3664,INV-003664,422,435,2025-08-23,2025-09-07,paid,USD,354.00,0.00,354.00,2025-09-04
3665,INV-003665,422,435,2025-09-23,2025-10-23,paid,USD,354.00,0.00,354.00,2025-09-26
3666,INV-003666,422,435,2025-10-23,2025-11-22,paid,USD,354.00,0.00,354.00,2025-10-28
3667,INV-003667,422,435,2025-11-23,2025-12-23,paid,USD,354.00,0.00,354.00,2025-11-25
3668,INV-003668,422,435,2025-12-23,2026-01-22,paid,USD,354.00,0.00,354.00,2025-12-30
3669,INV-003669,422,435,2026-01-23,2026-02-22,void,USD,723.00,0.00,723.00,
3670,INV-003670,422,435,2026-02-23,2026-03-10,paid,USD,594.00,0.00,594.00,2026-03-02
3671,INV-003671,422,435,2026-03-23,2026-05-07,paid,USD,594.00,0.00,594.00,2026-03-23
3672,INV-003672,422,435,2026-04-23,2026-05-23,paid,USD,594.00,0.00,594.00,2026-04-26
3673,INV-003673,422,435,2026-05-23,2026-07-07,paid,USD,594.00,0.00,594.00,2026-05-24
3674,INV-003674,422,435,2026-06-23,2026-07-23,paid,USD,594.00,0.00,594.00,2026-06-23
3675,INV-003675,422,435,2026-07-23,2026-09-06,paid,USD,594.00,0.00,594.00,2026-07-30
3676,INV-003676,422,435,2026-08-23,2026-09-22,void,USD,693.00,0.00,693.00,
3677,INV-003677,423,436,2025-12-18,2026-01-17,paid,USD,24850.00,0.00,24850.00,2025-12-24
3678,INV-003678,424,437,2023-09-28,2023-10-28,paid,USD,255810.04,0.00,255810.04,2023-09-30
3679,INV-003679,424,437,2024-09-28,2024-10-28,paid,USD,193700.04,0.00,193700.04,2024-09-28
3680,INV-003680,424,437,2025-09-28,2025-10-13,paid,USD,150480.00,0.00,150480.00,2025-10-14
3681,INV-003681,425,438,2026-08-28,2026-09-27,paid,USD,2010.00,0.00,2010.00,2026-08-31
3682,INV-003682,426,439,2024-09-27,2024-10-27,paid,USD,290.00,0.00,290.00,2024-09-29
3683,INV-003683,426,439,2024-10-27,2024-11-11,paid,USD,290.00,0.00,290.00,2024-11-13
3684,INV-003684,426,439,2024-11-27,2024-12-27,paid,USD,290.00,0.00,290.00,2024-11-29
3685,INV-003685,426,439,2024-12-27,2025-01-11,paid,USD,290.00,0.00,290.00,2025-01-01
3686,INV-003686,426,439,2025-01-27,2025-03-13,paid,USD,290.00,0.00,290.00,2025-02-01
3687,INV-003687,426,439,2025-02-27,2025-04-13,paid,USD,290.00,0.00,290.00,2025-03-28
3688,INV-003688,426,439,2025-03-27,2025-04-11,paid,USD,290.00,0.00,290.00,2025-04-04
3689,INV-003689,426,439,2025-04-27,2025-05-12,paid,USD,290.00,0.00,290.00,2025-04-29
3690,INV-003690,426,439,2025-05-27,2025-06-26,paid,USD,290.00,0.00,290.00,2025-05-28
3691,INV-003691,426,439,2025-06-27,2025-07-12,paid,USD,290.00,0.00,290.00,2025-06-30
3692,INV-003692,426,439,2025-07-27,2025-08-26,paid,USD,290.00,0.00,290.00,2025-07-29
3693,INV-003693,426,439,2025-08-27,2025-10-11,paid,USD,290.00,0.00,290.00,2025-08-29
3694,INV-003694,426,439,2025-09-27,2025-11-11,paid,USD,290.00,0.00,290.00,2025-10-25
3695,INV-003695,426,439,2025-10-27,2025-11-26,paid,USD,290.00,0.00,290.00,2025-10-30
3696,INV-003696,426,439,2025-11-27,2025-12-27,paid,USD,290.00,0.00,290.00,2025-12-06
3697,INV-003697,426,439,2025-12-27,2026-02-10,paid,USD,290.00,0.00,290.00,2026-01-13
3698,INV-003698,426,439,2026-01-27,2026-02-11,paid,USD,290.00,0.00,290.00,2026-02-02
3699,INV-003699,426,439,2026-02-27,2026-03-14,paid,USD,290.00,0.00,290.00,2026-03-03
3700,INV-003700,426,439,2026-03-27,2026-05-11,paid,USD,290.00,0.00,290.00,2026-04-03
3701,INV-003701,426,439,2026-04-27,2026-05-27,paid,USD,290.00,0.00,290.00,2026-05-01
3702,INV-003702,426,439,2026-05-27,2026-06-26,paid,USD,290.00,0.00,290.00,2026-06-09
3703,INV-003703,426,439,2026-06-27,2026-07-27,paid,USD,290.00,0.00,290.00,2026-07-14
3704,INV-003704,426,439,2026-07-27,2026-08-11,paid,USD,290.00,0.00,290.00,2026-07-28
3705,INV-003705,426,439,2026-08-27,2026-09-11,paid,USD,290.00,0.00,290.00,2026-08-29
3706,INV-003706,427,440,2024-09-12,2024-10-12,paid,USD,116.00,0.00,116.00,2024-09-14
3707,INV-003707,427,440,2024-10-12,2024-11-11,paid,USD,145.00,0.00,145.00,2024-10-18
3708,INV-003708,427,440,2024-11-12,2024-12-12,paid,USD,145.00,0.00,145.00,2024-11-22
3709,INV-003709,427,440,2024-12-12,2024-12-27,paid,USD,145.00,0.00,145.00,2024-12-12
3710,INV-003710,427,440,2025-01-12,2025-02-11,paid,USD,145.00,0.00,145.00,2025-01-25
3711,INV-003711,427,440,2025-02-12,2025-02-27,paid,USD,145.00,0.00,145.00,2025-02-28
3712,INV-003712,427,440,2025-03-12,2025-03-27,uncollectible,USD,145.00,0.00,145.00,
3713,INV-003713,427,440,2025-04-12,2025-05-12,paid,USD,145.00,0.00,145.00,2025-04-12
3714,INV-003714,427,440,2025-05-12,2025-06-26,paid,USD,145.00,0.00,145.00,2025-05-13
3715,INV-003715,427,440,2025-06-12,2025-06-27,paid,USD,145.00,0.00,145.00,2025-06-16
3716,INV-003716,427,440,2025-07-12,2025-07-27,paid,USD,145.00,0.00,145.00,2025-07-12
3717,INV-003717,427,440,2025-08-12,2025-08-27,paid,USD,145.00,0.00,145.00,2025-08-13
3718,INV-003718,427,440,2025-09-12,2025-10-12,paid,USD,145.00,0.00,145.00,2025-10-03
3719,INV-003719,427,440,2025-10-12,2025-10-27,paid,USD,145.00,0.00,145.00,2025-10-12
3720,INV-003720,427,440,2025-11-12,2025-12-12,paid,USD,145.00,0.00,145.00,2025-12-12
3721,INV-003721,427,440,2025-12-12,2025-12-27,paid,USD,145.00,0.00,145.00,2025-12-19
3722,INV-003722,427,440,2026-01-12,2026-02-11,paid,USD,145.00,0.00,145.00,2026-01-15
3723,INV-003723,427,440,2026-02-12,2026-03-14,paid,USD,145.00,0.00,145.00,2026-02-14
3724,INV-003724,427,440,2026-03-12,2026-04-11,paid,USD,145.00,0.00,145.00,2026-03-19
3725,INV-003725,427,440,2026-04-12,2026-05-12,paid,USD,145.00,0.00,145.00,2026-04-19
3726,INV-003726,427,440,2026-05-12,2026-06-11,paid,USD,145.00,0.00,145.00,2026-05-24
3727,INV-003727,427,440,2026-06-12,2026-07-27,paid,USD,145.00,0.00,145.00,2026-06-14
3728,INV-003728,427,440,2026-07-12,2026-08-11,paid,USD,145.00,0.00,145.00,2026-07-23
3729,INV-003729,427,440,2026-08-12,2026-08-27,paid,USD,145.00,0.00,145.00,2026-08-30
3730,INV-003730,428,441,2025-04-16,2025-05-01,paid,USD,472.00,0.00,472.00,2025-04-20
3731,INV-003731,428,441,2025-05-16,2025-06-30,paid,USD,472.00,0.00,472.00,2025-05-31
3732,INV-003732,428,441,2025-06-16,2025-07-31,uncollectible,USD,472.00,0.00,472.00,
3733,INV-003733,428,441,2025-07-16,2025-07-31,paid,USD,472.00,0.00,472.00,2025-07-18
3734,INV-003734,428,441,2025-08-16,2025-08-31,paid,USD,472.00,0.00,472.00,2025-08-16
3735,INV-003735,428,441,2025-09-16,2025-10-16,paid,USD,472.00,0.00,472.00,2025-09-29
3736,INV-003736,428,441,2025-10-16,2025-11-15,uncollectible,USD,472.00,0.00,472.00,
3737,INV-003737,428,441,2025-11-16,2025-12-31,paid,USD,472.00,0.00,472.00,2025-11-24
3738,INV-003738,428,441,2025-12-16,2025-12-31,paid,USD,472.00,0.00,472.00,2025-12-21
3739,INV-003739,428,441,2026-01-16,2026-02-15,paid,USD,472.00,0.00,472.00,2026-01-27
3740,INV-003740,428,441,2026-02-16,2026-03-18,paid,USD,472.00,0.00,472.00,2026-02-17
3741,INV-003741,428,441,2026-03-16,2026-04-30,paid,USD,472.00,0.00,472.00,2026-03-18
3742,INV-003742,428,441,2026-04-16,2026-05-01,paid,USD,472.00,0.00,472.00,2026-04-16
3743,INV-003743,428,441,2026-05-16,2026-05-31,paid,USD,531.00,0.00,531.00,2026-05-17
3744,INV-003744,428,441,2026-06-16,2026-07-01,paid,USD,531.00,0.00,531.00,2026-06-18
3745,INV-003745,428,441,2026-07-16,2026-08-15,paid,USD,531.00,0.00,531.00,2026-07-28
3746,INV-003746,428,441,2026-08-16,2026-09-15,open,USD,531.00,0.00,531.00,
3747,INV-003747,429,442,2026-06-30,2026-08-14,paid,USD,203.00,0.00,203.00,2026-07-01
3748,INV-003748,429,442,2026-07-30,2026-08-14,paid,USD,203.00,0.00,203.00,2026-08-02
3749,INV-003749,429,442,2026-08-30,2026-09-29,paid,USD,203.00,0.00,203.00,2026-08-31
3750,INV-003750,430,443,2026-01-24,2026-02-23,paid,USD,2871.00,0.00,2871.00,2026-01-26
3751,INV-003751,430,443,2026-02-24,2026-04-10,paid,USD,2871.00,0.00,2871.00,2026-03-04
3752,INV-003752,430,443,2026-03-24,2026-04-23,paid,USD,2920.00,0.00,2920.00,2026-03-29
3753,INV-003753,430,443,2026-04-24,2026-05-24,paid,USD,2871.00,0.00,2871.00,2026-05-13
3754,INV-003754,430,443,2026-05-24,2026-06-08,paid,USD,2871.00,0.00,2871.00,2026-05-29
3755,INV-003755,430,443,2026-06-24,2026-07-24,paid,USD,2871.00,0.00,2871.00,2026-07-10
3756,INV-003756,430,443,2026-07-24,2026-08-23,paid,USD,3000.00,0.00,3000.00,2026-07-26
3757,INV-003757,430,443,2026-08-24,2026-09-08,open,USD,2871.00,0.00,2871.00,
3758,INV-003758,431,444,2025-09-13,2025-10-28,paid,USD,15339.96,0.00,15339.96,2025-09-18
3759,INV-003759,432,445,2023-12-21,2024-01-20,paid,USD,46239.96,0.00,46239.96,2023-12-23
3760,INV-003760,432,445,2024-12-21,2025-02-04,paid,USD,41720.04,0.00,41720.04,2024-12-27
3761,INV-003761,432,445,2025-12-21,2026-02-04,paid,USD,44700.00,0.00,44700.00,2025-12-27
3762,INV-003762,433,446,2024-11-01,2024-12-01,paid,USD,87.00,0.00,87.00,2024-11-15
3763,INV-003763,433,446,2024-12-01,2025-01-15,paid,USD,87.00,0.00,87.00,2024-12-28
3764,INV-003764,433,446,2025-01-01,2025-01-31,paid,USD,116.00,0.00,116.00,2025-01-02
3765,INV-003765,433,446,2025-02-01,2025-02-16,paid,USD,116.00,0.00,116.00,2025-02-04
3766,INV-003766,433,446,2025-03-01,2025-03-16,paid,USD,116.00,0.00,116.00,2025-03-04
3767,INV-003767,433,446,2025-04-01,2025-04-16,paid,USD,116.00,0.00,116.00,2025-04-04
3768,INV-003768,433,446,2025-05-01,2025-05-16,paid,USD,116.00,0.00,116.00,2025-05-01
3769,INV-003769,433,446,2025-06-01,2025-07-16,paid,USD,116.00,0.00,116.00,2025-06-04
3770,INV-003770,433,446,2025-07-01,2025-08-15,paid,USD,236.00,0.00,236.00,2025-07-03
3771,INV-003771,433,446,2025-08-01,2025-08-31,paid,USD,236.00,0.00,236.00,2025-08-06
3772,INV-003772,433,446,2025-09-01,2025-09-16,paid,USD,236.00,0.00,236.00,2025-09-14
3773,INV-003773,433,446,2025-10-01,2025-11-15,paid,USD,236.00,0.00,236.00,2025-10-16
3774,INV-003774,433,446,2025-11-01,2025-12-16,paid,USD,177.00,0.00,177.00,2025-11-11
3775,INV-003775,433,446,2025-12-01,2025-12-31,paid,USD,177.00,0.00,177.00,2025-12-13
3776,INV-003776,433,446,2026-01-01,2026-01-31,paid,USD,177.00,0.00,177.00,2026-01-09
3777,INV-003777,433,446,2026-02-01,2026-03-03,paid,USD,177.00,0.00,177.00,2026-02-11
3778,INV-003778,433,446,2026-03-01,2026-03-31,paid,USD,297.00,0.00,297.00,2026-03-02
3779,INV-003779,433,446,2026-04-01,2026-05-16,paid,USD,297.00,0.00,297.00,2026-04-19
3780,INV-003780,433,446,2026-05-01,2026-05-31,paid,USD,396.00,0.00,396.00,2026-05-02
3781,INV-003781,433,446,2026-06-01,2026-06-16,paid,USD,396.00,0.00,396.00,2026-06-02
3782,INV-003782,433,446,2026-07-01,2026-07-16,paid,USD,475.00,0.00,475.00,2026-07-11
3783,INV-003783,433,446,2026-08-01,2026-09-15,paid,USD,525.00,0.00,525.00,2026-08-02
3784,INV-003784,434,447,2023-06-14,2023-07-14,paid,USD,450939.96,0.00,450939.96,2023-06-20
3785,INV-003785,434,447,2024-06-14,2024-07-14,paid,USD,293040.00,0.00,293040.00,2024-06-18
3786,INV-003786,434,447,2025-06-14,2025-07-14,paid,USD,654150.00,0.00,654150.00,2025-06-15
3787,INV-003787,434,447,2026-06-14,2026-07-14,paid,USD,725630.04,0.00,725630.04,2026-06-19
3788,INV-003788,435,448,2025-06-04,2025-07-04,void,USD,531.00,0.00,531.00,
3789,INV-003789,435,448,2025-07-04,2025-08-03,paid,USD,531.00,0.00,531.00,2025-07-12
3790,INV-003790,435,448,2025-08-04,2025-09-03,paid,USD,531.00,0.00,531.00,2025-08-06
3791,INV-003791,435,448,2025-09-04,2025-10-04,paid,USD,531.00,0.00,531.00,2025-09-20
3792,INV-003792,435,448,2025-10-04,2025-11-03,paid,USD,531.00,0.00,531.00,2025-11-02
3793,INV-003793,435,448,2025-11-04,2025-11-19,paid,USD,531.00,0.00,531.00,2025-11-09
3794,INV-003794,435,448,2025-12-04,2026-01-03,paid,USD,531.00,0.00,531.00,2025-12-04
3795,INV-003795,435,448,2026-01-04,2026-02-18,paid,USD,531.00,0.00,531.00,2026-01-08
3796,INV-003796,435,448,2026-02-04,2026-02-19,paid,USD,531.00,0.00,531.00,2026-02-10
3797,INV-003797,435,448,2026-03-04,2026-04-03,paid,USD,531.00,0.00,531.00,2026-03-24
3798,INV-003798,435,448,2026-04-04,2026-04-19,paid,USD,531.00,0.00,531.00,2026-04-05
3799,INV-003799,435,448,2026-05-04,2026-06-03,paid,USD,531.00,0.00,531.00,2026-05-07
3800,INV-003800,435,448,2026-06-04,2026-07-19,paid,USD,531.00,0.00,531.00,2026-06-05
3801,INV-003801,435,448,2026-07-04,2026-08-03,paid,USD,531.00,0.00,531.00,2026-07-17
3802,INV-003802,435,448,2026-08-04,2026-09-03,paid,USD,531.00,0.00,531.00,2026-08-19
3803,INV-003803,436,449,2025-09-15,2025-10-15,void,USD,354.00,0.00,354.00,
3804,INV-003804,436,449,2025-10-15,2025-11-29,paid,USD,354.00,0.00,354.00,2025-10-28
3805,INV-003805,436,449,2025-11-15,2025-11-30,paid,USD,354.00,0.00,354.00,2025-11-19
3806,INV-003806,436,449,2025-12-15,2025-12-30,paid,USD,354.00,0.00,354.00,2025-12-18
3807,INV-003807,436,449,2026-01-15,2026-01-30,paid,USD,354.00,0.00,354.00,2026-01-24
3808,INV-003808,436,449,2026-02-15,2026-03-17,uncollectible,USD,413.00,0.00,413.00,
3809,INV-003809,436,449,2026-03-15,2026-04-14,paid,USD,472.00,0.00,472.00,2026-03-17
3810,INV-003810,436,449,2026-04-15,2026-05-30,paid,USD,472.00,0.00,472.00,2026-04-25
3811,INV-003811,436,449,2026-05-15,2026-06-29,paid,USD,472.00,0.00,472.00,2026-05-24
3812,INV-003812,436,449,2026-06-15,2026-07-15,paid,USD,472.00,0.00,472.00,2026-06-18
3813,INV-003813,436,449,2026-07-15,2026-08-14,paid,USD,472.00,0.00,472.00,2026-07-15
3814,INV-003814,436,449,2026-08-15,2026-09-14,paid,USD,472.00,0.00,472.00,2026-08-22
3815,INV-003815,437,450,2023-10-30,2023-11-29,paid,USD,290.00,0.00,290.00,2023-11-18
3816,INV-003816,437,450,2023-11-30,2023-12-30,paid,USD,290.00,0.00,290.00,2023-12-01
3817,INV-003817,437,450,2023-12-30,2024-01-14,paid,USD,290.00,0.00,290.00,2024-01-06
3818,INV-003818,438,451,2022-07-17,2022-08-31,paid,USD,17109.96,0.00,17109.96,2022-07-23
3819,INV-003819,438,451,2023-07-17,2023-08-16,paid,USD,28710.00,0.00,28710.00,2023-08-10
3820,INV-003820,438,451,2024-07-17,2024-08-31,paid,USD,28710.00,0.00,28710.00,2024-07-17
3821,INV-003821,438,451,2025-07-17,2025-08-01,paid,USD,28710.00,0.00,28710.00,2025-07-21
3822,INV-003822,438,451,2026-07-17,2026-08-16,paid,USD,19470.00,0.00,19470.00,2026-07-23
3823,INV-003823,439,452,2026-02-21,2026-03-08,paid,USD,118.00,0.00,118.00,2026-03-04
3824,INV-003824,439,452,2026-03-21,2026-04-20,paid,USD,118.00,0.00,118.00,2026-03-21
3825,INV-003825,439,452,2026-04-21,2026-05-21,paid,USD,118.00,0.00,118.00,2026-04-23
3826,INV-003826,439,452,2026-05-21,2026-06-20,paid,USD,118.00,0.00,118.00,2026-05-21
3827,INV-003827,439,452,2026-06-21,2026-07-21,paid,USD,118.00,0.00,118.00,2026-07-01
3828,INV-003828,439,452,2026-07-21,2026-08-05,paid,USD,118.00,0.00,118.00,2026-07-31
3829,INV-003829,439,452,2026-08-21,2026-09-05,paid,USD,118.00,0.00,118.00,2026-08-31
3830,INV-003830,440,453,2024-10-03,2024-11-02,paid,USD,47892.00,0.00,47892.00,2024-10-05
3831,INV-003831,440,453,2025-10-03,2025-11-02,paid,USD,48708.00,0.00,48708.00,2025-10-10
3832,INV-003832,441,454,2024-11-19,2025-01-03,paid,USD,20060.04,0.00,20060.04,2024-11-20
3833,INV-003833,441,454,2025-11-19,2026-01-03,paid,USD,49500.00,0.00,49500.00,2025-11-24
3834,INV-003834,442,455,2025-02-14,2025-03-31,paid,USD,290.00,0.00,290.00,2025-02-20
3835,INV-003835,442,455,2025-03-14,2025-03-29,paid,USD,290.00,0.00,290.00,2025-03-17
3836,INV-003836,442,455,2025-04-14,2025-05-14,paid,USD,290.00,0.00,290.00,2025-04-24
3837,INV-003837,442,455,2025-05-14,2025-06-13,paid,USD,232.00,0.00,232.00,2025-05-28
3838,INV-003838,442,455,2025-06-14,2025-07-14,paid,USD,232.00,0.00,232.00,2025-06-15
3839,INV-003839,442,455,2025-07-14,2025-08-28,paid,USD,232.00,0.00,232.00,2025-07-18
3840,INV-003840,442,455,2025-08-14,2025-08-29,paid,USD,232.00,0.00,232.00,2025-08-19
3841,INV-003841,442,455,2025-09-14,2025-10-14,paid,USD,232.00,0.00,232.00,2025-09-21
3842,INV-003842,442,455,2025-10-14,2025-11-28,paid,USD,290.00,0.00,290.00,2025-10-21
3843,INV-003843,442,455,2025-11-14,2025-11-29,paid,USD,290.00,0.00,290.00,2025-11-15
3844,INV-003844,442,455,2025-12-14,2025-12-29,paid,USD,290.00,0.00,290.00,2025-12-18
3845,INV-003845,442,455,2026-01-14,2026-02-13,paid,USD,290.00,0.00,290.00,2026-01-16
3846,INV-003846,442,455,2026-02-14,2026-03-01,paid,USD,290.00,0.00,290.00,2026-02-25
3847,INV-003847,442,455,2026-03-14,2026-03-29,paid,USD,290.00,0.00,290.00,2026-03-31
3848,INV-003848,442,455,2026-04-14,2026-05-29,paid,USD,290.00,0.00,290.00,2026-04-14
3849,INV-003849,442,455,2026-05-14,2026-06-13,paid,USD,290.00,0.00,290.00,2026-05-19
3850,INV-003850,442,455,2026-06-14,2026-06-29,paid,USD,290.00,0.00,290.00,2026-06-16
3851,INV-003851,442,455,2026-07-14,2026-08-28,paid,USD,290.00,0.00,290.00,2026-07-26
3852,INV-003852,442,455,2026-08-14,2026-09-13,paid,USD,590.00,0.00,590.00,2026-08-17
3853,INV-003853,443,456,2026-02-07,2026-02-22,paid,USD,2950.00,0.00,2950.00,2026-02-16
3854,INV-003854,443,456,2026-03-07,2026-04-21,paid,USD,2950.00,0.00,2950.00,2026-03-14
3855,INV-003855,443,456,2026-04-07,2026-05-07,paid,USD,2950.00,0.00,2950.00,2026-04-09
3856,INV-003856,443,456,2026-05-07,2026-05-22,paid,USD,2950.00,0.00,2950.00,2026-05-15
3857,INV-003857,443,456,2026-06-07,2026-07-07,paid,USD,2950.00,0.00,2950.00,2026-06-25
3858,INV-003858,443,456,2026-07-07,2026-08-06,paid,USD,2950.00,0.00,2950.00,2026-07-17
3859,INV-003859,443,456,2026-08-07,2026-09-06,paid,USD,2950.00,0.00,2950.00,2026-08-22
3860,INV-003860,444,457,2025-08-12,2025-09-11,paid,USD,290.00,0.00,290.00,2025-08-20
3861,INV-003861,444,457,2025-09-12,2025-10-12,paid,USD,290.00,0.00,290.00,2025-09-18
3862,INV-003862,444,457,2025-10-12,2025-11-11,paid,USD,290.00,0.00,290.00,2025-10-28
3863,INV-003863,444,457,2025-11-12,2025-12-12,paid,USD,290.00,0.00,290.00,2025-11-17
3864,INV-003864,444,457,2025-12-12,2025-12-27,paid,USD,290.00,0.00,290.00,2025-12-13
3865,INV-003865,444,457,2026-01-12,2026-02-11,paid,USD,290.00,0.00,290.00,2026-01-13
3866,INV-003866,444,457,2026-02-12,2026-03-14,paid,USD,290.00,0.00,290.00,2026-02-19
3867,INV-003867,444,457,2026-03-12,2026-03-27,paid,USD,290.00,0.00,290.00,2026-04-15
3868,INV-003868,444,457,2026-04-12,2026-04-27,paid,USD,590.00,0.00,590.00,2026-04-15
3869,INV-003869,444,457,2026-05-12,2026-06-11,paid,USD,590.00,0.00,590.00,2026-05-24
3870,INV-003870,444,457,2026-06-12,2026-07-27,paid,USD,590.00,0.00,590.00,2026-06-16
3871,INV-003871,444,457,2026-07-12,2026-07-27,paid,USD,590.00,0.00,590.00,2026-07-15
3872,INV-003872,444,457,2026-08-12,2026-09-26,paid,USD,472.00,0.00,472.00,2026-08-15
3873,INV-003873,445,458,2026-06-26,2026-07-26,paid,USD,23800.00,0.00,23800.00,2026-06-26
3874,INV-003874,446,459,2025-07-31,2025-08-30,paid,USD,47690.04,0.00,47690.04,2025-08-15
3875,INV-003875,447,460,2024-05-15,2024-06-14,paid,USD,354.00,0.00,354.00,2024-05-22
3876,INV-003876,447,460,2024-06-15,2024-07-15,paid,USD,354.00,0.00,354.00,2024-07-25
3877,INV-003877,447,460,2024-07-15,2024-08-14,paid,USD,354.00,0.00,354.00,2024-08-03
3878,INV-003878,447,460,2024-08-15,2024-09-14,paid,USD,354.00,0.00,354.00,2024-09-17
3879,INV-003879,447,460,2024-09-15,2024-09-30,paid,USD,354.00,0.00,354.00,2024-09-18
3880,INV-003880,447,460,2024-10-15,2024-11-14,paid,USD,354.00,0.00,354.00,2024-10-17
3881,INV-003881,447,460,2024-11-15,2024-12-15,paid,USD,354.00,0.00,354.00,2024-11-18
3882,INV-003882,447,460,2024-12-15,2025-01-14,paid,USD,354.00,0.00,354.00,2024-12-20
3883,INV-003883,447,460,2025-01-15,2025-03-01,paid,USD,354.00,0.00,354.00,2025-01-18
3884,INV-003884,447,460,2025-02-15,2025-04-01,paid,USD,354.00,0.00,354.00,2025-02-28
3885,INV-003885,447,460,2025-03-15,2025-04-14,paid,USD,594.00,0.00,594.00,2025-03-19
3886,INV-003886,447,460,2025-04-15,2025-05-15,paid,USD,594.00,0.00,594.00,2025-04-20
3887,INV-003887,447,460,2025-05-15,2025-06-14,paid,USD,594.00,0.00,594.00,2025-05-19
3888,INV-003888,447,460,2025-06-15,2025-07-30,paid,USD,594.00,0.00,594.00,2025-06-15
3889,INV-003889,447,460,2025-07-15,2025-08-14,paid,USD,594.00,0.00,594.00,2025-07-18
3890,INV-003890,447,460,2025-08-15,2025-08-30,paid,USD,594.00,0.00,594.00,2025-08-29
3891,INV-003891,447,460,2025-09-15,2025-09-30,paid,USD,643.00,0.00,643.00,2025-10-13
3892,INV-003892,447,460,2025-10-15,2025-11-14,paid,USD,594.00,0.00,594.00,2025-10-16
3893,INV-003893,447,460,2025-11-15,2025-11-30,paid,USD,594.00,0.00,594.00,2025-11-15
3894,INV-003894,447,460,2025-12-15,2026-01-14,paid,USD,643.00,0.00,643.00,2025-12-15
3895,INV-003895,447,461,2026-05-23,2026-06-07,paid,USD,495.00,0.00,495.00,2026-05-27
3896,INV-003896,447,461,2026-06-23,2026-07-08,paid,USD,495.00,0.00,495.00,2026-07-01
3897,INV-003897,447,461,2026-07-23,2026-08-22,paid,USD,495.00,0.00,495.00,2026-08-11
3898,INV-003898,447,461,2026-08-23,2026-09-22,paid,USD,495.00,0.00,495.00,2026-08-31
3899,INV-003899,448,462,2026-02-08,2026-03-10,paid,USD,35220.00,0.00,35220.00,2026-02-13
3900,INV-003900,449,463,2022-12-21,2023-01-20,paid,USD,1475.00,0.00,1475.00,2023-01-11
3901,INV-003901,449,463,2023-01-21,2023-03-07,paid,USD,1475.00,0.00,1475.00,2023-01-22
3902,INV-003902,449,463,2023-02-21,2023-03-08,paid,USD,1475.00,0.00,1475.00,2023-02-24
3903,INV-003903,449,463,2023-03-21,2023-04-20,paid,USD,1475.00,0.00,1475.00,2023-03-29
3904,INV-003904,449,463,2023-04-21,2023-06-05,paid,USD,1475.00,0.00,1475.00,2023-04-25
3905,INV-003905,449,463,2023-05-21,2023-06-20,paid,USD,1475.00,0.00,1475.00,2023-05-27
3906,INV-003906,449,463,2023-06-21,2023-08-05,paid,USD,1475.00,0.00,1475.00,2023-06-24
3907,INV-003907,449,463,2023-07-21,2023-09-04,paid,USD,1475.00,0.00,1475.00,2023-07-28
3908,INV-003908,449,463,2023-08-21,2023-09-20,paid,USD,1475.00,0.00,1475.00,2023-09-05
3909,INV-003909,449,463,2023-09-21,2023-10-06,paid,USD,1475.00,0.00,1475.00,2023-09-21
3910,INV-003910,449,463,2023-10-21,2023-11-20,paid,USD,1475.00,0.00,1475.00,2023-10-22
3911,INV-003911,449,463,2023-11-21,2024-01-05,paid,USD,1475.00,0.00,1475.00,2023-11-22
3912,INV-003912,449,463,2023-12-21,2024-02-04,paid,USD,1475.00,0.00,1475.00,2023-12-29
3913,INV-003913,449,463,2024-01-21,2024-03-06,paid,USD,1475.00,0.00,1475.00,2024-01-24
3914,INV-003914,449,463,2024-02-21,2024-04-06,paid,USD,1593.00,0.00,1593.00,2024-02-29
3915,INV-003915,449,463,2024-03-21,2024-04-20,paid,USD,1593.00,0.00,1593.00,2024-03-21
3916,INV-003916,449,463,2024-04-21,2024-06-05,paid,USD,1593.00,0.00,1593.00,2024-04-22
3917,INV-003917,449,463,2024-05-21,2024-06-20,paid,USD,1593.00,0.00,1593.00,2024-06-05
3918,INV-003918,449,463,2024-06-21,2024-08-05,paid,USD,1593.00,0.00,1593.00,2024-07-20
3919,INV-003919,449,463,2024-07-21,2024-08-05,paid,USD,1593.00,0.00,1593.00,2024-07-25
3920,INV-003920,449,463,2024-08-21,2024-09-20,paid,USD,1593.00,0.00,1593.00,2024-08-23
3921,INV-003921,449,463,2024-09-21,2024-11-05,paid,USD,1593.00,0.00,1593.00,2024-09-23
3922,INV-003922,449,463,2024-10-21,2024-11-20,paid,USD,1593.00,0.00,1593.00,2024-10-21
3923,INV-003923,449,463,2024-11-21,2024-12-21,paid,USD,1593.00,0.00,1593.00,2024-12-01
3924,INV-003924,449,463,2024-12-21,2025-01-20,void,USD,1593.00,0.00,1593.00,
3925,INV-003925,449,463,2025-01-21,2025-02-20,uncollectible,USD,1593.00,0.00,1593.00,
3926,INV-003926,449,463,2025-02-21,2025-03-08,paid,USD,2673.00,0.00,2673.00,2025-02-22
3927,INV-003927,449,463,2025-03-21,2025-05-05,paid,USD,2673.00,0.00,2673.00,2025-03-31
3928,INV-003928,449,463,2025-04-21,2025-05-06,paid,USD,2673.00,0.00,2673.00,2025-05-10
3929,INV-003929,449,463,2025-05-21,2025-07-05,paid,USD,2752.00,0.00,2752.00,2025-05-30
3930,INV-003930,450,464,2025-04-13,2025-05-13,paid,USD,144579.96,0.00,144579.96,2025-04-20
3931,INV-003931,450,464,2026-04-13,2026-04-28,paid,USD,153470.04,0.00,153470.04,2026-04-20
3932,INV-003932,451,465,2026-07-24,2026-08-23,paid,USD,10410.00,0.00,10410.00,2026-08-09
3933,INV-003933,452,466,2025-09-24,2025-11-08,paid,USD,31260.00,0.00,31260.00,2025-09-25
3934,INV-003934,453,467,2026-08-25,2026-10-09,paid,USD,174.00,0.00,174.00,2026-08-25
3935,INV-003935,454,468,2024-05-29,2024-06-28,paid,USD,354.00,0.00,354.00,2024-06-01
3936,INV-003936,454,468,2024-06-29,2024-07-14,paid,USD,295.00,0.00,295.00,2024-06-29
3937,INV-003937,455,469,2026-07-24,2026-08-08,paid,USD,3540.00,0.00,3540.00,2026-08-05
3938,INV-003938,456,470,2024-03-11,2024-03-26,paid,USD,708.00,0.00,708.00,2024-03-13
3939,INV-003939,456,470,2024-04-11,2024-05-11,paid,USD,708.00,0.00,708.00,2024-04-13
3940,INV-003940,456,470,2024-05-11,2024-06-25,paid,USD,590.00,0.00,590.00,2024-05-19
3941,INV-003941,456,470,2024-06-11,2024-07-26,paid,USD,590.00,0.00,590.00,2024-06-13
3942,INV-003942,456,470,2024-07-11,2024-08-10,paid,USD,590.00,0.00,590.00,2024-07-17
3943,INV-003943,456,470,2024-08-11,2024-09-10,paid,USD,590.00,0.00,590.00,2024-08-13
3944,INV-003944,456,470,2024-09-11,2024-09-26,paid,USD,990.00,0.00,990.00,2024-09-17
3945,INV-003945,456,470,2024-10-11,2024-11-25,paid,USD,990.00,0.00,990.00,2024-11-08
3946,INV-003946,456,470,2024-11-11,2024-12-11,paid,USD,1039.00,0.00,1039.00,2024-12-08
3947,INV-003947,456,470,2024-12-11,2025-01-10,paid,USD,990.00,0.00,990.00,2024-12-20
3948,INV-003948,456,470,2025-01-11,2025-02-10,paid,USD,990.00,0.00,990.00,2025-01-12
3949,INV-003949,456,470,2025-02-11,2025-03-28,paid,USD,1039.00,0.00,1039.00,2025-02-16
3950,INV-003950,456,470,2025-03-11,2025-04-10,paid,USD,990.00,0.00,990.00,2025-03-14
3951,INV-003951,457,471,2026-04-21,2026-05-21,paid,USD,29499.96,0.00,29499.96,2026-05-03
3952,INV-003952,458,472,2024-05-22,2024-06-21,paid,USD,58.00,0.00,58.00,2024-06-04
3953,INV-003953,458,472,2024-06-22,2024-07-22,paid,USD,58.00,0.00,58.00,2024-06-22
3954,INV-003954,458,472,2024-07-22,2024-09-05,paid,USD,58.00,0.00,58.00,2024-08-02
3955,INV-003955,458,472,2024-08-22,2024-09-06,paid,USD,58.00,0.00,58.00,2024-08-29
3956,INV-003956,458,472,2024-09-22,2024-10-22,paid,USD,58.00,0.00,58.00,2024-09-23
3957,INV-003957,458,472,2024-10-22,2024-11-21,paid,USD,58.00,0.00,58.00,2024-11-16
3958,INV-003958,458,472,2024-11-22,2024-12-07,paid,USD,58.00,0.00,58.00,2024-11-26
3959,INV-003959,458,472,2024-12-22,2025-01-21,paid,USD,58.00,0.00,58.00,2025-01-05
3960,INV-003960,458,472,2025-01-22,2025-03-08,paid,USD,58.00,0.00,58.00,2025-01-24
3961,INV-003961,458,472,2025-02-22,2025-03-24,paid,USD,58.00,0.00,58.00,2025-02-28
3962,INV-003962,458,472,2025-03-22,2025-04-21,paid,USD,58.00,0.00,58.00,2025-04-08
3963,INV-003963,458,472,2025-04-22,2025-06-06,paid,USD,58.00,0.00,58.00,2025-04-23
3964,INV-003964,458,472,2025-05-22,2025-06-21,paid,USD,58.00,0.00,58.00,2025-05-31
3965,INV-003965,458,472,2025-06-22,2025-08-06,paid,USD,58.00,0.00,58.00,2025-07-13
3966,INV-003966,458,472,2025-07-22,2025-08-21,paid,USD,58.00,0.00,58.00,2025-07-22
3967,INV-003967,458,472,2025-08-22,2025-09-06,paid,USD,58.00,0.00,58.00,2025-08-27
3968,INV-003968,458,472,2025-09-22,2025-11-06,paid,USD,58.00,0.00,58.00,2025-09-24
3969,INV-003969,458,472,2025-10-22,2025-11-21,paid,USD,58.00,0.00,58.00,2025-10-25
3970,INV-003970,458,472,2025-11-22,2025-12-22,paid,USD,58.00,0.00,58.00,2025-11-22
3971,INV-003971,458,472,2025-12-22,2026-01-06,paid,USD,58.00,0.00,58.00,2025-12-29
3972,INV-003972,458,472,2026-01-22,2026-02-06,void,USD,58.00,0.00,58.00,
3973,INV-003973,458,472,2026-02-22,2026-03-09,paid,USD,58.00,0.00,58.00,2026-02-22
3974,INV-003974,458,472,2026-03-22,2026-04-06,paid,USD,58.00,0.00,58.00,2026-03-26
3975,INV-003975,458,472,2026-04-22,2026-05-22,paid,USD,58.00,0.00,58.00,2026-04-24
3976,INV-003976,458,472,2026-05-22,2026-07-06,paid,USD,58.00,0.00,58.00,2026-05-31
3977,INV-003977,458,472,2026-06-22,2026-07-07,paid,USD,58.00,0.00,58.00,2026-07-10
3978,INV-003978,458,472,2026-07-22,2026-09-05,paid,USD,58.00,0.00,58.00,2026-07-22
3979,INV-003979,458,472,2026-08-22,2026-09-21,paid,USD,58.00,0.00,58.00,2026-08-30
3980,INV-003980,459,473,2024-12-25,2025-01-24,paid,USD,579139.96,0.00,579139.96,2025-01-01
3981,INV-003981,459,473,2025-12-25,2026-01-24,paid,USD,596000.04,0.00,596000.04,2025-12-28
3982,INV-003982,460,474,2025-04-07,2025-05-07,paid,USD,29499.96,0.00,29499.96,2025-04-07
3983,INV-003983,460,474,2026-04-07,2026-05-07,paid,USD,29499.96,0.00,29499.96,2026-04-10
3984,INV-003984,461,475,2025-12-25,2026-01-09,paid,USD,36160.00,0.00,36160.00,2025-12-25
3985,INV-003985,462,476,2022-09-08,2022-10-08,paid,USD,2392.50,0.00,2392.50,2022-09-09
3986,INV-003986,462,476,2022-10-08,2022-10-23,paid,USD,2392.50,0.00,2392.50,2022-10-08
3987,INV-003987,462,476,2022-11-08,2022-12-23,paid,USD,2392.50,0.00,2392.50,2022-11-21
3988,INV-003988,462,476,2022-12-08,2023-01-07,paid,USD,2392.50,0.00,2392.50,2022-12-10
3989,INV-003989,462,476,2023-01-08,2023-02-07,paid,USD,2392.50,0.00,2392.50,2023-01-10
3990,INV-003990,462,476,2023-02-08,2023-03-10,paid,USD,2392.50,0.00,2392.50,2023-02-13
3991,INV-003991,462,476,2023-03-08,2023-04-22,paid,USD,2392.50,0.00,2392.50,2023-03-08
3992,INV-003992,462,476,2023-04-08,2023-04-23,paid,USD,2392.50,0.00,2392.50,2023-04-23
3993,INV-003993,462,476,2023-05-08,2023-06-22,paid,USD,1425.83,0.00,1425.83,2023-06-13
3994,INV-003994,462,476,2023-06-08,2023-07-23,paid,USD,1425.83,0.00,1425.83,2023-06-11
3995,INV-003995,462,476,2023-07-08,2023-08-07,paid,USD,1425.83,0.00,1425.83,2023-07-12
3996,INV-003996,462,476,2023-08-08,2023-08-23,paid,USD,290.00,0.00,290.00,2023-08-13
3997,INV-003997,462,476,2023-09-08,2023-10-08,paid,USD,290.00,0.00,290.00,2023-09-08
3998,INV-003998,462,476,2023-10-08,2023-11-07,paid,USD,290.00,0.00,290.00,2023-10-11
3999,INV-003999,462,476,2023-11-08,2023-12-23,paid,USD,290.00,0.00,290.00,2023-11-08
4000,INV-004000,462,476,2023-12-08,2024-01-22,paid,USD,290.00,0.00,290.00,2023-12-17
4001,INV-004001,462,476,2024-01-08,2024-01-23,paid,USD,290.00,0.00,290.00,2024-01-08
4002,INV-004002,462,476,2024-02-08,2024-03-24,paid,USD,290.00,0.00,290.00,2024-02-12
4003,INV-004003,462,476,2024-03-08,2024-04-07,paid,USD,290.00,0.00,290.00,2024-03-15
4004,INV-004004,462,476,2024-04-08,2024-05-08,paid,USD,290.00,0.00,290.00,2024-04-13
4005,INV-004005,462,476,2024-05-08,2024-06-22,paid,USD,290.00,0.00,290.00,2024-05-12
4006,INV-004006,462,476,2024-06-08,2024-07-23,paid,USD,290.00,0.00,290.00,2024-06-20
4007,INV-004007,462,476,2024-07-08,2024-08-07,paid,USD,290.00,0.00,290.00,2024-07-10
4008,INV-004008,462,476,2024-08-08,2024-09-07,paid,USD,290.00,0.00,290.00,2024-08-12
4009,INV-004009,462,476,2024-09-08,2024-10-23,paid,USD,290.00,0.00,290.00,2024-09-09
4010,INV-004010,462,476,2024-10-08,2024-11-22,paid,USD,290.00,0.00,290.00,2024-10-08
4011,INV-004011,462,476,2024-11-08,2024-12-08,void,USD,290.00,0.00,290.00,
4012,INV-004012,462,476,2024-12-08,2024-12-23,paid,USD,290.00,0.00,290.00,2025-01-02
4013,INV-004013,462,476,2025-01-08,2025-01-23,paid,USD,290.00,0.00,290.00,2025-02-01
4014,INV-004014,462,476,2025-02-08,2025-03-10,paid,USD,290.00,0.00,290.00,2025-02-08
4015,INV-004015,462,476,2025-03-08,2025-04-07,paid,USD,290.00,0.00,290.00,2025-03-10
4016,INV-004016,462,476,2025-04-08,2025-05-08,paid,USD,290.00,0.00,290.00,2025-04-12
4017,INV-004017,462,476,2025-05-08,2025-06-22,paid,USD,290.00,0.00,290.00,2025-05-20
4018,INV-004018,462,476,2025-06-08,2025-07-08,paid,USD,290.00,0.00,290.00,2025-06-08
4019,INV-004019,462,476,2025-07-08,2025-08-07,paid,USD,290.00,0.00,290.00,2025-07-08
4020,INV-004020,462,476,2025-08-08,2025-09-07,paid,USD,290.00,0.00,290.00,2025-08-30
4021,INV-004021,462,476,2025-09-08,2025-10-08,paid,USD,290.00,0.00,290.00,2025-09-14
4022,INV-004022,462,476,2025-10-08,2025-11-22,void,USD,290.00,0.00,290.00,
4023,INV-004023,462,476,2025-11-08,2025-12-23,paid,USD,290.00,0.00,290.00,2025-11-08
4024,INV-004024,462,476,2025-12-08,2026-01-07,paid,USD,290.00,0.00,290.00,2025-12-13
4025,INV-004025,462,476,2026-01-08,2026-02-07,paid,USD,290.00,0.00,290.00,2026-01-10
4026,INV-004026,462,476,2026-02-08,2026-03-10,paid,USD,290.00,0.00,290.00,2026-02-09
4027,INV-004027,462,476,2026-03-08,2026-04-22,paid,USD,290.00,0.00,290.00,2026-03-12
4028,INV-004028,462,476,2026-04-08,2026-04-23,paid,USD,290.00,0.00,290.00,2026-04-19
4029,INV-004029,462,476,2026-05-08,2026-05-23,paid,USD,290.00,0.00,290.00,2026-05-28
4030,INV-004030,462,476,2026-06-08,2026-07-08,paid,USD,290.00,0.00,290.00,2026-07-18
4031,INV-004031,462,476,2026-07-08,2026-08-07,paid,USD,232.00,0.00,232.00,2026-07-12
4032,INV-004032,462,476,2026-08-08,2026-09-07,paid,USD,232.00,0.00,232.00,2026-08-10
4033,INV-004033,463,477,2025-09-30,2025-10-30,paid,USD,126240.00,0.00,126240.00,2025-10-01
4034,INV-004034,464,478,2024-03-10,2024-04-24,paid,USD,4956.00,0.00,4956.00,2024-03-12
4035,INV-004035,464,478,2025-03-10,2025-04-09,paid,USD,9504.00,0.00,9504.00,2025-04-07
4036,INV-004036,464,478,2026-03-10,2026-04-24,paid,USD,11919.96,0.00,11919.96,2026-03-21
4037,INV-004037,465,479,2025-08-27,2025-09-26,paid,USD,261.00,0.00,261.00,2025-08-30
4038,INV-004038,465,479,2025-09-27,2025-10-27,paid,USD,261.00,0.00,261.00,2025-09-29
4039,INV-004039,465,479,2025-10-27,2025-11-26,paid,USD,261.00,0.00,261.00,2025-11-29
4040,INV-004040,465,479,2025-11-27,2026-01-11,paid,USD,261.00,0.00,261.00,2025-12-05
4041,INV-004041,465,479,2025-12-27,2026-02-10,paid,USD,261.00,0.00,261.00,2026-01-09
4042,INV-004042,465,479,2026-01-27,2026-03-13,paid,USD,261.00,0.00,261.00,2026-01-27
4043,INV-004043,465,479,2026-02-27,2026-03-29,paid,USD,261.00,0.00,261.00,2026-03-02
4044,INV-004044,465,479,2026-03-27,2026-04-26,paid,USD,261.00,0.00,261.00,2026-04-04
4045,INV-004045,465,479,2026-04-27,2026-05-27,paid,USD,261.00,0.00,261.00,2026-04-27
4046,INV-004046,465,479,2026-05-27,2026-06-26,paid,USD,590.00,0.00,590.00,2026-06-02
4047,INV-004047,465,479,2026-06-27,2026-07-12,paid,USD,590.00,0.00,590.00,2026-06-29
4048,INV-004048,465,479,2026-07-27,2026-08-11,paid,USD,590.00,0.00,590.00,2026-08-04
4049,INV-004049,465,479,2026-08-27,2026-09-26,paid,USD,590.00,0.00,590.00,2026-08-28
4050,INV-004050,466,480,2024-09-15,2024-10-15,paid,USD,531.00,0.00,531.00,2024-09-23
4051,INV-004051,466,480,2024-10-15,2024-11-14,paid,USD,531.00,0.00,531.00,2024-10-17
4052,INV-004052,466,480,2024-11-15,2024-12-15,paid,USD,531.00,0.00,531.00,2024-11-15
4053,INV-004053,466,480,2024-12-15,2024-12-30,paid,USD,531.00,0.00,531.00,2024-12-28
4054,INV-004054,466,480,2025-01-15,2025-02-14,paid,USD,531.00,0.00,531.00,2025-01-25
4055,INV-004055,466,480,2025-02-15,2025-03-02,paid,USD,413.00,0.00,413.00,2025-02-19
4056,INV-004056,466,480,2025-03-15,2025-04-14,paid,USD,413.00,0.00,413.00,2025-03-19
4057,INV-004057,466,480,2025-04-15,2025-04-30,paid,USD,413.00,0.00,413.00,2025-04-19
4058,INV-004058,466,480,2025-05-15,2025-06-14,paid,USD,413.00,0.00,413.00,2025-05-17
4059,INV-004059,466,480,2025-06-15,2025-07-15,paid,USD,413.00,0.00,413.00,2025-06-15
4060,INV-004060,466,480,2025-07-15,2025-08-14,paid,USD,413.00,0.00,413.00,2025-07-19
4061,INV-004061,466,480,2025-08-15,2025-09-29,paid,USD,413.00,0.00,413.00,2025-08-16
4062,INV-004062,466,480,2025-09-15,2025-09-30,paid,USD,413.00,0.00,413.00,2025-09-20
4063,INV-004063,466,480,2025-10-15,2025-10-30,paid,USD,693.00,0.00,693.00,2025-10-15
4064,INV-004064,466,480,2025-11-15,2025-11-30,paid,USD,693.00,0.00,693.00,2025-11-16
4065,INV-004065,466,480,2025-12-15,2026-01-29,paid,USD,693.00,0.00,693.00,2025-12-27
4066,INV-004066,466,480,2026-01-15,2026-03-01,paid,USD,693.00,0.00,693.00,2026-01-15
4067,INV-004067,466,480,2026-02-15,2026-04-01,paid,USD,693.00,0.00,693.00,2026-02-19
4068,INV-004068,466,480,2026-03-15,2026-04-14,paid,USD,693.00,0.00,693.00,2026-03-15
4069,INV-004069,466,480,2026-04-15,2026-05-15,paid,USD,693.00,0.00,693.00,2026-04-19
4070,INV-004070,466,480,2026-05-15,2026-06-14,paid,USD,693.00,0.00,693.00,2026-05-29
4071,INV-004071,467,481,2025-06-13,2025-06-28,paid,USD,495.00,0.00,495.00,2025-06-14
4072,INV-004072,467,481,2025-07-13,2025-07-28,paid,USD,544.00,0.00,544.00,2025-07-22
4073,INV-004073,467,481,2025-08-13,2025-09-12,paid,USD,495.00,0.00,495.00,2025-08-22
4074,INV-004074,467,481,2025-09-13,2025-10-13,paid,USD,495.00,0.00,495.00,2025-09-28
4075,INV-004075,467,481,2025-10-13,2025-10-28,paid,USD,495.00,0.00,495.00,2025-10-22
4076,INV-004076,467,481,2025-11-13,2025-12-28,paid,USD,495.00,0.00,495.00,2025-11-25
4077,INV-004077,467,481,2025-12-13,2026-01-27,paid,USD,495.00,0.00,495.00,2025-12-27
4078,INV-004078,467,481,2026-01-13,2026-01-28,paid,USD,495.00,0.00,495.00,2026-01-15
4079,INV-004079,467,481,2026-02-13,2026-03-30,paid,USD,495.00,0.00,495.00,2026-02-13
4080,INV-004080,467,481,2026-03-13,2026-04-12,paid,USD,495.00,0.00,495.00,2026-03-15
4081,INV-004081,467,481,2026-04-13,2026-05-13,paid,USD,495.00,0.00,495.00,2026-04-14
4082,INV-004082,467,481,2026-05-13,2026-06-27,paid,USD,495.00,0.00,495.00,2026-05-17
4083,INV-004083,467,481,2026-06-13,2026-07-28,paid,USD,396.00,0.00,396.00,2026-06-17
4084,INV-004084,467,481,2026-07-13,2026-08-27,paid,USD,396.00,0.00,396.00,2026-07-13
4085,INV-004085,467,481,2026-08-13,2026-09-27,paid,USD,396.00,0.00,396.00,2026-08-15
4086,INV-004086,468,482,2022-07-26,2022-09-09,paid,USD,177.00,0.00,177.00,2022-07-30
4087,INV-004087,468,482,2022-08-26,2022-09-10,paid,USD,177.00,0.00,177.00,2022-08-28
4088,INV-004088,468,482,2022-09-26,2022-10-26,paid,USD,177.00,0.00,177.00,2022-10-04
4089,INV-004089,468,482,2022-10-26,2022-11-10,paid,USD,177.00,0.00,177.00,2022-11-01
4090,INV-004090,468,482,2022-11-26,2022-12-26,paid,USD,177.00,0.00,177.00,2022-12-04
4091,INV-004091,468,482,2022-12-26,2023-01-25,paid,USD,177.00,0.00,177.00,2022-12-29
4092,INV-004092,468,482,2023-01-26,2023-02-25,paid,USD,236.00,0.00,236.00,2023-01-26
4093,INV-004093,468,482,2023-02-26,2023-03-28,paid,USD,236.00,0.00,236.00,2023-03-16
4094,INV-004094,468,482,2023-03-26,2023-05-10,paid,USD,236.00,0.00,236.00,2023-03-27
4095,INV-004095,468,482,2023-04-26,2023-05-26,paid,USD,236.00,0.00,236.00,2023-04-27
4096,INV-004096,468,482,2023-05-26,2023-07-10,paid,USD,236.00,0.00,236.00,2023-05-26
4097,INV-004097,468,482,2023-06-26,2023-07-26,paid,USD,236.00,0.00,236.00,2023-06-27
4098,INV-004098,468,482,2023-07-26,2023-09-09,paid,USD,236.00,0.00,236.00,2023-08-06
4099,INV-004099,468,482,2023-08-26,2023-09-25,paid,USD,236.00,0.00,236.00,2023-09-23
4100,INV-004100,468,482,2023-09-26,2023-10-11,paid,USD,295.00,0.00,295.00,2023-09-27
4101,INV-004101,468,482,2023-10-26,2023-11-10,paid,USD,295.00,0.00,295.00,2023-11-08
4102,INV-004102,468,482,2023-11-26,2024-01-10,paid,USD,295.00,0.00,295.00,2023-12-08
4103,INV-004103,468,482,2023-12-26,2024-01-10,paid,USD,295.00,0.00,295.00,2023-12-26
4104,INV-004104,468,482,2024-01-26,2024-02-25,paid,USD,295.00,0.00,295.00,2024-01-26
4105,INV-004105,468,482,2024-02-26,2024-03-27,paid,USD,295.00,0.00,295.00,2024-03-11
4106,INV-004106,468,482,2024-03-26,2024-04-10,paid,USD,295.00,0.00,295.00,2024-04-05
4107,INV-004107,468,482,2024-04-26,2024-05-11,paid,USD,295.00,0.00,295.00,2024-05-03
4108,INV-004108,468,482,2024-05-26,2024-06-25,paid,USD,295.00,0.00,295.00,2024-05-29
4109,INV-004109,468,482,2024-06-26,2024-07-11,paid,USD,295.00,0.00,295.00,2024-07-01
4110,INV-004110,468,482,2024-07-26,2024-08-10,paid,USD,295.00,0.00,295.00,2024-07-30
4111,INV-004111,468,482,2024-08-26,2024-10-10,paid,USD,295.00,0.00,295.00,2024-08-26
4112,INV-004112,468,482,2024-09-26,2024-10-26,paid,USD,295.00,0.00,295.00,2024-10-01
4113,INV-004113,468,482,2024-10-26,2024-12-10,paid,USD,295.00,0.00,295.00,2024-12-05
4114,INV-004114,468,482,2024-11-26,2024-12-26,paid,USD,295.00,0.00,295.00,2024-12-11
4115,INV-004115,468,482,2024-12-26,2025-01-25,paid,USD,295.00,0.00,295.00,2024-12-29
4116,INV-004116,468,482,2025-01-26,2025-03-12,paid,USD,295.00,0.00,295.00,2025-01-28
4117,INV-004117,468,482,2025-02-26,2025-03-13,paid,USD,295.00,0.00,295.00,2025-03-03
4118,INV-004118,468,482,2025-03-26,2025-05-10,paid,USD,295.00,0.00,295.00,2025-03-26
4119,INV-004119,468,482,2025-04-26,2025-05-26,paid,USD,295.00,0.00,295.00,2025-04-30
4120,INV-004120,468,482,2025-05-26,2025-06-25,uncollectible,USD,295.00,0.00,295.00,
4121,INV-004121,468,482,2025-06-26,2025-08-10,paid,USD,295.00,0.00,295.00,2025-07-01
4122,INV-004122,468,482,2025-07-26,2025-08-25,paid,USD,295.00,0.00,295.00,2025-07-26
4123,INV-004123,468,483,2026-03-03,2026-04-17,paid,USD,177.00,0.00,177.00,2026-03-08
4124,INV-004124,468,483,2026-04-03,2026-04-18,paid,USD,177.00,0.00,177.00,2026-04-05
4125,INV-004125,468,483,2026-05-03,2026-06-02,paid,USD,177.00,0.00,177.00,2026-05-06
4126,INV-004126,468,483,2026-06-03,2026-07-18,paid,USD,177.00,0.00,177.00,2026-06-12
4127,INV-004127,468,483,2026-07-03,2026-08-02,paid,USD,177.00,0.00,177.00,2026-07-05
4128,INV-004128,468,483,2026-08-03,2026-08-18,paid,USD,177.00,0.00,177.00,2026-08-08
4129,INV-004129,469,484,2026-04-30,2026-06-14,paid,USD,290.00,0.00,290.00,2026-05-14
4130,INV-004130,469,484,2026-05-30,2026-06-29,paid,USD,590.00,0.00,590.00,2026-06-02
4131,INV-004131,469,484,2026-06-30,2026-07-30,paid,USD,590.00,0.00,590.00,2026-07-15
4132,INV-004132,469,484,2026-07-30,2026-08-29,paid,USD,590.00,0.00,590.00,2026-08-06
4133,INV-004133,469,484,2026-08-30,2026-09-14,paid,USD,590.00,0.00,590.00,2026-08-31
4134,INV-004134,470,485,2025-08-11,2025-09-10,paid,USD,472.00,0.00,472.00,2025-08-11
4135,INV-004135,470,485,2025-09-11,2025-09-26,paid,USD,472.00,0.00,472.00,2025-09-27
4136,INV-004136,470,485,2025-10-11,2025-11-10,paid,USD,472.00,0.00,472.00,2025-10-11
4137,INV-004137,470,485,2025-11-11,2025-12-26,paid,USD,531.00,0.00,531.00,2025-11-22
4138,INV-004138,470,485,2025-12-11,2026-01-10,paid,USD,531.00,0.00,531.00,2025-12-19
4139,INV-004139,470,485,2026-01-11,2026-01-26,paid,USD,531.00,0.00,531.00,2026-01-18
4140,INV-004140,470,485,2026-02-11,2026-02-26,paid,USD,531.00,0.00,531.00,2026-02-16
4141,INV-004141,470,485,2026-03-11,2026-04-10,paid,USD,531.00,0.00,531.00,2026-03-19
4142,INV-004142,470,485,2026-04-11,2026-05-26,paid,USD,531.00,0.00,531.00,2026-04-11
4143,INV-004143,470,485,2026-05-11,2026-06-10,paid,USD,531.00,0.00,531.00,2026-05-27
4144,INV-004144,470,485,2026-06-11,2026-06-26,paid,USD,531.00,0.00,531.00,2026-06-18
4145,INV-004145,470,485,2026-07-11,2026-07-26,paid,USD,531.00,0.00,531.00,2026-08-05
4146,INV-004146,470,485,2026-08-11,2026-09-10,paid,USD,531.00,0.00,531.00,2026-08-13
4147,INV-004147,471,486,2023-07-10,2023-07-25,paid,USD,45580.00,0.00,45580.00,2023-07-12
4148,INV-004148,471,486,2024-07-10,2024-08-09,paid,USD,45540.00,0.00,45540.00,2024-07-18
4149,INV-004149,471,486,2025-07-10,2025-08-24,uncollectible,USD,87039.96,0.00,87039.96,
4150,INV-004150,471,486,2026-07-10,2026-08-09,paid,USD,101319.96,0.00,101319.96,2026-07-12
4151,INV-004151,472,487,2024-01-05,2024-02-19,paid,USD,50530.00,0.00,50530.00,2024-01-08
4152,INV-004152,472,487,2025-01-05,2025-02-04,paid,USD,46530.00,0.00,46530.00,2025-01-07
4153,INV-004153,472,487,2026-01-05,2026-02-19,paid,USD,51480.00,0.00,51480.00,2026-01-12
4154,INV-004154,473,488,2025-10-15,2025-11-29,paid,USD,421670.04,0.00,421670.04,2025-10-15
4155,INV-004155,474,489,2025-12-03,2026-01-02,paid,USD,23600.04,0.00,23600.04,2025-12-16
4156,INV-004156,475,490,2026-03-24,2026-04-08,paid,USD,290.00,0.00,290.00,2026-03-24
4157,INV-004157,475,490,2026-04-24,2026-05-09,paid,USD,290.00,0.00,290.00,2026-04-28
4158,INV-004158,475,490,2026-05-24,2026-06-23,paid,USD,290.00,0.00,290.00,2026-06-14
4159,INV-004159,475,490,2026-06-24,2026-08-08,paid,USD,290.00,0.00,290.00,2026-07-12
4160,INV-004160,475,490,2026-07-24,2026-09-07,paid,USD,290.00,0.00,290.00,2026-07-29
4161,INV-004161,475,490,2026-08-24,2026-09-23,paid,USD,232.00,0.00,232.00,2026-08-31
4162,INV-004162,476,491,2025-04-03,2025-04-18,void,USD,232.00,0.00,232.00,
4163,INV-004163,476,491,2025-05-03,2025-05-18,paid,USD,232.00,0.00,232.00,2025-05-28
4164,INV-004164,476,491,2025-06-03,2025-07-18,paid,USD,232.00,0.00,232.00,2025-06-25
4165,INV-004165,476,491,2025-07-03,2025-07-18,paid,USD,472.00,0.00,472.00,2025-07-04
4166,INV-004166,476,491,2025-08-03,2025-09-17,paid,USD,472.00,0.00,472.00,2025-08-20
4167,INV-004167,476,491,2025-09-03,2025-09-18,paid,USD,472.00,0.00,472.00,2025-09-15
4168,INV-004168,476,491,2025-10-03,2025-11-17,paid,USD,472.00,0.00,472.00,2025-10-13
4169,INV-004169,476,491,2025-11-03,2025-12-03,paid,USD,472.00,0.00,472.00,2025-11-06
4170,INV-004170,476,491,2025-12-03,2025-12-18,paid,USD,792.00,0.00,792.00,2025-12-12
4171,INV-004171,476,491,2026-01-03,2026-02-02,paid,USD,792.00,0.00,792.00,2026-01-18
4172,INV-004172,476,491,2026-02-03,2026-03-05,paid,USD,841.00,0.00,841.00,2026-02-15
4173,INV-004173,476,491,2026-03-03,2026-04-02,paid,USD,970.00,0.00,970.00,2026-03-06
4174,INV-004174,476,491,2026-04-03,2026-05-03,paid,USD,891.00,0.00,891.00,2026-04-12
4175,INV-004175,476,491,2026-05-03,2026-06-17,paid,USD,891.00,0.00,891.00,2026-05-05
4176,INV-004176,476,491,2026-06-03,2026-06-18,paid,USD,970.00,0.00,970.00,2026-06-05
4177,INV-004177,476,491,2026-07-03,2026-08-02,paid,USD,891.00,0.00,891.00,2026-07-08
4178,INV-004178,476,491,2026-08-03,2026-09-02,paid,USD,1020.00,0.00,1020.00,2026-08-07
4179,INV-004179,477,492,2025-10-14,2025-11-13,paid,USD,295.00,0.00,295.00,2025-10-17
4180,INV-004180,477,492,2025-11-14,2025-12-29,paid,USD,295.00,0.00,295.00,2025-11-20
4181,INV-004181,477,492,2025-12-14,2026-01-13,paid,USD,295.00,0.00,295.00,2025-12-22
4182,INV-004182,477,492,2026-01-14,2026-01-29,paid,USD,295.00,0.00,295.00,2026-02-03
4183,INV-004183,477,492,2026-02-14,2026-03-31,paid,USD,295.00,0.00,295.00,2026-02-14
4184,INV-004184,477,492,2026-03-14,2026-03-29,paid,USD,295.00,0.00,295.00,2026-03-19
4185,INV-004185,477,492,2026-04-14,2026-05-14,paid,USD,295.00,0.00,295.00,2026-04-21
4186,INV-004186,477,492,2026-05-14,2026-06-28,paid,USD,295.00,0.00,295.00,2026-05-23
4187,INV-004187,477,492,2026-06-14,2026-07-14,paid,USD,295.00,0.00,295.00,2026-06-21
4188,INV-004188,477,492,2026-07-14,2026-08-28,paid,USD,295.00,0.00,295.00,2026-07-14
4189,INV-004189,477,492,2026-08-14,2026-09-13,paid,USD,495.00,0.00,495.00,2026-08-27
4190,INV-004190,478,493,2026-01-15,2026-02-14,paid,USD,10620.00,0.00,10620.00,2026-01-18
4191,INV-004191,479,494,2023-12-02,2024-01-16,paid,USD,10029.96,0.00,10029.96,2023-12-02
4192,INV-004192,479,494,2024-12-02,2025-01-16,paid,USD,9440.04,0.00,9440.04,2024-12-05
4193,INV-004193,480,495,2025-09-29,2025-10-29,paid,USD,460410.00,0.00,460410.00,2025-09-29
