ticket_id,ticket_number,customer_id,subscription_id,opened_at,resolved_at,status,category,priority,channel,assignee,first_response_hours,csat_score
1,TCK-000001,1,2,2026-03-31,2026-03-31,solved,how_to,low,in_app,marcus.holm,1,5
2,TCK-000002,2,3,2024-11-03,2024-11-03,solved,billing,medium,email,priya.shah,1,
3,TCK-000003,2,3,2024-08-25,2024-08-25,solved,billing,high,email,priya.shah,1,4
4,TCK-000004,2,3,2024-11-27,2024-11-27,solved,how_to,low,chat,emma.cole,2,
5,TCK-000005,2,3,2025-03-13,2025-03-13,solved,onboarding,low,in_app,ava.nguyen,4,3
6,TCK-000006,2,3,2025-02-19,2025-02-19,solved,onboarding,high,in_app,marcus.holm,1,5
7,TCK-000007,2,3,2025-06-29,2025-06-29,solved,feature_request,high,email,priya.shah,1,3
8,TCK-000008,2,3,2025-06-10,2025-06-10,closed,bug,medium,in_app,emma.cole,1,
9,TCK-000009,2,3,2025-12-08,2025-12-08,solved,how_to,high,chat,jonas.becker,1,
10,TCK-000010,2,3,2025-05-05,2025-05-05,solved,how_to,medium,email,jonas.becker,1,5
11,TCK-000011,2,3,2026-01-20,2026-01-20,solved,onboarding,medium,chat,emma.cole,1,
12,TCK-000012,3,4,2023-06-16,2023-06-16,closed,bug,high,in_app,priya.shah,1,
13,TCK-000013,3,4,2023-10-26,2023-10-26,closed,how_to,medium,in_app,priya.shah,5,5
14,TCK-000014,3,4,2024-08-18,2024-08-18,closed,onboarding,high,email,emma.cole,1,5
15,TCK-000015,3,4,2023-08-09,2023-08-09,solved,billing,low,email,marcus.holm,1,
16,TCK-000016,3,4,2023-09-08,2023-09-09,solved,bug,medium,email,priya.shah,1,
17,TCK-000017,3,4,2024-05-23,2024-05-23,solved,bug,low,in_app,emma.cole,4,
18,TCK-000018,3,4,2024-03-07,2024-03-07,solved,bug,medium,in_app,marcus.holm,1,5
19,TCK-000019,3,4,2024-02-04,2024-02-04,solved,feature_request,medium,email,priya.shah,2,
20,TCK-000020,3,4,2023-05-29,2023-05-29,solved,billing,medium,email,jonas.becker,3,
21,TCK-000021,3,4,2024-05-29,2024-05-29,solved,how_to,high,chat,jonas.becker,5,3
22,TCK-000022,3,4,2023-08-15,2023-08-15,closed,bug,medium,email,marcus.holm,2,
23,TCK-000023,3,4,2024-04-13,2024-04-13,closed,feature_request,low,chat,ava.nguyen,1,5
24,TCK-000024,3,4,2024-06-23,2024-06-23,closed,how_to,medium,email,ava.nguyen,2,4
25,TCK-000025,3,4,2024-07-09,2024-07-09,closed,bug,high,email,priya.shah,1,5
26,TCK-000026,3,4,2024-06-02,2024-06-02,solved,how_to,low,email,jonas.becker,3,5
27,TCK-000027,3,4,2023-12-01,2023-12-01,solved,how_to,urgent,email,priya.shah,1,
28,TCK-000028,3,4,2023-10-27,2023-10-27,solved,bug,low,email,emma.cole,2,
29,TCK-000029,4,5,2025-01-30,2025-01-30,closed,feature_request,low,in_app,marcus.holm,1,4
30,TCK-000030,4,5,2025-01-12,2025-01-12,closed,billing,high,in_app,ava.nguyen,1,
31,TCK-000031,4,5,2024-10-26,2024-10-26,solved,feature_request,medium,email,emma.cole,1,2
32,TCK-000032,4,5,2026-07-22,2026-07-22,solved,how_to,high,in_app,priya.shah,1,
33,TCK-000033,4,5,2025-04-06,2025-04-06,closed,how_to,low,email,jonas.becker,2,2
34,TCK-000034,4,5,2024-04-10,2024-04-10,solved,bug,medium,email,priya.shah,4,5
35,TCK-000035,4,5,2024-11-29,2024-11-29,closed,bug,low,email,jonas.becker,1,
36,TCK-000036,4,5,2025-06-03,2025-06-03,closed,feature_request,medium,email,jonas.becker,1,4
37,TCK-000037,4,5,2025-04-05,2025-04-05,closed,onboarding,medium,email,jonas.becker,1,3
38,TCK-000038,4,5,2025-06-05,2025-06-05,solved,how_to,high,in_app,marcus.holm,5,
39,TCK-000039,4,5,2024-05-20,2024-05-20,solved,how_to,low,in_app,ava.nguyen,2,
40,TCK-000040,6,7,2024-02-23,2024-02-24,solved,bug,medium,in_app,priya.shah,8,
41,TCK-000041,6,7,2024-07-03,2024-07-03,solved,billing,low,email,priya.shah,1,
42,TCK-000042,6,7,2024-11-14,2024-11-14,solved,feature_request,medium,in_app,priya.shah,2,3
43,TCK-000043,6,8,2025-09-26,2025-09-26,solved,bug,low,chat,marcus.holm,3,
44,TCK-000044,6,7,2023-11-08,2023-11-08,solved,how_to,high,phone,marcus.holm,1,4
45,TCK-000045,6,7,2024-04-02,2024-04-02,solved,feature_request,medium,in_app,emma.cole,1,5
46,TCK-000046,6,,2025-04-28,2025-04-28,solved,bug,medium,phone,emma.cole,1,
47,TCK-000047,6,7,2024-01-01,2024-01-01,solved,bug,medium,in_app,priya.shah,7,
48,TCK-000048,6,8,2025-09-25,2025-09-25,solved,bug,high,chat,marcus.holm,1,2
49,TCK-000049,6,7,2023-12-25,2023-12-25,solved,how_to,high,chat,emma.cole,1,
50,TCK-000050,6,8,2026-05-30,2026-05-30,closed,how_to,medium,email,jonas.becker,2,
51,TCK-000051,6,8,2026-02-21,2026-02-21,solved,feature_request,medium,chat,jonas.becker,5,
52,TCK-000052,6,8,2025-07-30,2025-07-30,solved,how_to,high,in_app,emma.cole,1,
53,TCK-000053,6,8,2026-06-17,2026-06-17,solved,onboarding,high,email,jonas.becker,1,5
54,TCK-000054,7,9,2026-05-04,2026-05-04,solved,how_to,high,email,emma.cole,3,5
55,TCK-000055,7,9,2026-04-28,2026-04-28,solved,bug,high,in_app,marcus.holm,1,
56,TCK-000056,8,10,2026-03-07,2026-03-07,solved,how_to,medium,in_app,emma.cole,1,
57,TCK-000057,8,10,2024-10-27,2024-10-27,closed,feature_request,medium,chat,emma.cole,1,
58,TCK-000058,8,10,2025-11-17,2025-11-17,solved,bug,high,in_app,marcus.holm,1,
59,TCK-000059,8,10,2025-02-09,2025-02-10,solved,billing,medium,in_app,jonas.becker,1,
60,TCK-000060,8,10,2024-10-20,2024-10-20,solved,how_to,high,in_app,jonas.becker,4,
61,TCK-000061,8,10,2025-01-12,2025-01-12,solved,feature_request,medium,email,marcus.holm,2,4
62,TCK-000062,9,11,2025-12-25,2025-12-25,solved,billing,low,chat,jonas.becker,1,
63,TCK-000063,9,11,2026-05-26,2026-05-26,solved,onboarding,low,email,priya.shah,1,
64,TCK-000064,9,11,2026-01-28,2026-01-28,solved,bug,high,in_app,marcus.holm,1,
65,TCK-000065,9,11,2025-12-19,2025-12-19,solved,how_to,medium,email,priya.shah,1,
66,TCK-000066,9,11,2025-11-14,2025-11-14,solved,how_to,urgent,phone,priya.shah,1,
67,TCK-000067,9,11,2025-08-01,2025-08-01,solved,how_to,medium,in_app,emma.cole,5,5
68,TCK-000068,10,12,2026-03-29,2026-03-29,solved,onboarding,medium,in_app,marcus.holm,1,
69,TCK-000069,11,13,2026-05-19,2026-05-19,closed,bug,high,in_app,jonas.becker,3,
70,TCK-000070,12,14,2026-06-10,2026-06-10,closed,bug,high,in_app,marcus.holm,1,
71,TCK-000071,12,14,2026-07-27,2026-07-27,solved,bug,medium,email,priya.shah,6,
72,TCK-000072,12,14,2026-07-31,2026-08-01,closed,how_to,medium,chat,ava.nguyen,13,4
73,TCK-000073,13,15,2025-08-31,2025-08-31,solved,feature_request,high,in_app,priya.shah,1,3
74,TCK-000074,13,15,2025-11-30,2025-11-30,solved,bug,medium,email,jonas.becker,5,
75,TCK-000075,13,15,2026-01-08,2026-01-09,solved,how_to,medium,chat,ava.nguyen,5,5
76,TCK-000076,13,15,2025-04-03,2025-04-03,solved,billing,medium,in_app,jonas.becker,1,
77,TCK-000077,13,15,2025-09-03,2025-09-03,solved,feature_request,low,email,priya.shah,2,
78,TCK-000078,13,15,2025-04-27,2025-04-27,solved,how_to,urgent,in_app,priya.shah,1,
79,TCK-000079,13,15,2026-04-06,2026-04-10,solved,how_to,medium,in_app,emma.cole,6,
80,TCK-000080,13,15,2025-08-15,2025-08-15,solved,bug,medium,in_app,ava.nguyen,3,
81,TCK-000081,13,15,2026-03-15,2026-03-15,solved,bug,low,phone,priya.shah,1,
82,TCK-000082,13,15,2024-11-01,2024-11-01,closed,onboarding,high,email,jonas.becker,1,
83,TCK-000083,13,15,2025-11-11,2025-11-13,closed,billing,medium,in_app,marcus.holm,17,4
84,TCK-000084,13,15,2025-03-22,2025-03-22,closed,feature_request,high,phone,priya.shah,1,5
85,TCK-000085,13,15,2024-02-13,2024-02-13,solved,bug,medium,in_app,priya.shah,1,4
86,TCK-000086,13,15,2024-05-18,,open,feature_request,low,email,priya.shah,2,
87,TCK-000087,13,15,2025-11-06,2025-11-06,solved,how_to,medium,in_app,emma.cole,1,
88,TCK-000088,13,15,2025-06-07,2025-06-07,closed,feature_request,low,chat,marcus.holm,1,
89,TCK-000089,13,15,2026-05-24,2026-05-24,solved,how_to,low,phone,marcus.holm,1,
90,TCK-000090,13,15,2025-10-26,2025-10-27,solved,billing,low,chat,marcus.holm,4,
91,TCK-000091,13,15,2026-07-06,2026-07-06,solved,how_to,high,in_app,priya.shah,1,5
92,TCK-000092,13,15,2025-07-10,2025-07-10,solved,outage,urgent,chat,priya.shah,1,
93,TCK-000093,13,15,2023-10-06,2023-10-06,closed,onboarding,high,phone,marcus.holm,1,5
94,TCK-000094,13,15,2025-01-22,2025-01-22,solved,how_to,medium,phone,marcus.holm,1,3
95,TCK-000095,13,15,2024-08-26,,open,onboarding,low,email,ava.nguyen,2,
96,TCK-000096,13,15,2026-07-25,2026-07-25,closed,onboarding,high,in_app,emma.cole,1,
97,TCK-000097,13,15,2026-06-24,2026-06-26,closed,billing,medium,phone,emma.cole,9,
98,TCK-000098,14,16,2026-05-08,2026-05-08,closed,how_to,medium,email,priya.shah,1,
99,TCK-000099,14,16,2026-08-17,2026-08-17,solved,feature_request,medium,phone,ava.nguyen,2,
100,TCK-000100,14,16,2026-05-02,2026-05-02,solved,billing,medium,chat,ava.nguyen,1,
101,TCK-000101,15,17,2026-06-18,2026-06-18,solved,onboarding,medium,email,jonas.becker,1,4
102,TCK-000102,15,17,2026-02-26,2026-02-26,solved,feature_request,medium,email,marcus.holm,1,4
103,TCK-000103,15,17,2026-06-22,2026-06-24,closed,bug,medium,email,emma.cole,12,5
104,TCK-000104,15,17,2026-05-28,2026-05-28,solved,billing,high,email,marcus.holm,1,
105,TCK-000105,15,17,2026-08-12,2026-08-12,solved,feature_request,urgent,chat,ava.nguyen,1,5
106,TCK-000106,15,17,2026-03-26,2026-03-26,solved,how_to,low,in_app,jonas.becker,1,2
107,TCK-000107,16,18,2026-01-20,2026-01-20,solved,onboarding,urgent,chat,priya.shah,1,
108,TCK-000108,16,18,2026-02-07,2026-02-07,solved,how_to,low,email,marcus.holm,1,5
109,TCK-000109,16,18,2026-03-19,2026-03-22,closed,bug,medium,email,priya.shah,17,
110,TCK-000110,16,18,2026-07-29,2026-07-29,solved,feature_request,low,in_app,jonas.becker,2,
111,TCK-000111,16,18,2025-10-13,2025-10-13,closed,how_to,medium,email,ava.nguyen,1,5
112,TCK-000112,16,18,2026-06-29,2026-06-29,solved,how_to,low,email,ava.nguyen,1,5
113,TCK-000113,16,18,2026-01-26,2026-01-27,solved,how_to,medium,email,jonas.becker,2,4
114,TCK-000114,16,18,2025-09-09,,open,bug,medium,phone,ava.nguyen,24,
115,TCK-000115,17,19,2024-06-29,2024-06-29,solved,billing,low,chat,ava.nguyen,7,5
116,TCK-000116,17,19,2025-06-05,2025-06-06,solved,how_to,medium,chat,emma.cole,3,5
117,TCK-000117,17,19,2024-03-02,2024-03-02,solved,billing,low,email,ava.nguyen,2,5
118,TCK-000118,17,19,2025-10-05,2025-10-05,solved,outage,high,in_app,ava.nguyen,1,2
119,TCK-000119,17,19,2023-11-12,2023-11-13,solved,billing,medium,in_app,emma.cole,6,
120,TCK-000120,17,19,2026-03-29,2026-03-29,solved,how_to,medium,email,priya.shah,1,
121,TCK-000121,17,19,2026-08-08,2026-08-08,closed,how_to,medium,in_app,jonas.becker,4,4
122,TCK-000122,17,19,2026-07-17,2026-07-17,solved,billing,medium,email,priya.shah,1,5
123,TCK-000123,17,19,2026-08-23,2026-08-24,solved,bug,medium,in_app,jonas.becker,9,
124,TCK-000124,17,19,2026-01-28,2026-01-29,solved,how_to,medium,in_app,marcus.holm,7,
125,TCK-000125,17,19,2025-12-07,2025-12-07,closed,how_to,low,chat,emma.cole,1,3
126,TCK-000126,17,19,2025-12-01,2025-12-01,solved,billing,low,chat,priya.shah,2,
127,TCK-000127,17,19,2025-12-05,2025-12-09,closed,how_to,low,email,emma.cole,14,
128,TCK-000128,17,19,2025-08-13,,open,billing,high,chat,jonas.becker,2,
129,TCK-000129,17,19,2024-02-17,2024-02-17,solved,billing,medium,email,jonas.becker,1,
130,TCK-000130,17,19,2024-10-02,2024-10-02,solved,onboarding,medium,in_app,ava.nguyen,1,5
131,TCK-000131,17,19,2026-02-26,2026-02-26,solved,how_to,medium,email,marcus.holm,4,
132,TCK-000132,17,19,2024-01-07,,open,how_to,medium,email,ava.nguyen,24,
133,TCK-000133,17,19,2024-10-04,2024-10-04,solved,feature_request,medium,email,marcus.holm,1,
134,TCK-000134,17,19,2025-03-21,2025-03-21,solved,feature_request,high,chat,marcus.holm,1,
135,TCK-000135,18,20,2026-07-18,2026-07-19,solved,billing,medium,chat,priya.shah,3,
136,TCK-000136,18,20,2026-07-03,2026-07-03,solved,onboarding,low,in_app,emma.cole,1,
137,TCK-000137,18,20,2026-08-16,2026-08-16,solved,billing,low,in_app,ava.nguyen,1,
138,TCK-000138,18,20,2026-07-31,2026-07-31,solved,how_to,urgent,email,priya.shah,1,
139,TCK-000139,18,20,2026-07-01,2026-07-01,solved,billing,high,email,emma.cole,1,
140,TCK-000140,18,20,2026-06-30,2026-06-30,closed,how_to,urgent,email,ava.nguyen,4,
141,TCK-000141,18,20,2026-08-24,2026-08-24,solved,bug,medium,email,priya.shah,1,
142,TCK-000142,19,,2026-05-10,2026-05-11,solved,how_to,medium,email,emma.cole,3,
143,TCK-000143,19,21,2025-11-07,2025-11-07,solved,onboarding,low,email,ava.nguyen,1,5
144,TCK-000144,19,21,2026-03-05,2026-03-05,solved,bug,medium,in_app,emma.cole,1,4
145,TCK-000145,19,21,2025-09-24,2025-09-24,solved,bug,high,phone,marcus.holm,1,
146,TCK-000146,20,23,2026-08-24,2026-08-24,solved,bug,medium,email,ava.nguyen,1,
147,TCK-000147,20,23,2026-06-04,2026-06-04,solved,how_to,medium,email,marcus.holm,1,4
148,TCK-000148,20,23,2026-07-07,2026-07-07,solved,feature_request,medium,in_app,jonas.becker,1,
149,TCK-000149,20,23,2026-06-22,2026-06-22,solved,feature_request,medium,email,emma.cole,1,3
150,TCK-000150,21,24,2026-06-20,2026-06-21,solved,bug,medium,chat,ava.nguyen,7,
151,TCK-000151,21,24,2026-05-14,,open,feature_request,medium,email,marcus.holm,,
152,TCK-000152,22,25,2023-11-23,,open,onboarding,urgent,email,priya.shah,24,
153,TCK-000153,22,25,2023-09-27,2023-09-27,solved,billing,high,chat,emma.cole,1,4
154,TCK-000154,23,26,2022-12-18,2022-12-18,solved,billing,low,in_app,priya.shah,1,
155,TCK-000155,23,26,2022-12-02,2022-12-02,solved,billing,medium,email,marcus.holm,2,
156,TCK-000156,23,26,2023-03-13,2023-03-13,solved,bug,low,in_app,priya.shah,1,
157,TCK-000157,23,26,2022-12-15,2022-12-15,solved,onboarding,low,in_app,emma.cole,3,
158,TCK-000158,24,27,2023-12-08,2023-12-08,solved,how_to,medium,in_app,jonas.becker,1,
159,TCK-000159,24,27,2024-02-11,,open,billing,medium,in_app,jonas.becker,,
160,TCK-000160,24,27,2024-04-21,2024-04-21,solved,billing,high,in_app,jonas.becker,1,
161,TCK-000161,24,27,2023-01-17,2023-01-17,solved,how_to,urgent,in_app,marcus.holm,1,
162,TCK-000162,24,27,2025-01-23,,open,bug,medium,phone,marcus.holm,8,
163,TCK-000163,24,27,2023-12-22,2023-12-22,solved,feature_request,low,email,marcus.holm,1,5
164,TCK-000164,24,27,2023-04-23,2023-04-23,solved,billing,low,email,priya.shah,2,2
165,TCK-000165,24,27,2023-07-04,2023-07-04,solved,onboarding,low,email,jonas.becker,3,
166,TCK-000166,25,28,2025-05-24,2025-05-24,solved,outage,urgent,in_app,emma.cole,1,
167,TCK-000167,25,28,2025-11-27,2025-11-27,solved,how_to,medium,chat,marcus.holm,5,
168,TCK-000168,25,28,2025-05-05,2025-05-05,solved,bug,medium,chat,emma.cole,2,3
169,TCK-000169,26,29,2026-02-24,2026-02-24,closed,bug,medium,phone,jonas.becker,1,1
170,TCK-000170,26,29,2026-05-27,2026-05-27,solved,bug,medium,email,emma.cole,1,
171,TCK-000171,27,,2025-07-06,2025-07-06,solved,how_to,high,email,ava.nguyen,1,
172,TCK-000172,27,30,2025-03-02,2025-03-02,solved,how_to,medium,in_app,jonas.becker,1,1
173,TCK-000173,27,31,2026-08-30,2026-08-30,closed,feature_request,high,email,priya.shah,2,3
174,TCK-000174,27,,2025-09-27,2025-09-27,solved,how_to,high,in_app,marcus.holm,1,2
175,TCK-000175,27,30,2025-03-20,2025-03-20,solved,feature_request,medium,chat,jonas.becker,2,
176,TCK-000176,27,,2025-05-22,2025-05-22,closed,how_to,medium,in_app,emma.cole,3,3
177,TCK-000177,27,30,2025-03-08,2025-03-08,closed,how_to,medium,chat,jonas.becker,1,
178,TCK-000178,27,,2025-08-21,2025-08-21,solved,onboarding,medium,in_app,priya.shah,1,
179,TCK-000179,27,30,2025-03-23,2025-03-23,solved,how_to,low,email,jonas.becker,2,
180,TCK-000180,27,30,2025-05-08,2025-05-08,solved,how_to,high,email,jonas.becker,1,4
181,TCK-000181,27,30,2025-01-31,2025-01-31,solved,feature_request,low,chat,jonas.becker,5,
182,TCK-000182,27,31,2026-04-09,2026-04-09,solved,feature_request,medium,email,ava.nguyen,1,3
183,TCK-000183,27,,2025-07-20,2025-07-20,solved,how_to,medium,in_app,jonas.becker,2,5
184,TCK-000184,27,31,2026-02-03,2026-02-03,solved,feature_request,medium,email,marcus.holm,1,4
185,TCK-000185,27,30,2025-04-07,2025-04-07,solved,bug,low,in_app,priya.shah,1,
186,TCK-000186,27,,2025-11-07,2025-11-07,solved,bug,medium,email,priya.shah,1,
187,TCK-000187,27,31,2026-02-17,2026-02-17,solved,how_to,low,in_app,emma.cole,1,
188,TCK-000188,27,31,2026-08-29,,open,feature_request,medium,email,jonas.becker,8,
189,TCK-000189,27,30,2025-01-27,2025-01-27,closed,bug,high,in_app,ava.nguyen,1,3
190,TCK-000190,27,,2025-06-26,2025-06-26,closed,how_to,medium,email,marcus.holm,2,
191,TCK-000191,27,30,2024-07-01,2024-07-01,solved,how_to,high,in_app,ava.nguyen,1,
192,TCK-000192,27,,2025-05-14,2025-05-20,solved,how_to,low,email,marcus.holm,36,
193,TCK-000193,28,32,2026-01-20,2026-01-20,solved,feature_request,low,email,marcus.holm,1,
194,TCK-000194,28,32,2026-04-15,,open,how_to,urgent,email,emma.cole,4,
195,TCK-000195,28,32,2025-10-15,2025-10-15,solved,how_to,medium,chat,emma.cole,4,
196,TCK-000196,29,33,2025-10-16,2025-10-18,solved,bug,low,in_app,ava.nguyen,10,
197,TCK-000197,29,33,2025-09-01,2025-09-02,solved,billing,low,chat,marcus.holm,5,5
198,TCK-000198,30,34,2025-04-10,2025-04-10,closed,bug,low,email,marcus.holm,1,
199,TCK-000199,30,34,2025-05-05,2025-05-05,solved,feature_request,medium,email,priya.shah,5,4
200,TCK-000200,30,34,2026-02-21,2026-02-21,solved,how_to,high,in_app,jonas.becker,1,5
201,TCK-000201,30,34,2025-07-11,2025-07-11,solved,bug,medium,in_app,priya.shah,3,
202,TCK-000202,30,34,2025-11-29,2025-11-30,solved,bug,medium,email,ava.nguyen,6,2
203,TCK-000203,30,34,2025-10-21,2025-10-22,solved,bug,medium,chat,jonas.becker,5,1
204,TCK-000204,30,34,2025-03-28,2025-03-28,closed,how_to,medium,email,emma.cole,1,
205,TCK-000205,30,34,2026-02-13,2026-02-13,solved,how_to,low,chat,emma.cole,1,
206,TCK-000206,30,34,2025-07-11,2025-07-12,solved,onboarding,medium,in_app,marcus.holm,4,
207,TCK-000207,30,34,2025-04-25,2025-04-25,solved,bug,urgent,in_app,marcus.holm,1,5
208,TCK-000208,30,34,2025-09-30,2025-10-02,closed,bug,low,email,emma.cole,17,
209,TCK-000209,31,35,2023-09-29,2023-09-29,closed,feature_request,medium,email,jonas.becker,1,5
210,TCK-000210,31,35,2024-06-17,,open,how_to,medium,in_app,marcus.holm,4,
211,TCK-000211,31,35,2026-05-25,2026-05-25,solved,feature_request,medium,email,emma.cole,3,3
212,TCK-000212,31,35,2024-04-20,2024-04-20,solved,how_to,medium,chat,priya.shah,1,5
213,TCK-000213,31,35,2026-07-02,2026-07-02,solved,billing,medium,chat,jonas.becker,1,5
214,TCK-000214,31,35,2023-12-15,2023-12-16,solved,how_to,low,in_app,priya.shah,4,
215,TCK-000215,31,35,2025-10-27,2025-10-27,solved,bug,medium,in_app,ava.nguyen,1,2
216,TCK-000216,31,35,2025-07-30,2025-07-30,closed,billing,high,email,emma.cole,1,2
217,TCK-000217,31,35,2024-12-02,2024-12-02,closed,bug,low,in_app,emma.cole,2,
218,TCK-000218,31,35,2025-05-17,2025-05-17,solved,bug,high,chat,emma.cole,1,
219,TCK-000219,31,35,2024-01-24,2024-01-24,solved,billing,high,in_app,jonas.becker,1,5
220,TCK-000220,31,35,2026-07-10,2026-07-10,closed,onboarding,high,email,emma.cole,1,
221,TCK-000221,31,35,2026-04-16,2026-04-16,solved,how_to,medium,in_app,priya.shah,3,
222,TCK-000222,31,35,2025-01-07,,open,billing,low,in_app,jonas.becker,4,
223,TCK-000223,31,35,2024-08-28,2024-08-28,closed,onboarding,medium,email,jonas.becker,1,
224,TCK-000224,31,35,2023-11-30,2023-11-30,solved,bug,medium,in_app,jonas.becker,1,
225,TCK-000225,31,35,2025-06-03,2025-06-03,closed,how_to,medium,in_app,ava.nguyen,2,
226,TCK-000226,31,35,2024-06-27,2024-06-27,closed,how_to,urgent,email,jonas.becker,1,3
227,TCK-000227,31,35,2024-10-31,2024-10-31,closed,billing,medium,chat,emma.cole,1,4
228,TCK-000228,31,35,2026-06-19,2026-06-19,solved,feature_request,medium,email,marcus.holm,1,
229,TCK-000229,31,35,2024-10-12,2024-10-12,solved,bug,low,chat,marcus.holm,1,5
230,TCK-000230,31,35,2025-02-24,2025-02-25,closed,how_to,medium,chat,marcus.holm,5,
231,TCK-000231,31,35,2025-08-06,2025-08-06,solved,billing,high,in_app,jonas.becker,1,5
232,TCK-000232,31,35,2025-10-12,2025-10-13,solved,bug,medium,phone,ava.nguyen,8,3
233,TCK-000233,31,35,2024-10-14,2024-10-14,closed,feature_request,low,chat,ava.nguyen,1,5
234,TCK-000234,31,35,2026-08-08,2026-08-08,closed,bug,urgent,email,emma.cole,1,
235,TCK-000235,31,35,2025-02-14,2025-02-14,closed,bug,medium,email,marcus.holm,1,
236,TCK-000236,31,35,2024-09-24,2024-09-24,solved,how_to,medium,chat,priya.shah,1,
237,TCK-000237,31,35,2023-11-15,2023-11-16,solved,how_to,low,email,jonas.becker,1,
238,TCK-000238,31,35,2026-06-04,2026-06-04,solved,bug,medium,email,priya.shah,1,
239,TCK-000239,31,35,2026-05-21,,open,bug,medium,email,emma.cole,8,
240,TCK-000240,31,35,2026-05-25,2026-05-25,solved,billing,medium,chat,priya.shah,1,4
241,TCK-000241,31,35,2025-06-05,2025-06-05,closed,how_to,medium,email,priya.shah,1,
242,TCK-000242,31,35,2024-02-20,2024-02-20,closed,bug,medium,in_app,emma.cole,1,
243,TCK-000243,31,35,2026-07-06,2026-07-06,closed,how_to,urgent,email,ava.nguyen,1,3
244,TCK-000244,32,36,2025-04-07,2025-04-08,solved,how_to,medium,chat,jonas.becker,7,5
245,TCK-000245,32,36,2024-08-07,,open,onboarding,high,in_app,marcus.holm,24,
246,TCK-000246,32,36,2026-03-12,2026-03-12,closed,how_to,medium,phone,emma.cole,1,5
247,TCK-000247,32,36,2025-03-11,2025-03-11,closed,how_to,medium,email,marcus.holm,1,
248,TCK-000248,32,36,2025-09-13,2025-09-14,solved,onboarding,medium,in_app,jonas.becker,8,
249,TCK-000249,32,36,2026-06-09,2026-06-09,solved,feature_request,low,chat,emma.cole,1,
250,TCK-000250,32,36,2025-03-26,2025-03-26,solved,feature_request,low,email,jonas.becker,1,
251,TCK-000251,32,36,2025-03-02,2025-03-02,solved,how_to,medium,chat,marcus.holm,1,5
252,TCK-000252,32,36,2026-08-13,2026-08-13,solved,feature_request,urgent,email,ava.nguyen,1,
253,TCK-000253,32,36,2025-04-19,2025-04-19,solved,how_to,high,email,priya.shah,1,
254,TCK-000254,32,36,2026-01-18,2026-01-18,solved,billing,medium,in_app,jonas.becker,5,
255,TCK-000255,32,36,2024-12-17,2024-12-17,solved,how_to,medium,email,jonas.becker,6,
256,TCK-000256,32,36,2026-07-24,2026-07-24,closed,billing,medium,email,ava.nguyen,1,4
257,TCK-000257,32,36,2025-07-11,,open,how_to,medium,email,marcus.holm,24,
258,TCK-000258,32,36,2026-07-22,2026-07-22,closed,bug,low,email,priya.shah,1,
259,TCK-000259,32,36,2025-10-31,2025-10-31,solved,how_to,high,in_app,marcus.holm,1,4
260,TCK-000260,32,36,2024-06-17,,open,how_to,low,email,ava.nguyen,4,
261,TCK-000261,32,36,2026-05-29,,open,how_to,medium,in_app,jonas.becker,4,
262,TCK-000262,32,36,2025-03-24,2025-03-24,solved,how_to,medium,chat,jonas.becker,1,3
263,TCK-000263,32,36,2024-09-07,2024-09-07,solved,feature_request,low,email,jonas.becker,1,5
264,TCK-000264,32,36,2024-08-19,2024-08-19,closed,how_to,low,email,marcus.holm,3,
265,TCK-000265,32,36,2025-09-02,2025-09-02,solved,billing,medium,phone,priya.shah,4,
266,TCK-000266,32,36,2025-12-23,2025-12-23,solved,bug,medium,in_app,marcus.holm,1,3
267,TCK-000267,32,36,2026-06-04,2026-06-04,solved,how_to,urgent,email,emma.cole,1,5
268,TCK-000268,32,36,2024-09-18,2024-09-18,solved,feature_request,low,email,jonas.becker,2,
269,TCK-000269,32,36,2024-12-21,2024-12-21,solved,bug,low,in_app,ava.nguyen,1,
270,TCK-000270,32,36,2025-07-12,2025-07-12,solved,bug,high,email,jonas.becker,1,
271,TCK-000271,32,36,2025-08-21,2025-08-21,solved,how_to,medium,phone,priya.shah,2,3
272,TCK-000272,32,36,2026-06-16,2026-06-16,solved,feature_request,medium,email,ava.nguyen,1,
273,TCK-000273,32,36,2026-08-24,2026-08-27,solved,feature_request,low,email,emma.cole,4,4
274,TCK-000274,32,36,2026-01-06,2026-01-06,solved,how_to,medium,email,emma.cole,1,
275,TCK-000275,32,36,2026-02-11,2026-02-11,solved,how_to,low,email,ava.nguyen,1,1
276,TCK-000276,32,36,2026-07-01,2026-07-02,solved,billing,medium,in_app,marcus.holm,12,
277,TCK-000277,32,36,2025-10-07,2025-10-07,closed,bug,medium,in_app,priya.shah,1,
278,TCK-000278,32,36,2026-05-13,2026-05-14,solved,bug,low,email,jonas.becker,12,
279,TCK-000279,32,36,2024-10-10,2024-10-10,solved,bug,medium,in_app,jonas.becker,1,2
280,TCK-000280,32,36,2024-05-28,2024-05-30,solved,bug,medium,email,jonas.becker,8,
281,TCK-000281,32,36,2025-09-07,2025-09-07,solved,billing,low,chat,marcus.holm,1,
282,TCK-000282,32,36,2025-07-09,2025-07-09,solved,how_to,high,email,emma.cole,1,4
283,TCK-000283,32,36,2026-05-20,2026-05-20,closed,feature_request,high,phone,priya.shah,1,
284,TCK-000284,32,36,2025-05-07,2025-05-07,solved,how_to,medium,in_app,priya.shah,1,
285,TCK-000285,32,36,2026-06-01,2026-06-01,solved,bug,urgent,chat,emma.cole,1,4
286,TCK-000286,32,36,2025-03-28,2025-03-29,solved,how_to,medium,in_app,marcus.holm,7,5
287,TCK-000287,32,36,2024-11-23,2024-11-23,solved,feature_request,high,in_app,priya.shah,1,4
288,TCK-000288,32,36,2024-08-14,2024-08-14,solved,how_to,high,phone,priya.shah,1,
289,TCK-000289,32,36,2024-12-08,2024-12-08,solved,bug,low,email,priya.shah,2,4
290,TCK-000290,32,36,2026-04-22,2026-04-22,closed,bug,medium,chat,priya.shah,2,
291,TCK-000291,32,36,2024-05-11,2024-05-11,closed,outage,high,in_app,jonas.becker,5,
292,TCK-000292,32,36,2025-01-27,2025-01-27,closed,bug,medium,chat,marcus.holm,1,2
293,TCK-000293,32,36,2024-07-31,2024-07-31,solved,how_to,medium,chat,marcus.holm,2,
294,TCK-000294,32,36,2025-11-23,,open,bug,medium,email,ava.nguyen,24,
295,TCK-000295,32,36,2025-05-25,2025-05-26,solved,onboarding,medium,email,ava.nguyen,5,3
296,TCK-000296,34,38,2025-07-09,2025-07-10,solved,bug,medium,in_app,marcus.holm,3,5
297,TCK-000297,34,38,2026-02-12,2026-02-12,solved,outage,high,chat,priya.shah,1,
298,TCK-000298,34,38,2026-06-06,2026-06-07,solved,bug,low,email,marcus.holm,8,
299,TCK-000299,34,38,2025-05-28,2025-05-28,solved,feature_request,high,in_app,ava.nguyen,1,
300,TCK-000300,34,38,2025-04-24,2025-04-25,solved,bug,medium,email,marcus.holm,3,3
301,TCK-000301,34,38,2026-07-02,2026-07-02,solved,how_to,low,email,priya.shah,1,
302,TCK-000302,34,38,2025-12-15,2025-12-15,solved,onboarding,medium,in_app,marcus.holm,3,
303,TCK-000303,34,38,2025-05-15,2025-05-15,solved,billing,low,in_app,ava.nguyen,1,
304,TCK-000304,34,38,2025-12-26,2025-12-26,solved,billing,medium,in_app,ava.nguyen,1,2
305,TCK-000305,35,39,2026-02-07,2026-02-07,solved,how_to,medium,in_app,emma.cole,3,
306,TCK-000306,35,39,2026-05-26,2026-05-26,closed,how_to,urgent,in_app,ava.nguyen,1,3
307,TCK-000307,35,39,2025-08-10,2025-08-10,closed,how_to,low,in_app,jonas.becker,1,5
308,TCK-000308,35,39,2026-05-08,2026-05-08,solved,feature_request,medium,chat,marcus.holm,2,4
309,TCK-000309,36,40,2024-05-20,2024-05-20,solved,how_to,medium,email,marcus.holm,2,
310,TCK-000310,36,40,2025-08-17,2025-08-17,solved,how_to,medium,email,marcus.holm,1,
311,TCK-000311,36,40,2025-03-08,2025-03-08,solved,onboarding,low,chat,emma.cole,2,5
312,TCK-000312,36,40,2025-02-07,2025-02-08,solved,onboarding,low,email,emma.cole,5,
313,TCK-000313,36,40,2025-04-17,2025-04-17,closed,how_to,medium,in_app,marcus.holm,1,4
314,TCK-000314,36,40,2024-11-04,2024-11-05,solved,how_to,low,in_app,ava.nguyen,2,
315,TCK-000315,36,40,2026-04-07,,open,billing,low,in_app,priya.shah,8,
316,TCK-000316,36,40,2024-09-10,2024-09-10,solved,billing,high,in_app,marcus.holm,2,
317,TCK-000317,36,40,2024-10-16,2024-10-16,solved,outage,urgent,in_app,ava.nguyen,1,
318,TCK-000318,36,40,2026-08-10,2026-08-10,solved,billing,high,email,marcus.holm,2,4
319,TCK-000319,36,40,2026-04-27,2026-04-27,solved,how_to,medium,chat,marcus.holm,2,
320,TCK-000320,36,40,2025-03-16,2025-03-16,closed,onboarding,urgent,in_app,marcus.holm,3,5
321,TCK-000321,36,40,2026-04-26,2026-04-26,solved,billing,low,chat,ava.nguyen,1,4
322,TCK-000322,36,40,2025-08-29,2025-08-29,solved,bug,medium,in_app,priya.shah,2,1
323,TCK-000323,36,40,2025-11-17,2025-11-17,solved,how_to,medium,email,jonas.becker,1,5
324,TCK-000324,36,40,2026-02-19,,open,onboarding,medium,chat,jonas.becker,,
325,TCK-000325,36,40,2025-08-13,2025-08-13,solved,how_to,medium,email,priya.shah,1,
326,TCK-000326,36,40,2024-05-17,2024-05-17,solved,onboarding,low,phone,jonas.becker,7,
327,TCK-000327,36,40,2025-10-29,2025-10-29,solved,how_to,urgent,email,ava.nguyen,1,4
328,TCK-000328,36,40,2025-10-25,2025-10-26,closed,bug,medium,email,marcus.holm,8,
329,TCK-000329,36,40,2024-05-17,2024-05-17,solved,how_to,high,in_app,priya.shah,1,
330,TCK-000330,36,40,2025-07-01,2025-07-01,closed,bug,low,in_app,jonas.becker,1,
331,TCK-000331,36,40,2025-03-14,2025-03-15,closed,onboarding,low,chat,marcus.holm,5,2
332,TCK-000332,36,40,2025-12-23,2025-12-23,solved,how_to,high,email,jonas.becker,1,
333,TCK-000333,36,40,2024-12-25,2024-12-25,closed,feature_request,medium,in_app,ava.nguyen,1,
334,TCK-000334,36,40,2025-08-22,2025-08-22,closed,how_to,low,chat,priya.shah,1,5
335,TCK-000335,36,40,2025-03-21,2025-03-25,solved,bug,medium,in_app,ava.nguyen,23,
336,TCK-000336,36,40,2025-02-23,2025-02-23,closed,how_to,low,in_app,jonas.becker,5,
337,TCK-000337,36,40,2026-01-11,2026-01-11,solved,how_to,high,in_app,jonas.becker,1,
338,TCK-000338,37,41,2025-09-20,2025-09-20,closed,feature_request,low,chat,emma.cole,1,
339,TCK-000339,37,41,2026-06-29,2026-06-29,solved,outage,urgent,email,ava.nguyen,1,
340,TCK-000340,37,41,2025-11-29,2025-11-29,solved,feature_request,medium,chat,emma.cole,1,1
341,TCK-000341,37,41,2026-06-06,2026-06-06,solved,how_to,medium,in_app,emma.cole,1,
342,TCK-000342,37,41,2026-01-28,2026-01-28,solved,bug,low,email,ava.nguyen,2,
343,TCK-000343,37,41,2026-02-28,2026-03-03,closed,how_to,low,in_app,ava.nguyen,10,
344,TCK-000344,37,41,2025-12-17,2025-12-17,solved,how_to,medium,email,priya.shah,3,
345,TCK-000345,37,41,2026-05-26,2026-05-26,solved,how_to,medium,email,jonas.becker,1,
346,TCK-000346,37,41,2025-11-24,2025-11-25,solved,feature_request,medium,email,ava.nguyen,11,5
347,TCK-000347,37,41,2026-03-10,,open,bug,low,email,unassigned,4,
348,TCK-000348,37,41,2026-07-07,2026-07-07,closed,billing,medium,email,jonas.becker,1,4
349,TCK-000349,37,41,2025-12-20,,open,how_to,medium,email,marcus.holm,24,
350,TCK-000350,37,41,2026-04-07,2026-04-07,solved,onboarding,medium,in_app,emma.cole,2,
351,TCK-000351,37,41,2026-01-25,2026-01-25,solved,onboarding,medium,email,jonas.becker,2,4
352,TCK-000352,37,41,2026-02-13,2026-02-13,solved,feature_request,urgent,in_app,marcus.holm,1,
353,TCK-000353,37,41,2026-03-25,2026-03-25,solved,onboarding,high,email,emma.cole,1,1
354,TCK-000354,37,41,2026-02-25,,open,how_to,medium,in_app,marcus.holm,8,
355,TCK-000355,37,41,2026-08-06,2026-08-06,solved,bug,high,chat,marcus.holm,2,5
356,TCK-000356,37,41,2026-06-16,2026-06-16,solved,how_to,medium,email,ava.nguyen,1,
357,TCK-000357,37,41,2026-04-02,2026-04-02,solved,bug,low,email,jonas.becker,2,2
358,TCK-000358,37,41,2026-06-17,2026-06-17,solved,feature_request,medium,chat,jonas.becker,1,
359,TCK-000359,37,41,2026-07-06,2026-07-06,solved,billing,high,chat,marcus.holm,1,
360,TCK-000360,37,41,2026-04-05,2026-04-05,solved,how_to,medium,phone,priya.shah,1,1
361,TCK-000361,37,41,2026-08-14,2026-08-14,solved,billing,low,in_app,emma.cole,2,5
362,TCK-000362,37,41,2026-05-04,2026-05-04,solved,how_to,low,email,marcus.holm,1,
363,TCK-000363,37,41,2026-04-19,2026-04-19,closed,how_to,high,in_app,jonas.becker,1,4
364,TCK-000364,37,41,2025-09-13,2025-09-13,solved,feature_request,medium,phone,marcus.holm,1,
365,TCK-000365,37,41,2026-02-25,2026-02-25,solved,how_to,low,email,marcus.holm,4,5
366,TCK-000366,37,41,2025-11-09,2025-11-09,solved,bug,medium,in_app,emma.cole,1,3
367,TCK-000367,37,41,2026-07-17,2026-07-17,solved,how_to,high,email,ava.nguyen,1,
368,TCK-000368,37,41,2026-08-21,2026-08-21,solved,how_to,medium,chat,ava.nguyen,1,
369,TCK-000369,37,41,2026-08-15,2026-08-15,closed,feature_request,low,email,jonas.becker,1,
370,TCK-000370,37,41,2025-12-30,2025-12-30,solved,bug,high,in_app,jonas.becker,1,3
371,TCK-000371,37,41,2026-08-29,,open,feature_request,high,email,priya.shah,,
372,TCK-000372,37,41,2025-11-28,2025-11-28,solved,onboarding,low,email,marcus.holm,3,5
373,TCK-000373,37,41,2025-12-27,2025-12-27,closed,how_to,medium,chat,emma.cole,1,
374,TCK-000374,37,41,2026-06-30,2026-06-30,solved,billing,low,email,marcus.holm,1,2
375,TCK-000375,38,42,2025-12-10,2025-12-11,solved,billing,low,phone,jonas.becker,2,
376,TCK-000376,38,42,2025-04-16,2025-04-16,closed,billing,medium,email,emma.cole,1,
377,TCK-000377,38,42,2024-09-29,2024-09-30,closed,bug,low,in_app,jonas.becker,8,1
378,TCK-000378,38,42,2024-07-26,2024-07-27,solved,bug,medium,in_app,emma.cole,7,3
379,TCK-000379,38,42,2025-08-17,2025-08-17,solved,billing,medium,in_app,emma.cole,2,
380,TCK-000380,38,42,2023-02-17,2023-02-17,closed,feature_request,medium,email,jonas.becker,1,
381,TCK-000381,38,42,2025-09-19,2025-09-20,solved,how_to,urgent,chat,priya.shah,8,4
382,TCK-000382,38,42,2026-03-09,2026-03-10,closed,onboarding,medium,email,priya.shah,6,5
383,TCK-000383,38,42,2023-04-21,2023-04-21,solved,billing,medium,email,priya.shah,1,
384,TCK-000384,38,42,2024-04-08,2024-04-08,solved,bug,low,email,emma.cole,1,
385,TCK-000385,38,42,2023-10-31,2023-11-01,solved,billing,medium,in_app,emma.cole,6,5
386,TCK-000386,38,42,2023-03-09,2023-03-09,solved,bug,medium,email,priya.shah,4,
387,TCK-000387,38,42,2023-02-16,2023-02-16,solved,feature_request,low,chat,jonas.becker,2,1
388,TCK-000388,38,42,2025-06-02,2025-06-02,closed,bug,medium,email,priya.shah,3,2
389,TCK-000389,38,42,2024-12-27,2024-12-27,solved,feature_request,high,in_app,ava.nguyen,2,4
390,TCK-000390,38,42,2024-01-15,2024-01-15,solved,feature_request,medium,phone,marcus.holm,1,
391,TCK-000391,39,43,2024-05-27,2024-05-27,solved,bug,high,chat,emma.cole,2,5
392,TCK-000392,39,43,2026-02-16,2026-02-16,solved,billing,low,email,ava.nguyen,4,4
393,TCK-000393,39,43,2024-10-21,2024-10-21,closed,bug,medium,email,emma.cole,1,
394,TCK-000394,39,43,2025-03-01,2025-03-02,closed,how_to,low,email,jonas.becker,10,4
395,TCK-000395,39,43,2025-10-09,2025-10-09,solved,how_to,medium,email,ava.nguyen,1,5
396,TCK-000396,39,43,2026-07-31,2026-07-31,closed,bug,low,email,marcus.holm,4,4
397,TCK-000397,39,43,2025-06-10,2025-06-10,solved,onboarding,medium,in_app,emma.cole,1,5
398,TCK-000398,39,43,2025-09-04,2025-09-09,solved,bug,low,email,jonas.becker,47,5
399,TCK-000399,39,43,2025-12-11,2025-12-11,solved,how_to,high,in_app,priya.shah,1,
400,TCK-000400,39,43,2025-03-30,2025-03-30,closed,how_to,high,email,ava.nguyen,1,5
401,TCK-000401,39,43,2025-10-21,2025-10-21,solved,feature_request,high,in_app,jonas.becker,1,
402,TCK-000402,39,43,2024-09-25,2024-09-25,closed,billing,low,in_app,marcus.holm,1,4
403,TCK-000403,39,43,2026-05-11,2026-05-11,solved,how_to,low,phone,priya.shah,1,
404,TCK-000404,39,43,2025-04-28,2025-04-28,solved,how_to,high,email,emma.cole,1,3
405,TCK-000405,39,43,2026-01-03,2026-01-03,solved,billing,high,in_app,priya.shah,1,
406,TCK-000406,39,43,2024-05-01,,open,bug,medium,chat,jonas.becker,,
407,TCK-000407,40,44,2026-03-08,2026-03-08,solved,how_to,high,in_app,ava.nguyen,1,
408,TCK-000408,40,44,2025-08-02,2025-08-02,solved,outage,high,email,emma.cole,1,
409,TCK-000409,40,44,2025-08-21,2025-08-21,closed,how_to,urgent,email,priya.shah,1,
410,TCK-000410,40,44,2026-05-13,2026-05-13,closed,feature_request,medium,phone,priya.shah,3,3
411,TCK-000411,40,44,2025-11-11,2025-11-11,solved,onboarding,medium,email,jonas.becker,5,
412,TCK-000412,40,44,2025-09-11,2025-09-11,solved,how_to,high,in_app,marcus.holm,1,
413,TCK-000413,40,44,2026-05-16,2026-05-16,solved,how_to,medium,email,marcus.holm,1,4
414,TCK-000414,40,44,2026-03-18,2026-03-18,solved,bug,low,phone,jonas.becker,1,5
415,TCK-000415,40,44,2025-11-22,2025-11-22,solved,billing,low,in_app,jonas.becker,1,5
416,TCK-000416,41,45,2023-03-02,2023-03-02,solved,billing,low,in_app,priya.shah,1,5
417,TCK-000417,41,45,2023-03-02,2023-03-02,closed,feature_request,high,email,ava.nguyen,1,5
418,TCK-000418,41,45,2023-07-29,2023-07-29,solved,how_to,medium,chat,emma.cole,1,
419,TCK-000419,42,46,2025-11-19,2025-11-19,solved,feature_request,medium,email,ava.nguyen,1,
420,TCK-000420,42,46,2024-07-31,2024-07-31,solved,bug,high,in_app,emma.cole,2,
421,TCK-000421,42,46,2026-04-23,2026-04-23,solved,feature_request,medium,phone,priya.shah,1,2
422,TCK-000422,42,46,2022-12-08,2022-12-08,solved,how_to,medium,phone,jonas.becker,1,
423,TCK-000423,42,46,2022-08-02,2022-08-02,solved,bug,high,email,emma.cole,1,
424,TCK-000424,42,46,2025-09-06,2025-09-07,closed,how_to,medium,email,marcus.holm,2,
425,TCK-000425,42,46,2026-05-23,2026-05-23,solved,how_to,medium,email,priya.shah,2,
426,TCK-000426,42,46,2026-05-14,2026-05-14,solved,outage,urgent,email,ava.nguyen,2,5
427,TCK-000427,42,46,2023-11-25,2023-11-25,solved,feature_request,medium,chat,ava.nguyen,2,
428,TCK-000428,42,46,2026-07-31,2026-08-01,closed,billing,low,in_app,marcus.holm,5,5
429,TCK-000429,42,46,2026-03-16,2026-03-16,closed,billing,medium,email,jonas.becker,1,
430,TCK-000430,42,46,2022-11-22,2022-11-22,closed,how_to,medium,email,jonas.becker,1,
431,TCK-000431,42,46,2024-11-16,2024-11-18,closed,how_to,low,chat,ava.nguyen,12,
432,TCK-000432,42,46,2024-12-30,2024-12-30,solved,how_to,medium,in_app,ava.nguyen,1,5
433,TCK-000433,42,46,2022-10-08,2022-10-09,solved,billing,low,email,jonas.becker,7,4
434,TCK-000434,42,46,2023-05-02,2023-05-02,solved,how_to,high,email,ava.nguyen,1,2
435,TCK-000435,42,46,2022-10-06,2022-10-06,solved,billing,medium,email,jonas.becker,2,
436,TCK-000436,42,46,2023-04-02,2023-04-02,solved,billing,medium,chat,marcus.holm,1,
437,TCK-000437,42,46,2024-09-15,2024-09-16,solved,how_to,medium,email,priya.shah,8,2
438,TCK-000438,42,46,2025-10-18,2025-10-18,solved,feature_request,medium,chat,ava.nguyen,1,
439,TCK-000439,42,46,2024-10-01,2024-10-01,solved,bug,low,chat,jonas.becker,2,
440,TCK-000440,43,47,2024-03-09,2024-03-09,closed,billing,medium,in_app,ava.nguyen,1,2
441,TCK-000441,43,47,2022-10-19,2022-10-19,solved,how_to,medium,phone,emma.cole,5,
442,TCK-000442,43,47,2023-01-06,2023-01-06,solved,how_to,urgent,in_app,jonas.becker,5,
443,TCK-000443,43,47,2023-09-03,,open,bug,high,email,ava.nguyen,,
444,TCK-000444,43,47,2023-07-18,2023-07-18,solved,how_to,medium,in_app,priya.shah,4,
445,TCK-000445,43,47,2023-04-10,2023-04-10,closed,how_to,medium,email,jonas.becker,2,
446,TCK-000446,44,48,2026-08-13,2026-08-13,solved,how_to,urgent,in_app,jonas.becker,1,4
447,TCK-000447,44,48,2025-11-29,2025-11-29,solved,feature_request,low,phone,ava.nguyen,5,5
448,TCK-000448,44,48,2026-08-22,2026-08-23,solved,how_to,medium,email,marcus.holm,9,
449,TCK-000449,44,48,2026-01-17,2026-01-17,solved,bug,low,email,marcus.holm,2,
450,TCK-000450,44,48,2026-02-22,2026-02-22,solved,feature_request,high,chat,emma.cole,1,4
451,TCK-000451,44,48,2024-02-03,2024-02-03,closed,billing,low,chat,priya.shah,1,
452,TCK-000452,44,48,2024-09-14,2024-09-14,closed,bug,medium,email,marcus.holm,2,4
453,TCK-000453,44,48,2025-05-21,2025-05-21,solved,how_to,high,in_app,marcus.holm,1,
454,TCK-000454,44,48,2026-02-01,2026-02-01,solved,bug,low,phone,jonas.becker,3,
455,TCK-000455,44,48,2025-03-03,2025-03-03,solved,how_to,urgent,in_app,priya.shah,1,
456,TCK-000456,44,48,2025-06-16,2025-06-16,solved,how_to,low,in_app,jonas.becker,1,4
457,TCK-000457,44,48,2026-06-21,2026-06-22,solved,how_to,medium,chat,emma.cole,5,
458,TCK-000458,44,48,2024-04-22,2024-04-22,solved,billing,medium,in_app,priya.shah,1,
459,TCK-000459,44,48,2025-04-01,2025-04-01,closed,bug,low,in_app,jonas.becker,1,5
460,TCK-000460,44,48,2025-04-24,2025-04-24,solved,bug,medium,chat,priya.shah,1,
461,TCK-000461,44,48,2024-04-17,2024-04-17,solved,how_to,medium,email,jonas.becker,5,4
462,TCK-000462,44,48,2025-12-12,2025-12-12,closed,how_to,medium,email,jonas.becker,3,
463,TCK-000463,44,48,2025-05-09,2025-05-09,solved,bug,medium,in_app,jonas.becker,4,4
464,TCK-000464,44,48,2025-12-13,2025-12-13,solved,bug,high,email,ava.nguyen,1,3
465,TCK-000465,44,48,2026-07-18,,open,bug,high,in_app,ava.nguyen,4,
466,TCK-000466,46,50,2026-05-03,,open,bug,low,email,unassigned,,
467,TCK-000467,46,50,2026-04-10,,open,outage,urgent,email,jonas.becker,2,
468,TCK-000468,46,50,2025-07-19,2025-07-19,closed,feature_request,urgent,in_app,ava.nguyen,1,4
469,TCK-000469,46,50,2026-07-06,2026-07-06,solved,how_to,medium,email,priya.shah,4,
470,TCK-000470,46,50,2026-04-23,2026-04-23,solved,how_to,medium,email,jonas.becker,1,
471,TCK-000471,47,51,2026-03-03,2026-03-03,solved,onboarding,low,in_app,jonas.becker,1,
472,TCK-000472,47,51,2026-02-04,2026-02-05,solved,onboarding,medium,in_app,ava.nguyen,9,3
473,TCK-000473,47,51,2026-02-11,2026-02-11,solved,feature_request,medium,in_app,ava.nguyen,1,
474,TCK-000474,47,51,2026-07-08,2026-07-08,solved,bug,low,email,priya.shah,1,
475,TCK-000475,47,51,2026-01-21,2026-01-21,closed,feature_request,medium,email,jonas.becker,1,1
476,TCK-000476,48,52,2025-04-28,2025-04-28,solved,how_to,medium,in_app,ava.nguyen,1,
477,TCK-000477,48,52,2025-08-12,2025-08-12,solved,how_to,medium,email,marcus.holm,1,5
478,TCK-000478,48,52,2025-05-29,2025-05-29,solved,how_to,urgent,email,priya.shah,1,
479,TCK-000479,48,52,2025-12-01,2025-12-01,solved,how_to,urgent,in_app,emma.cole,1,
480,TCK-000480,48,52,2025-04-01,2025-04-01,solved,how_to,high,in_app,marcus.holm,1,
481,TCK-000481,48,52,2026-01-18,2026-01-18,solved,billing,low,in_app,marcus.holm,1,5
482,TCK-000482,48,52,2025-05-29,2025-05-29,solved,how_to,high,email,jonas.becker,1,
483,TCK-000483,49,53,2026-07-04,2026-07-04,solved,onboarding,medium,chat,emma.cole,3,
484,TCK-000484,50,54,2025-07-05,2025-07-06,solved,feature_request,medium,chat,jonas.becker,9,1
485,TCK-000485,50,54,2024-06-11,2024-06-11,solved,feature_request,high,email,jonas.becker,1,5
486,TCK-000486,50,54,2024-09-14,2024-09-17,solved,onboarding,medium,in_app,marcus.holm,30,4
487,TCK-000487,50,54,2024-08-20,2024-08-20,solved,bug,high,email,ava.nguyen,5,4
488,TCK-000488,50,54,2026-02-19,2026-02-19,solved,bug,low,chat,ava.nguyen,2,
489,TCK-000489,50,54,2025-09-07,2025-09-07,solved,feature_request,urgent,chat,ava.nguyen,1,3
490,TCK-000490,50,54,2024-04-24,2024-04-24,solved,how_to,medium,email,emma.cole,2,
491,TCK-000491,50,54,2024-05-18,,open,how_to,high,email,ava.nguyen,4,
492,TCK-000492,50,54,2025-10-20,2025-10-20,solved,how_to,medium,email,priya.shah,3,
493,TCK-000493,50,54,2026-01-07,2026-01-07,solved,bug,medium,in_app,ava.nguyen,2,
494,TCK-000494,50,54,2024-12-20,2024-12-20,solved,feature_request,low,phone,marcus.holm,2,
495,TCK-000495,50,54,2025-03-29,2025-03-29,solved,how_to,medium,in_app,jonas.becker,1,5
496,TCK-000496,51,55,2024-07-31,2024-08-01,solved,onboarding,medium,email,emma.cole,2,
497,TCK-000497,51,55,2025-08-28,2025-08-28,solved,feature_request,low,email,ava.nguyen,4,5
498,TCK-000498,51,55,2024-05-28,2024-05-31,solved,billing,low,in_app,marcus.holm,22,5
499,TCK-000499,51,55,2026-02-18,2026-02-18,solved,feature_request,urgent,email,ava.nguyen,1,5
500,TCK-000500,51,55,2024-05-26,2024-05-26,solved,billing,low,email,ava.nguyen,1,
501,TCK-000501,51,55,2025-06-28,,open,billing,low,chat,jonas.becker,4,
502,TCK-000502,51,55,2024-07-12,2024-07-12,solved,onboarding,high,in_app,emma.cole,1,5
503,TCK-000503,51,55,2025-04-23,2025-04-23,solved,feature_request,medium,phone,marcus.holm,1,
504,TCK-000504,51,55,2026-01-15,2026-01-15,solved,how_to,high,email,jonas.becker,1,
505,TCK-000505,52,56,2026-03-20,2026-03-20,closed,feature_request,low,chat,marcus.holm,1,5
506,TCK-000506,52,56,2025-03-05,2025-03-05,solved,bug,medium,email,ava.nguyen,1,5
507,TCK-000507,52,56,2025-09-04,2025-09-04,solved,how_to,low,email,jonas.becker,2,5
508,TCK-000508,52,56,2024-06-16,2024-06-16,solved,bug,low,in_app,priya.shah,1,
509,TCK-000509,52,56,2025-10-25,2025-10-25,closed,onboarding,low,email,marcus.holm,2,
510,TCK-000510,52,56,2024-04-28,2024-04-30,solved,bug,medium,in_app,marcus.holm,9,5
511,TCK-000511,52,56,2025-03-12,2025-03-12,solved,how_to,medium,chat,ava.nguyen,1,
512,TCK-000512,52,56,2026-05-01,2026-05-01,solved,billing,low,email,priya.shah,4,3
513,TCK-000513,52,56,2024-02-18,2024-02-18,closed,bug,low,chat,priya.shah,3,
514,TCK-000514,52,56,2024-01-15,2024-01-16,solved,bug,medium,email,priya.shah,12,4
515,TCK-000515,52,56,2025-03-10,,open,feature_request,high,email,jonas.becker,2,
516,TCK-000516,52,56,2025-10-09,2025-10-09,closed,bug,urgent,in_app,emma.cole,1,
517,TCK-000517,52,56,2023-12-05,2023-12-05,closed,how_to,medium,email,marcus.holm,2,
518,TCK-000518,52,56,2024-02-06,2024-02-06,solved,billing,low,phone,jonas.becker,2,
519,TCK-000519,52,56,2024-10-05,2024-10-05,solved,bug,medium,chat,jonas.becker,1,
520,TCK-000520,53,57,2023-11-01,2023-11-01,closed,how_to,medium,email,emma.cole,2,
521,TCK-000521,53,57,2023-05-11,2023-05-14,solved,feature_request,medium,email,jonas.becker,8,4
522,TCK-000522,53,57,2022-12-18,2022-12-18,closed,billing,medium,email,marcus.holm,1,
523,TCK-000523,53,57,2024-08-03,2024-08-03,solved,how_to,medium,chat,priya.shah,1,
524,TCK-000524,53,57,2022-11-24,2022-11-24,solved,bug,urgent,email,ava.nguyen,1,
525,TCK-000525,54,58,2023-08-12,2023-08-12,solved,onboarding,urgent,chat,ava.nguyen,1,
526,TCK-000526,54,58,2023-09-07,2023-09-07,solved,how_to,low,email,priya.shah,2,
527,TCK-000527,55,59,2026-03-08,2026-03-08,solved,feature_request,medium,email,priya.shah,1,5
528,TCK-000528,55,59,2025-10-11,2025-10-11,solved,bug,low,email,emma.cole,4,2
529,TCK-000529,55,59,2026-03-24,,open,onboarding,high,email,marcus.holm,,
530,TCK-000530,55,59,2026-02-11,2026-02-11,solved,billing,medium,email,marcus.holm,1,
531,TCK-000531,55,59,2026-02-24,2026-02-25,solved,feature_request,medium,in_app,ava.nguyen,2,
532,TCK-000532,55,59,2025-05-06,2025-05-06,solved,bug,medium,email,marcus.holm,1,
533,TCK-000533,55,59,2025-08-19,,open,onboarding,medium,in_app,marcus.holm,24,
534,TCK-000534,55,59,2026-06-27,2026-06-27,closed,billing,medium,email,priya.shah,2,
535,TCK-000535,55,59,2025-11-13,,open,bug,medium,email,jonas.becker,8,
536,TCK-000536,55,59,2025-09-04,2025-09-04,closed,billing,low,email,emma.cole,1,
537,TCK-000537,55,59,2025-12-09,2025-12-09,closed,feature_request,medium,in_app,jonas.becker,1,5
538,TCK-000538,55,59,2026-02-06,2026-02-06,solved,billing,low,email,emma.cole,1,1
539,TCK-000539,55,59,2026-03-21,2026-03-22,solved,onboarding,medium,in_app,ava.nguyen,6,
540,TCK-000540,55,59,2026-03-09,,open,how_to,high,email,priya.shah,2,
541,TCK-000541,55,59,2026-05-28,2026-05-28,solved,feature_request,medium,email,ava.nguyen,2,5
542,TCK-000542,55,59,2025-04-29,2025-04-30,solved,outage,high,in_app,emma.cole,3,
543,TCK-000543,56,60,2025-08-30,2025-08-30,solved,onboarding,medium,in_app,priya.shah,5,
544,TCK-000544,56,60,2026-01-05,2026-01-05,solved,bug,urgent,email,marcus.holm,1,5
545,TCK-000545,56,60,2025-10-07,2025-10-08,closed,how_to,high,in_app,emma.cole,10,
546,TCK-000546,56,60,2025-11-04,2025-11-04,closed,billing,low,in_app,marcus.holm,3,
547,TCK-000547,56,60,2025-11-22,2025-11-22,solved,feature_request,medium,chat,ava.nguyen,3,
548,TCK-000548,56,60,2026-03-25,2026-03-26,solved,how_to,medium,email,ava.nguyen,6,
549,TCK-000549,57,61,2025-04-02,2025-04-02,solved,how_to,medium,in_app,emma.cole,1,2
550,TCK-000550,57,61,2026-01-02,2026-01-02,solved,how_to,medium,in_app,ava.nguyen,1,2
551,TCK-000551,57,61,2025-11-16,2025-11-17,solved,bug,low,in_app,marcus.holm,5,5
552,TCK-000552,57,61,2025-07-07,2025-07-07,solved,billing,medium,email,priya.shah,1,2
553,TCK-000553,57,61,2024-09-20,2024-09-20,solved,bug,low,in_app,ava.nguyen,2,
554,TCK-000554,57,61,2025-12-20,2025-12-20,solved,feature_request,medium,chat,priya.shah,2,
555,TCK-000555,57,61,2025-10-24,2025-10-24,closed,how_to,medium,email,ava.nguyen,3,1
556,TCK-000556,57,61,2025-09-23,2025-09-23,solved,bug,medium,email,ava.nguyen,1,4
557,TCK-000557,57,61,2024-11-28,2024-11-28,closed,feature_request,medium,email,jonas.becker,1,4
558,TCK-000558,57,61,2026-06-07,2026-06-08,solved,feature_request,medium,email,jonas.becker,14,
559,TCK-000559,57,61,2025-08-13,2025-08-13,closed,bug,medium,email,jonas.becker,3,
560,TCK-000560,58,62,2026-07-25,2026-07-25,solved,billing,high,email,emma.cole,2,5
561,TCK-000561,58,62,2026-05-11,2026-05-11,solved,feature_request,high,email,marcus.holm,1,
562,TCK-000562,58,62,2026-06-29,2026-06-29,solved,feature_request,low,in_app,jonas.becker,1,
563,TCK-000563,58,62,2026-02-26,2026-02-26,solved,feature_request,medium,phone,priya.shah,1,5
564,TCK-000564,59,63,2025-12-02,2025-12-02,solved,bug,urgent,email,ava.nguyen,1,
565,TCK-000565,59,63,2025-06-30,2025-07-01,solved,bug,medium,chat,priya.shah,5,
566,TCK-000566,59,63,2025-07-23,2025-07-25,solved,bug,low,chat,emma.cole,12,4
567,TCK-000567,59,63,2026-04-22,2026-04-22,solved,bug,medium,in_app,jonas.becker,2,
568,TCK-000568,59,63,2026-06-06,,open,how_to,medium,in_app,ava.nguyen,8,
569,TCK-000569,59,63,2026-03-20,2026-03-20,solved,bug,low,chat,emma.cole,4,4
570,TCK-000570,59,63,2025-08-05,2025-08-06,solved,billing,low,email,emma.cole,5,
571,TCK-000571,59,63,2026-02-22,2026-02-22,closed,how_to,medium,chat,marcus.holm,1,
572,TCK-000572,59,63,2026-06-11,,open,how_to,low,chat,ava.nguyen,2,
573,TCK-000573,59,63,2026-07-28,2026-07-28,solved,billing,low,in_app,jonas.becker,1,5
574,TCK-000574,59,63,2026-01-23,2026-01-23,solved,bug,medium,chat,emma.cole,1,
575,TCK-000575,59,63,2025-11-14,,open,feature_request,high,in_app,emma.cole,,
576,TCK-000576,59,63,2025-09-07,2025-09-07,solved,billing,high,in_app,emma.cole,4,3
577,TCK-000577,59,63,2025-10-16,2025-10-16,solved,onboarding,high,email,emma.cole,1,1
578,TCK-000578,59,63,2025-12-03,,open,how_to,medium,email,unassigned,2,
579,TCK-000579,59,63,2026-07-12,2026-07-12,closed,how_to,medium,in_app,emma.cole,1,
580,TCK-000580,59,63,2026-01-17,2026-01-17,solved,how_to,high,phone,marcus.holm,1,4
581,TCK-000581,61,65,2025-04-29,2025-04-29,solved,how_to,low,phone,priya.shah,1,
582,TCK-000582,61,65,2026-01-02,2026-01-02,closed,how_to,medium,in_app,priya.shah,1,5
583,TCK-000583,61,65,2026-01-01,2026-01-01,solved,onboarding,high,phone,ava.nguyen,1,
584,TCK-000584,61,65,2025-08-16,2025-08-16,solved,outage,urgent,email,marcus.holm,1,
585,TCK-000585,61,65,2025-03-19,2025-03-19,solved,billing,low,email,emma.cole,3,
586,TCK-000586,61,65,2025-09-16,2025-09-16,solved,bug,urgent,in_app,marcus.holm,1,4
587,TCK-000587,61,65,2025-04-20,2025-04-20,closed,feature_request,low,email,ava.nguyen,1,
588,TCK-000588,62,66,2026-08-23,,open,onboarding,medium,email,emma.cole,2,
589,TCK-000589,62,66,2026-03-04,2026-03-04,closed,feature_request,medium,phone,marcus.holm,2,
590,TCK-000590,62,66,2026-08-19,2026-08-20,solved,feature_request,medium,email,ava.nguyen,2,
591,TCK-000591,62,66,2026-04-07,2026-04-07,solved,outage,urgent,in_app,ava.nguyen,1,3
592,TCK-000592,62,66,2026-04-20,2026-04-20,solved,onboarding,medium,in_app,jonas.becker,1,
593,TCK-000593,63,67,2025-12-06,2025-12-06,solved,billing,medium,in_app,ava.nguyen,2,5
594,TCK-000594,63,67,2025-11-23,2025-11-23,solved,how_to,high,in_app,emma.cole,1,
595,TCK-000595,63,67,2026-06-20,2026-06-21,solved,feature_request,low,in_app,marcus.holm,4,
596,TCK-000596,66,70,2025-10-09,2025-10-09,closed,how_to,high,phone,jonas.becker,1,2
597,TCK-000597,66,70,2026-02-06,2026-02-06,solved,how_to,medium,chat,marcus.holm,1,5
598,TCK-000598,66,70,2026-02-17,2026-02-17,closed,feature_request,medium,email,priya.shah,1,2
599,TCK-000599,66,70,2025-11-07,2025-11-07,closed,billing,low,in_app,emma.cole,1,
600,TCK-000600,67,71,2026-04-12,2026-04-12,solved,bug,low,email,emma.cole,2,
601,TCK-000601,67,71,2026-06-20,2026-06-20,closed,how_to,low,in_app,priya.shah,2,
602,TCK-000602,67,71,2026-07-21,2026-07-22,solved,bug,medium,in_app,emma.cole,3,
603,TCK-000603,67,71,2026-04-28,2026-04-28,solved,how_to,low,email,marcus.holm,1,
604,TCK-000604,68,72,2025-11-11,2025-11-11,solved,bug,low,chat,jonas.becker,3,
605,TCK-000605,68,72,2025-11-30,2025-11-30,solved,feature_request,low,email,emma.cole,1,
606,TCK-000606,68,72,2026-05-27,2026-05-27,solved,bug,high,email,marcus.holm,2,
607,TCK-000607,68,72,2026-03-14,2026-03-14,closed,bug,medium,in_app,priya.shah,4,
608,TCK-000608,68,72,2025-09-23,2025-09-23,solved,feature_request,low,email,jonas.becker,1,
609,TCK-000609,68,72,2026-03-05,2026-03-05,solved,bug,medium,in_app,jonas.becker,2,
610,TCK-000610,69,73,2023-10-05,,open,how_to,medium,in_app,priya.shah,2,
611,TCK-000611,69,73,2024-02-15,2024-02-15,solved,feature_request,medium,email,jonas.becker,1,
612,TCK-000612,69,73,2024-06-30,2024-06-30,solved,bug,medium,email,marcus.holm,3,
613,TCK-000613,69,73,2024-05-13,2024-05-13,solved,feature_request,low,in_app,emma.cole,1,5
614,TCK-000614,69,73,2023-10-27,2023-10-28,solved,how_to,high,email,jonas.becker,8,
615,TCK-000615,69,73,2024-06-16,2024-06-16,solved,how_to,high,email,marcus.holm,2,
616,TCK-000616,70,74,2023-08-16,2023-08-16,solved,bug,medium,email,ava.nguyen,1,
617,TCK-000617,70,74,2023-09-04,2023-09-04,solved,feature_request,low,in_app,jonas.becker,1,
618,TCK-000618,70,74,2023-10-02,2023-10-02,solved,bug,low,in_app,ava.nguyen,1,4
619,TCK-000619,70,74,2023-10-06,2023-10-06,solved,bug,high,email,priya.shah,1,
620,TCK-000620,70,74,2023-09-05,2023-09-05,closed,how_to,medium,chat,marcus.holm,1,
621,TCK-000621,71,75,2026-08-26,,open,bug,medium,in_app,jonas.becker,4,
622,TCK-000622,72,76,2023-05-20,,open,onboarding,medium,in_app,priya.shah,2,
623,TCK-000623,72,76,2024-05-07,2024-05-07,solved,feature_request,medium,email,ava.nguyen,4,
624,TCK-000624,72,76,2023-12-03,2023-12-03,solved,billing,low,in_app,priya.shah,1,
625,TCK-000625,72,76,2024-02-24,2024-02-25,solved,how_to,low,email,jonas.becker,5,2
626,TCK-000626,72,76,2023-06-05,2023-06-05,solved,billing,high,in_app,marcus.holm,1,5
627,TCK-000627,72,76,2024-02-14,2024-02-14,solved,billing,medium,chat,ava.nguyen,3,
628,TCK-000628,72,76,2023-08-22,,open,feature_request,medium,chat,priya.shah,24,
629,TCK-000629,72,76,2023-07-06,2023-07-06,closed,onboarding,high,email,priya.shah,1,5
630,TCK-000630,72,76,2023-01-22,2023-01-22,solved,onboarding,medium,email,emma.cole,1,
631,TCK-000631,72,76,2023-10-19,,open,bug,medium,in_app,ava.nguyen,2,
632,TCK-000632,73,77,2025-08-25,2025-08-26,solved,bug,medium,chat,emma.cole,10,
633,TCK-000633,73,77,2025-01-13,2025-01-17,solved,billing,low,chat,priya.shah,17,5
634,TCK-000634,73,77,2024-08-31,,open,billing,low,in_app,priya.shah,,
635,TCK-000635,73,77,2025-10-03,2025-10-03,solved,how_to,medium,email,priya.shah,1,
636,TCK-000636,74,78,2023-07-01,2023-07-01,solved,how_to,medium,email,marcus.holm,1,
637,TCK-000637,74,78,2023-06-02,,open,how_to,high,email,unassigned,,
638,TCK-000638,74,79,2024-08-21,2024-08-22,solved,bug,medium,email,ava.nguyen,8,5
639,TCK-000639,74,79,2024-06-19,2024-06-19,solved,bug,medium,email,marcus.holm,1,4
640,TCK-000640,74,78,2023-08-02,2023-08-02,solved,onboarding,medium,chat,jonas.becker,1,4
641,TCK-000641,74,79,2024-06-08,2024-06-08,solved,how_to,low,in_app,jonas.becker,1,
642,TCK-000642,74,78,2023-07-03,2023-07-03,solved,bug,low,email,jonas.becker,1,
643,TCK-000643,74,78,2023-07-16,2023-07-16,solved,bug,medium,chat,emma.cole,1,1
644,TCK-000644,74,79,2024-08-04,2024-08-04,solved,feature_request,high,phone,jonas.becker,1,4
645,TCK-000645,74,,2023-09-30,2023-10-04,solved,onboarding,low,chat,emma.cole,25,3
646,TCK-000646,74,,2023-10-25,2023-10-25,closed,onboarding,urgent,chat,ava.nguyen,1,2
647,TCK-000647,74,,2023-11-02,2023-11-03,solved,how_to,medium,in_app,ava.nguyen,13,
648,TCK-000648,74,79,2024-08-16,2024-08-19,closed,bug,medium,email,marcus.holm,16,
649,TCK-000649,74,79,2024-02-25,2024-02-26,solved,how_to,medium,email,marcus.holm,1,
650,TCK-000650,74,79,2024-08-04,2024-08-06,solved,bug,low,email,priya.shah,20,3
651,TCK-000651,74,,2023-11-29,2023-11-29,closed,bug,low,email,emma.cole,1,
652,TCK-000652,74,,2023-12-14,2023-12-14,solved,feature_request,high,email,marcus.holm,1,1
653,TCK-000653,74,,2023-12-03,2023-12-03,closed,bug,low,email,priya.shah,1,
654,TCK-000654,74,78,2023-06-02,,open,bug,high,email,marcus.holm,4,
655,TCK-000655,74,79,2024-03-29,2024-03-29,closed,billing,medium,chat,emma.cole,5,5
656,TCK-000656,74,78,2023-08-17,2023-08-17,solved,feature_request,medium,email,marcus.holm,1,
657,TCK-000657,74,79,2023-12-18,2023-12-18,solved,bug,low,chat,emma.cole,2,5
658,TCK-000658,74,79,2024-06-21,2024-06-21,closed,how_to,medium,in_app,priya.shah,1,
659,TCK-000659,74,78,2023-06-16,2023-06-16,solved,how_to,medium,email,jonas.becker,1,4
660,TCK-000660,74,79,2024-01-09,2024-01-09,closed,how_to,low,in_app,jonas.becker,2,
661,TCK-000661,74,,2023-11-20,2023-11-20,solved,billing,medium,email,jonas.becker,3,5
662,TCK-000662,75,80,2025-12-28,2025-12-28,solved,how_to,medium,email,jonas.becker,2,4
663,TCK-000663,76,81,2025-04-04,2025-04-04,closed,feature_request,medium,in_app,priya.shah,1,
664,TCK-000664,76,81,2025-10-26,2025-10-26,solved,billing,medium,phone,priya.shah,1,
665,TCK-000665,76,81,2026-07-05,2026-07-05,closed,feature_request,medium,email,emma.cole,1,
666,TCK-000666,76,81,2026-07-26,2026-07-26,solved,feature_request,low,email,priya.shah,1,5
667,TCK-000667,76,81,2025-07-21,2025-07-21,solved,bug,low,in_app,ava.nguyen,4,
668,TCK-000668,76,81,2025-10-26,2025-10-26,closed,how_to,low,phone,marcus.holm,1,
669,TCK-000669,76,81,2025-07-28,2025-07-28,solved,bug,high,in_app,emma.cole,2,
670,TCK-000670,76,81,2026-06-10,2026-06-10,closed,feature_request,medium,email,marcus.holm,1,
671,TCK-000671,76,81,2026-04-17,2026-04-17,solved,feature_request,urgent,email,priya.shah,1,
672,TCK-000672,76,81,2026-06-08,2026-06-08,solved,feature_request,urgent,chat,priya.shah,1,
673,TCK-000673,77,82,2024-11-15,2024-11-15,closed,how_to,low,in_app,priya.shah,1,
674,TCK-000674,77,82,2026-08-08,2026-08-08,closed,bug,medium,in_app,emma.cole,5,
675,TCK-000675,77,82,2026-02-19,2026-02-19,solved,onboarding,medium,chat,jonas.becker,1,
676,TCK-000676,77,82,2025-10-09,2025-10-09,solved,how_to,low,in_app,marcus.holm,1,
677,TCK-000677,78,83,2023-07-21,2023-07-21,solved,onboarding,low,email,emma.cole,3,5
678,TCK-000678,78,83,2023-10-26,2023-10-26,solved,feature_request,medium,phone,ava.nguyen,4,
679,TCK-000679,78,83,2023-09-30,2023-09-30,solved,outage,urgent,phone,marcus.holm,2,
680,TCK-000680,78,83,2023-06-10,2023-06-10,closed,how_to,medium,chat,ava.nguyen,1,
681,TCK-000681,78,83,2023-10-16,,open,how_to,medium,in_app,emma.cole,2,
682,TCK-000682,79,84,2026-01-01,2026-01-02,solved,how_to,medium,chat,priya.shah,2,5
683,TCK-000683,79,84,2026-07-14,2026-07-15,solved,bug,low,in_app,ava.nguyen,9,5
684,TCK-000684,80,85,2026-03-19,2026-03-19,solved,how_to,medium,in_app,jonas.becker,1,
685,TCK-000685,80,85,2026-01-23,2026-01-23,solved,onboarding,low,email,ava.nguyen,1,5
686,TCK-000686,80,85,2025-11-23,2025-11-23,solved,feature_request,low,in_app,priya.shah,1,
687,TCK-000687,80,85,2026-08-02,2026-08-02,solved,onboarding,medium,email,ava.nguyen,1,4
688,TCK-000688,80,85,2026-08-03,2026-08-03,closed,bug,medium,email,emma.cole,1,4
689,TCK-000689,81,86,2026-07-30,2026-07-30,solved,onboarding,medium,email,marcus.holm,1,
690,TCK-000690,81,86,2025-08-28,2025-08-28,closed,how_to,urgent,email,ava.nguyen,1,4
691,TCK-000691,81,86,2025-10-16,2025-10-16,solved,how_to,low,email,ava.nguyen,1,
692,TCK-000692,81,86,2026-01-27,2026-01-27,solved,onboarding,low,chat,marcus.holm,4,1
693,TCK-000693,81,86,2026-03-27,2026-03-27,solved,billing,medium,chat,priya.shah,4,5
694,TCK-000694,81,86,2026-05-27,2026-05-27,closed,how_to,urgent,chat,ava.nguyen,4,
695,TCK-000695,81,86,2026-01-06,2026-01-06,solved,how_to,medium,in_app,jonas.becker,3,
696,TCK-000696,81,86,2025-10-27,2025-10-27,solved,how_to,medium,email,ava.nguyen,1,
697,TCK-000697,82,87,2026-07-08,2026-07-08,solved,bug,high,chat,jonas.becker,1,
698,TCK-000698,82,87,2026-06-22,2026-06-22,closed,how_to,high,chat,ava.nguyen,6,
699,TCK-000699,83,88,2025-04-03,,open,bug,medium,phone,marcus.holm,24,
700,TCK-000700,83,88,2025-08-06,2025-08-06,closed,bug,medium,email,emma.cole,1,
701,TCK-000701,83,88,2025-09-28,2025-09-28,solved,feature_request,medium,in_app,jonas.becker,4,5
702,TCK-000702,83,88,2025-07-30,2025-07-31,closed,outage,urgent,email,ava.nguyen,1,
703,TCK-000703,85,90,2025-02-21,2025-02-21,closed,feature_request,urgent,in_app,priya.shah,1,4
704,TCK-000704,85,90,2023-10-09,2023-10-10,closed,bug,medium,email,marcus.holm,2,
705,TCK-000705,85,90,2023-11-04,2023-11-06,closed,bug,medium,email,ava.nguyen,7,
706,TCK-000706,85,90,2024-08-13,2024-08-13,closed,how_to,low,in_app,priya.shah,1,5
707,TCK-000707,85,90,2026-03-20,2026-03-20,solved,bug,urgent,phone,ava.nguyen,1,
708,TCK-000708,85,90,2024-04-09,2024-04-09,solved,bug,high,email,emma.cole,1,4
709,TCK-000709,85,90,2023-10-10,,open,how_to,high,email,emma.cole,,
710,TCK-000710,85,90,2026-06-03,2026-06-03,closed,how_to,medium,email,priya.shah,1,
711,TCK-000711,85,90,2026-05-07,2026-05-07,closed,how_to,high,email,jonas.becker,1,5
712,TCK-000712,85,90,2026-07-16,2026-07-16,solved,onboarding,low,email,emma.cole,5,1
713,TCK-000713,85,90,2026-05-27,2026-05-28,solved,feature_request,low,chat,jonas.becker,6,4
714,TCK-000714,85,90,2023-11-24,,open,how_to,medium,email,emma.cole,8,
715,TCK-000715,85,90,2023-12-26,,open,how_to,low,in_app,jonas.becker,,
716,TCK-000716,85,90,2025-10-26,2025-10-26,closed,outage,high,email,marcus.holm,2,
717,TCK-000717,85,90,2025-04-19,2025-04-19,solved,how_to,high,email,priya.shah,1,
718,TCK-000718,85,90,2025-03-01,2025-03-01,closed,bug,medium,email,jonas.becker,3,
719,TCK-000719,85,90,2025-02-26,,open,billing,medium,in_app,marcus.holm,,
720,TCK-000720,86,91,2026-03-15,2026-03-15,solved,how_to,medium,in_app,ava.nguyen,3,4
721,TCK-000721,86,91,2025-05-11,,open,feature_request,low,chat,priya.shah,,
722,TCK-000722,86,91,2025-04-12,2025-04-12,solved,how_to,low,email,marcus.holm,3,5
723,TCK-000723,86,91,2025-06-07,2025-06-07,solved,billing,low,email,jonas.becker,1,5
724,TCK-000724,86,91,2025-06-21,2025-06-21,solved,how_to,medium,in_app,jonas.becker,1,3
725,TCK-000725,86,91,2026-08-30,2026-08-30,solved,how_to,medium,in_app,jonas.becker,4,
726,TCK-000726,86,91,2026-07-02,2026-07-02,solved,bug,low,email,ava.nguyen,1,
727,TCK-000727,86,91,2025-02-24,2025-02-24,solved,how_to,medium,in_app,ava.nguyen,1,
728,TCK-000728,86,91,2026-04-16,2026-04-16,closed,how_to,medium,in_app,priya.shah,3,
729,TCK-000729,86,91,2025-10-10,2025-10-10,closed,onboarding,medium,email,ava.nguyen,3,2
730,TCK-000730,86,91,2025-03-27,,open,billing,medium,email,unassigned,8,
731,TCK-000731,86,91,2025-11-23,2025-11-23,closed,onboarding,high,in_app,jonas.becker,1,
732,TCK-000732,86,91,2026-03-30,2026-03-30,solved,feature_request,high,in_app,marcus.holm,1,
733,TCK-000733,86,91,2026-07-26,2026-07-26,closed,bug,high,in_app,priya.shah,1,4
734,TCK-000734,86,91,2025-09-26,2025-09-28,closed,bug,medium,chat,marcus.holm,9,5
735,TCK-000735,88,93,2026-01-22,2026-01-23,solved,bug,low,email,ava.nguyen,7,
736,TCK-000736,88,93,2025-04-01,2025-04-01,solved,bug,low,phone,priya.shah,1,3
737,TCK-000737,88,93,2025-04-18,2025-04-18,solved,billing,low,chat,marcus.holm,1,
738,TCK-000738,88,93,2025-11-25,2025-11-25,solved,onboarding,medium,phone,marcus.holm,1,
739,TCK-000739,88,93,2025-05-04,2025-05-04,solved,feature_request,medium,in_app,jonas.becker,1,
740,TCK-000740,89,94,2025-07-28,2025-07-28,closed,outage,high,in_app,ava.nguyen,1,
741,TCK-000741,89,94,2025-09-10,2025-09-10,solved,how_to,low,in_app,priya.shah,1,5
742,TCK-000742,89,94,2026-04-03,2026-04-03,closed,billing,medium,email,ava.nguyen,1,
743,TCK-000743,89,94,2025-08-01,2025-08-01,closed,bug,medium,in_app,priya.shah,1,
744,TCK-000744,89,94,2025-05-20,2025-05-20,solved,onboarding,medium,email,marcus.holm,1,
745,TCK-000745,89,94,2025-02-04,2025-02-05,solved,how_to,low,email,marcus.holm,4,3
746,TCK-000746,89,94,2025-06-19,2025-06-19,solved,how_to,medium,chat,emma.cole,1,3
747,TCK-000747,89,94,2026-02-03,2026-02-03,solved,how_to,low,email,emma.cole,5,
748,TCK-000748,89,94,2026-04-10,2026-04-10,solved,feature_request,low,email,ava.nguyen,1,
749,TCK-000749,89,94,2026-03-30,2026-03-30,closed,bug,medium,in_app,jonas.becker,1,
750,TCK-000750,89,94,2026-08-25,2026-08-25,solved,bug,high,chat,emma.cole,1,
751,TCK-000751,89,94,2025-07-07,2025-07-07,solved,how_to,medium,email,jonas.becker,3,
752,TCK-000752,90,95,2026-04-27,2026-04-27,solved,feature_request,urgent,in_app,jonas.becker,1,
753,TCK-000753,90,95,2025-03-29,,open,outage,urgent,chat,priya.shah,24,
754,TCK-000754,90,95,2025-07-18,2025-07-18,solved,feature_request,medium,chat,emma.cole,1,3
755,TCK-000755,90,95,2025-07-09,2025-07-09,solved,how_to,low,email,jonas.becker,1,3
756,TCK-000756,90,95,2025-03-08,2025-03-08,solved,onboarding,medium,email,emma.cole,2,5
757,TCK-000757,90,95,2026-04-28,2026-04-28,solved,bug,urgent,in_app,marcus.holm,1,5
758,TCK-000758,90,95,2025-06-07,2025-06-07,solved,billing,low,chat,jonas.becker,1,
759,TCK-000759,90,95,2025-05-18,2025-05-18,solved,billing,low,chat,priya.shah,1,2
760,TCK-000760,90,95,2026-03-07,2026-03-07,solved,onboarding,medium,email,priya.shah,1,4
761,TCK-000761,91,96,2025-12-22,2025-12-22,solved,onboarding,medium,email,marcus.holm,4,
762,TCK-000762,91,96,2024-09-09,2024-09-10,solved,how_to,medium,in_app,jonas.becker,8,5
763,TCK-000763,91,96,2024-10-10,2024-10-10,closed,onboarding,high,phone,jonas.becker,1,4
764,TCK-000764,91,96,2024-08-11,2024-08-11,solved,how_to,medium,email,marcus.holm,1,
765,TCK-000765,91,96,2026-06-07,,open,bug,medium,email,marcus.holm,24,
766,TCK-000766,91,96,2025-10-21,,open,onboarding,medium,email,ava.nguyen,24,
767,TCK-000767,91,96,2024-02-12,2024-02-12,solved,outage,urgent,chat,ava.nguyen,1,
768,TCK-000768,91,96,2023-11-27,2023-11-28,solved,bug,low,email,emma.cole,4,
769,TCK-000769,91,96,2023-09-18,,open,feature_request,medium,chat,jonas.becker,2,
770,TCK-000770,91,96,2023-07-18,2023-07-18,solved,bug,urgent,in_app,ava.nguyen,1,
771,TCK-000771,91,96,2026-06-18,2026-06-19,solved,billing,medium,email,jonas.becker,4,4
772,TCK-000772,91,96,2024-11-23,2024-11-23,closed,how_to,high,email,marcus.holm,1,
773,TCK-000773,91,96,2025-08-10,2025-08-10,solved,how_to,low,chat,jonas.becker,5,5
774,TCK-000774,91,96,2025-01-23,2025-01-23,solved,feature_request,medium,in_app,priya.shah,1,
775,TCK-000775,91,96,2024-06-11,2024-06-11,solved,onboarding,low,in_app,priya.shah,1,
776,TCK-000776,91,96,2026-04-21,2026-04-22,solved,feature_request,medium,in_app,ava.nguyen,9,
777,TCK-000777,91,96,2024-03-06,2024-03-06,closed,feature_request,low,chat,jonas.becker,1,
778,TCK-000778,91,96,2026-05-14,2026-05-14,solved,feature_request,low,email,marcus.holm,1,4
779,TCK-000779,91,96,2026-01-20,2026-01-22,solved,feature_request,medium,in_app,marcus.holm,4,5
780,TCK-000780,91,96,2025-05-31,2025-05-31,closed,outage,high,chat,emma.cole,2,4
781,TCK-000781,91,96,2026-05-27,2026-05-27,solved,bug,high,email,emma.cole,1,5
782,TCK-000782,91,96,2025-09-05,2025-09-05,solved,how_to,medium,email,emma.cole,2,
783,TCK-000783,91,96,2023-07-26,2023-07-26,solved,how_to,medium,email,priya.shah,1,
784,TCK-000784,91,96,2026-06-02,2026-06-02,solved,how_to,urgent,in_app,jonas.becker,1,4
785,TCK-000785,91,96,2025-01-24,2025-01-24,closed,how_to,medium,chat,emma.cole,1,
786,TCK-000786,91,96,2026-07-06,2026-07-06,solved,how_to,low,in_app,jonas.becker,1,5
787,TCK-000787,91,96,2026-02-20,2026-02-20,solved,feature_request,high,chat,marcus.holm,1,1
788,TCK-000788,91,96,2023-10-09,2023-10-09,closed,feature_request,high,chat,priya.shah,1,
789,TCK-000789,91,96,2026-08-25,2026-08-25,solved,bug,urgent,phone,jonas.becker,1,
790,TCK-000790,91,96,2026-05-18,2026-05-18,closed,bug,low,in_app,ava.nguyen,1,4
791,TCK-000791,92,97,2024-01-20,2024-01-20,solved,how_to,urgent,in_app,marcus.holm,1,4
792,TCK-000792,92,97,2024-06-08,2024-06-09,solved,onboarding,low,in_app,jonas.becker,7,4
793,TCK-000793,92,97,2024-11-09,2024-11-11,solved,bug,medium,email,ava.nguyen,12,5
794,TCK-000794,92,97,2024-10-12,2024-10-12,solved,onboarding,high,in_app,ava.nguyen,1,
795,TCK-000795,92,97,2023-12-13,,open,billing,low,email,jonas.becker,4,
796,TCK-000796,92,97,2023-12-08,2023-12-08,solved,bug,low,email,ava.nguyen,2,
797,TCK-000797,92,97,2023-09-08,2023-09-09,solved,bug,low,in_app,marcus.holm,6,
798,TCK-000798,92,97,2024-04-14,2024-04-14,solved,bug,low,in_app,ava.nguyen,1,
799,TCK-000799,93,98,2023-06-15,2023-06-15,solved,how_to,low,in_app,priya.shah,1,3
800,TCK-000800,93,98,2026-03-19,2026-03-19,solved,feature_request,low,chat,priya.shah,1,
801,TCK-000801,93,98,2025-06-03,2025-06-03,closed,billing,high,phone,emma.cole,1,
802,TCK-000802,93,98,2024-12-20,2024-12-20,solved,bug,low,email,priya.shah,1,
803,TCK-000803,93,98,2025-04-25,2025-04-25,solved,bug,low,email,emma.cole,1,
804,TCK-000804,93,98,2023-08-20,2023-08-20,solved,outage,high,in_app,marcus.holm,1,4
805,TCK-000805,93,98,2025-04-05,2025-04-05,solved,how_to,low,email,jonas.becker,1,
806,TCK-000806,93,98,2025-09-11,2025-09-11,solved,bug,urgent,email,jonas.becker,1,5
807,TCK-000807,93,98,2023-03-31,2023-03-31,solved,how_to,low,email,marcus.holm,1,
808,TCK-000808,93,98,2025-06-30,2025-06-30,solved,bug,urgent,email,marcus.holm,2,5
809,TCK-000809,93,98,2025-07-30,2025-07-31,solved,how_to,low,email,marcus.holm,4,5
810,TCK-000810,93,98,2025-06-04,2025-06-04,solved,billing,medium,in_app,jonas.becker,2,
811,TCK-000811,93,98,2023-06-22,2023-06-23,solved,billing,low,in_app,jonas.becker,1,5
812,TCK-000812,93,98,2025-01-27,2025-01-27,closed,how_to,urgent,email,jonas.becker,1,3
813,TCK-000813,93,98,2026-06-19,2026-06-20,solved,feature_request,medium,in_app,marcus.holm,6,5
814,TCK-000814,93,98,2026-04-28,2026-04-28,solved,bug,low,email,emma.cole,4,5
815,TCK-000815,93,98,2024-12-22,2024-12-22,solved,how_to,medium,email,priya.shah,1,4
816,TCK-000816,93,98,2025-08-22,2025-08-22,solved,how_to,medium,chat,priya.shah,1,
817,TCK-000817,93,98,2025-05-26,2025-05-26,solved,how_to,medium,in_app,marcus.holm,1,2
818,TCK-000818,93,98,2026-02-27,2026-02-28,closed,billing,medium,email,marcus.holm,12,4
819,TCK-000819,93,98,2024-12-27,,open,billing,low,in_app,emma.cole,24,
820,TCK-000820,93,98,2023-09-13,2023-09-13,solved,bug,high,email,jonas.becker,1,
821,TCK-000821,93,98,2026-02-09,2026-02-09,closed,bug,high,email,jonas.becker,1,
822,TCK-000822,93,98,2023-12-25,2023-12-25,solved,how_to,high,in_app,priya.shah,2,
823,TCK-000823,93,98,2025-09-10,2025-09-10,solved,feature_request,low,in_app,ava.nguyen,1,5
824,TCK-000824,93,98,2026-04-22,2026-04-22,solved,billing,medium,in_app,priya.shah,2,
825,TCK-000825,93,98,2023-06-07,2023-06-07,solved,billing,medium,chat,emma.cole,1,4
826,TCK-000826,93,98,2023-11-17,2023-11-17,solved,onboarding,medium,chat,jonas.becker,2,4
827,TCK-000827,93,98,2025-06-03,2025-06-03,solved,bug,urgent,email,ava.nguyen,1,
828,TCK-000828,93,98,2025-10-28,2025-10-28,closed,billing,low,email,jonas.becker,1,
829,TCK-000829,93,98,2026-08-13,2026-08-13,solved,how_to,high,email,marcus.holm,1,5
830,TCK-000830,93,98,2025-05-08,2025-05-08,solved,billing,low,chat,priya.shah,1,5
831,TCK-000831,93,98,2023-09-07,2023-09-07,solved,billing,high,email,priya.shah,1,5
832,TCK-000832,93,98,2024-03-06,2024-03-06,closed,feature_request,high,email,jonas.becker,2,
833,TCK-000833,93,98,2024-03-21,2024-03-22,solved,bug,medium,chat,jonas.becker,11,
834,TCK-000834,93,98,2023-09-06,2023-09-06,solved,how_to,medium,email,jonas.becker,2,5
835,TCK-000835,93,98,2024-03-04,2024-03-04,solved,onboarding,urgent,in_app,marcus.holm,1,
836,TCK-000836,93,98,2024-01-28,2024-01-28,closed,outage,urgent,email,priya.shah,4,4
837,TCK-000837,93,98,2023-08-14,,open,feature_request,low,in_app,unassigned,24,
838,TCK-000838,93,98,2026-05-31,2026-05-31,solved,onboarding,medium,in_app,emma.cole,3,5
839,TCK-000839,93,98,2023-03-21,2023-03-22,closed,onboarding,low,chat,emma.cole,7,
840,TCK-000840,93,98,2025-03-08,2025-03-09,solved,how_to,low,email,jonas.becker,2,4
841,TCK-000841,93,98,2026-06-05,2026-06-05,closed,how_to,low,in_app,emma.cole,1,4
842,TCK-000842,93,98,2025-01-27,2025-01-27,solved,outage,urgent,in_app,priya.shah,1,
843,TCK-000843,93,98,2023-03-16,2023-03-16,solved,how_to,urgent,email,marcus.holm,1,4
844,TCK-000844,93,98,2025-08-06,2025-08-06,closed,onboarding,high,email,marcus.holm,1,
845,TCK-000845,93,98,2026-05-30,2026-05-30,solved,outage,urgent,email,emma.cole,1,
846,TCK-000846,93,98,2023-10-29,2023-10-30,solved,how_to,medium,in_app,ava.nguyen,2,
847,TCK-000847,93,98,2024-09-03,2024-09-03,solved,how_to,medium,email,ava.nguyen,1,
848,TCK-000848,94,99,2026-08-16,2026-08-16,solved,how_to,medium,email,marcus.holm,1,3
849,TCK-000849,94,99,2025-03-22,2025-03-25,solved,how_to,medium,phone,ava.nguyen,17,5
850,TCK-000850,94,99,2025-01-11,2025-01-11,closed,bug,low,email,priya.shah,1,
851,TCK-000851,94,99,2024-09-05,2024-09-05,closed,bug,urgent,email,priya.shah,1,3
852,TCK-000852,94,99,2024-07-10,2024-07-11,closed,bug,low,email,marcus.holm,4,
853,TCK-000853,94,99,2026-04-05,2026-04-05,solved,feature_request,medium,in_app,emma.cole,1,
854,TCK-000854,94,99,2025-10-24,2025-10-24,closed,how_to,medium,in_app,emma.cole,1,4
855,TCK-000855,94,99,2025-12-16,2025-12-16,solved,how_to,low,email,emma.cole,1,
856,TCK-000856,94,99,2026-04-08,2026-04-08,solved,billing,medium,in_app,emma.cole,2,
857,TCK-000857,94,99,2024-07-04,2024-07-04,solved,outage,high,email,jonas.becker,2,
858,TCK-000858,94,99,2025-10-12,2025-10-12,closed,bug,medium,email,emma.cole,1,5
859,TCK-000859,94,99,2026-04-23,2026-04-23,solved,billing,medium,email,emma.cole,1,5
860,TCK-000860,94,99,2024-08-27,2024-08-28,solved,bug,high,email,emma.cole,8,1
861,TCK-000861,94,99,2026-01-03,2026-01-05,solved,billing,low,in_app,jonas.becker,17,
862,TCK-000862,94,99,2024-12-06,2024-12-06,solved,outage,high,email,marcus.holm,1,4
863,TCK-000863,94,99,2026-07-29,2026-07-29,solved,how_to,low,chat,jonas.becker,1,5
864,TCK-000864,94,99,2025-09-24,,open,billing,low,email,ava.nguyen,,
865,TCK-000865,94,99,2024-11-21,2024-11-21,solved,how_to,high,chat,jonas.becker,1,
866,TCK-000866,94,99,2025-11-06,,open,feature_request,high,email,emma.cole,8,
867,TCK-000867,94,99,2024-05-13,2024-05-13,solved,how_to,medium,email,priya.shah,2,
868,TCK-000868,94,99,2026-07-05,2026-07-05,solved,feature_request,medium,in_app,emma.cole,1,5
869,TCK-000869,94,99,2025-10-21,2025-10-21,solved,billing,medium,in_app,ava.nguyen,1,
870,TCK-000870,94,99,2026-08-29,,open,feature_request,high,in_app,priya.shah,2,
871,TCK-000871,94,99,2025-04-26,2025-04-26,solved,how_to,low,email,priya.shah,1,
872,TCK-000872,94,99,2024-12-09,2024-12-09,solved,bug,low,chat,priya.shah,3,
873,TCK-000873,94,99,2025-04-16,2025-04-16,solved,how_to,medium,email,jonas.becker,1,4
874,TCK-000874,94,99,2024-12-30,2025-01-03,closed,billing,medium,phone,priya.shah,18,5
875,TCK-000875,94,99,2024-11-23,,open,feature_request,high,chat,unassigned,4,
876,TCK-000876,94,99,2025-12-09,2025-12-09,closed,how_to,medium,in_app,jonas.becker,1,
877,TCK-000877,94,99,2026-02-13,2026-02-13,solved,bug,urgent,chat,priya.shah,1,5
878,TCK-000878,94,99,2025-04-06,2025-04-06,solved,onboarding,low,in_app,ava.nguyen,1,4
879,TCK-000879,94,99,2024-08-08,2024-08-08,solved,outage,urgent,in_app,jonas.becker,1,4
880,TCK-000880,95,100,2025-07-02,2025-07-02,solved,how_to,low,email,marcus.holm,1,4
881,TCK-000881,95,100,2026-03-11,2026-03-12,solved,how_to,low,email,jonas.becker,2,5
882,TCK-000882,95,100,2025-12-26,2025-12-26,solved,outage,high,email,emma.cole,1,5
883,TCK-000883,95,100,2025-11-08,2025-11-09,solved,onboarding,medium,in_app,marcus.holm,5,4
884,TCK-000884,95,100,2026-06-16,2026-06-16,solved,how_to,medium,email,ava.nguyen,1,
885,TCK-000885,95,100,2025-09-14,2025-09-15,solved,bug,medium,email,ava.nguyen,3,3
886,TCK-000886,95,100,2026-06-10,2026-06-10,closed,onboarding,medium,in_app,jonas.becker,1,
887,TCK-000887,95,100,2025-08-01,2025-08-01,solved,bug,high,email,ava.nguyen,1,
888,TCK-000888,95,100,2026-08-08,2026-08-08,solved,bug,medium,chat,marcus.holm,3,
889,TCK-000889,96,101,2025-10-31,2025-11-02,closed,bug,low,email,ava.nguyen,12,
890,TCK-000890,96,101,2025-08-10,2025-08-11,solved,feature_request,low,in_app,ava.nguyen,9,5
891,TCK-000891,96,101,2025-06-13,2025-06-13,solved,bug,medium,email,priya.shah,1,
892,TCK-000892,96,101,2026-05-18,2026-05-18,solved,feature_request,low,chat,priya.shah,1,
893,TCK-000893,96,101,2025-09-20,2025-09-21,solved,feature_request,medium,chat,jonas.becker,9,5
894,TCK-000894,96,101,2025-04-01,2025-04-01,solved,onboarding,high,in_app,emma.cole,1,
895,TCK-000895,96,101,2026-08-19,2026-08-19,closed,how_to,medium,email,marcus.holm,1,
896,TCK-000896,96,101,2025-04-08,2025-04-09,solved,billing,low,email,ava.nguyen,10,4
897,TCK-000897,96,101,2025-12-26,2025-12-26,solved,onboarding,high,email,ava.nguyen,1,3
898,TCK-000898,96,101,2024-07-04,,open,feature_request,low,email,unassigned,8,
899,TCK-000899,96,101,2024-08-12,2024-08-15,solved,bug,low,chat,priya.shah,21,5
900,TCK-000900,96,101,2023-12-30,2023-12-30,solved,bug,medium,email,emma.cole,1,
901,TCK-000901,96,101,2026-04-18,2026-04-18,solved,how_to,urgent,email,emma.cole,1,
902,TCK-000902,96,101,2026-02-18,2026-02-19,solved,how_to,high,in_app,priya.shah,1,
903,TCK-000903,96,101,2025-05-22,,open,how_to,high,in_app,priya.shah,4,
904,TCK-000904,96,101,2023-09-08,2023-09-08,closed,billing,low,chat,emma.cole,4,5
905,TCK-000905,96,101,2025-02-07,2025-02-08,solved,bug,high,chat,jonas.becker,9,
906,TCK-000906,96,101,2023-09-24,2023-09-24,solved,onboarding,medium,in_app,jonas.becker,3,
907,TCK-000907,96,101,2026-05-07,2026-05-07,closed,billing,high,email,marcus.holm,1,
908,TCK-000908,96,101,2023-08-15,2023-08-15,solved,feature_request,high,phone,marcus.holm,1,4
909,TCK-000909,96,101,2025-07-12,2025-07-12,solved,bug,urgent,email,priya.shah,1,
910,TCK-000910,96,101,2025-02-26,2025-02-26,closed,feature_request,high,in_app,priya.shah,1,
911,TCK-000911,96,101,2025-03-24,2025-03-25,solved,feature_request,medium,chat,marcus.holm,2,3
912,TCK-000912,96,101,2023-10-09,,open,how_to,medium,phone,priya.shah,24,
913,TCK-000913,96,101,2024-06-14,2024-06-14,closed,billing,low,email,marcus.holm,2,
914,TCK-000914,96,101,2025-09-12,2025-09-12,solved,onboarding,medium,chat,ava.nguyen,1,
915,TCK-000915,96,101,2024-04-16,,open,bug,low,email,ava.nguyen,2,
916,TCK-000916,96,101,2025-04-14,2025-04-14,solved,bug,low,email,ava.nguyen,1,
917,TCK-000917,96,101,2025-07-18,2025-07-18,solved,how_to,medium,email,marcus.holm,1,4
918,TCK-000918,96,101,2024-05-08,2024-05-08,solved,feature_request,medium,email,priya.shah,1,4
919,TCK-000919,96,101,2023-12-24,2023-12-25,solved,bug,low,chat,jonas.becker,7,4
920,TCK-000920,96,101,2026-07-08,,open,bug,medium,in_app,priya.shah,,
921,TCK-000921,96,101,2025-10-11,2025-10-11,solved,how_to,high,email,priya.shah,2,
922,TCK-000922,96,101,2025-10-17,2025-10-17,solved,billing,medium,email,marcus.holm,4,5
923,TCK-000923,96,101,2026-01-05,2026-01-06,solved,onboarding,urgent,in_app,priya.shah,6,
924,TCK-000924,96,101,2023-09-03,2023-09-04,solved,how_to,medium,in_app,ava.nguyen,5,
925,TCK-000925,96,101,2026-08-15,2026-08-15,solved,bug,high,in_app,priya.shah,1,
926,TCK-000926,96,101,2025-07-23,2025-07-23,solved,how_to,medium,email,marcus.holm,2,2
927,TCK-000927,96,101,2026-04-01,2026-04-01,solved,onboarding,medium,email,jonas.becker,2,
928,TCK-000928,96,101,2025-01-16,2025-01-16,solved,how_to,high,phone,marcus.holm,1,5
929,TCK-000929,97,102,2026-06-10,2026-06-10,closed,feature_request,high,email,jonas.becker,1,
930,TCK-000930,97,102,2026-08-08,2026-08-08,solved,how_to,low,chat,marcus.holm,2,
931,TCK-000931,97,102,2026-08-06,2026-08-06,closed,how_to,medium,email,emma.cole,4,
932,TCK-000932,97,102,2026-04-07,2026-04-08,solved,billing,low,email,priya.shah,3,
933,TCK-000933,97,102,2024-11-09,2024-11-09,closed,billing,medium,chat,jonas.becker,1,5
934,TCK-000934,97,102,2025-06-29,2025-06-29,closed,feature_request,low,email,ava.nguyen,1,
935,TCK-000935,97,102,2025-03-15,2025-03-15,solved,billing,medium,in_app,marcus.holm,3,
936,TCK-000936,97,102,2025-07-25,2025-07-25,solved,how_to,medium,email,emma.cole,1,3
937,TCK-000937,97,102,2025-07-15,2025-07-15,solved,billing,low,email,ava.nguyen,1,2
938,TCK-000938,97,102,2026-08-11,,open,how_to,urgent,email,emma.cole,4,
939,TCK-000939,97,102,2026-08-16,2026-08-16,closed,feature_request,high,in_app,ava.nguyen,1,
940,TCK-000940,97,102,2026-01-30,2026-01-30,solved,how_to,high,in_app,marcus.holm,1,
941,TCK-000941,97,102,2025-08-30,,open,how_to,medium,chat,priya.shah,4,
942,TCK-000942,97,102,2024-08-30,2024-08-30,solved,how_to,high,chat,ava.nguyen,1,
943,TCK-000943,97,102,2025-12-19,2025-12-19,solved,billing,low,email,marcus.holm,1,
944,TCK-000944,97,102,2025-08-25,2025-08-25,solved,how_to,medium,chat,priya.shah,1,5
945,TCK-000945,97,102,2024-02-15,2024-02-15,solved,billing,medium,email,emma.cole,3,5
946,TCK-000946,97,102,2025-12-20,2025-12-20,solved,how_to,medium,email,marcus.holm,1,4
947,TCK-000947,97,102,2026-01-09,2026-01-09,closed,how_to,medium,chat,priya.shah,2,5
948,TCK-000948,97,102,2026-01-21,2026-01-21,closed,how_to,high,email,priya.shah,1,1
949,TCK-000949,97,102,2025-09-11,2025-09-11,solved,feature_request,high,phone,ava.nguyen,1,
950,TCK-000950,97,102,2024-09-25,2024-09-26,closed,onboarding,medium,email,marcus.holm,4,
951,TCK-000951,97,102,2025-07-12,,open,feature_request,low,email,emma.cole,,
952,TCK-000952,97,102,2024-03-17,2024-03-17,solved,onboarding,medium,email,marcus.holm,2,
953,TCK-000953,97,102,2023-12-27,2023-12-27,closed,how_to,high,in_app,marcus.holm,1,
954,TCK-000954,97,102,2023-12-21,2023-12-21,solved,feature_request,medium,email,marcus.holm,1,2
955,TCK-000955,97,102,2025-04-02,2025-04-02,solved,bug,medium,phone,jonas.becker,1,
956,TCK-000956,97,102,2026-05-19,2026-05-19,closed,feature_request,medium,in_app,ava.nguyen,1,5
957,TCK-000957,97,102,2023-12-08,2023-12-10,solved,how_to,medium,email,emma.cole,20,5
958,TCK-000958,97,102,2024-04-19,2024-04-19,solved,how_to,low,chat,jonas.becker,1,
959,TCK-000959,97,102,2024-08-21,2024-08-21,solved,feature_request,medium,email,emma.cole,1,5
960,TCK-000960,97,102,2024-06-18,2024-06-18,solved,how_to,urgent,in_app,emma.cole,1,
961,TCK-000961,97,102,2026-06-24,2026-06-24,solved,how_to,high,chat,ava.nguyen,1,4
962,TCK-000962,97,102,2023-12-12,2023-12-13,solved,bug,medium,phone,priya.shah,2,
963,TCK-000963,97,102,2025-02-24,2025-02-25,solved,how_to,low,email,jonas.becker,10,4
964,TCK-000964,97,102,2026-05-28,2026-05-28,solved,how_to,high,email,marcus.holm,1,
965,TCK-000965,97,102,2025-12-02,2025-12-02,closed,feature_request,medium,in_app,jonas.becker,1,
966,TCK-000966,97,102,2025-03-17,2025-03-17,solved,bug,low,in_app,priya.shah,1,5
967,TCK-000967,97,102,2025-10-13,2025-10-13,solved,feature_request,low,in_app,marcus.holm,1,4
968,TCK-000968,97,102,2023-11-23,2023-11-23,solved,how_to,medium,phone,emma.cole,2,
969,TCK-000969,97,102,2024-08-26,2024-08-26,solved,bug,medium,phone,jonas.becker,1,4
970,TCK-000970,97,102,2026-02-19,2026-02-20,solved,bug,medium,email,marcus.holm,4,
971,TCK-000971,97,102,2025-08-26,,open,bug,medium,in_app,emma.cole,4,
972,TCK-000972,97,102,2025-06-04,2025-06-04,closed,bug,medium,in_app,marcus.holm,1,
973,TCK-000973,97,102,2025-12-01,2025-12-01,solved,how_to,low,email,ava.nguyen,1,
974,TCK-000974,97,102,2025-09-01,2025-09-02,solved,billing,medium,email,ava.nguyen,6,4
975,TCK-000975,97,102,2025-03-14,2025-03-15,solved,feature_request,medium,in_app,marcus.holm,2,
976,TCK-000976,97,102,2025-11-08,2025-11-10,solved,how_to,low,email,ava.nguyen,7,
977,TCK-000977,97,102,2026-02-22,2026-02-22,closed,billing,low,phone,ava.nguyen,4,4
978,TCK-000978,97,102,2026-08-29,2026-08-29,closed,how_to,urgent,email,emma.cole,1,
979,TCK-000979,97,102,2025-09-01,2025-09-01,closed,feature_request,high,chat,ava.nguyen,1,5
980,TCK-000980,97,102,2025-04-13,2025-04-13,solved,how_to,medium,chat,marcus.holm,6,
981,TCK-000981,97,102,2024-10-24,2024-10-24,closed,onboarding,low,email,marcus.holm,1,5
982,TCK-000982,97,102,2023-12-31,2023-12-31,solved,bug,medium,in_app,ava.nguyen,1,
983,TCK-000983,97,102,2024-07-30,2024-07-30,solved,outage,high,phone,emma.cole,1,5
984,TCK-000984,97,102,2025-05-24,2025-05-24,solved,how_to,urgent,in_app,priya.shah,1,
985,TCK-000985,97,102,2026-03-21,2026-03-21,solved,onboarding,medium,in_app,priya.shah,1,5
986,TCK-000986,97,102,2026-01-04,2026-01-04,solved,bug,medium,in_app,jonas.becker,3,5
987,TCK-000987,98,103,2025-09-16,2025-09-17,solved,feature_request,medium,chat,marcus.holm,3,
988,TCK-000988,98,103,2025-09-22,2025-09-23,solved,how_to,low,chat,emma.cole,7,5
989,TCK-000989,98,103,2025-04-07,2025-04-07,solved,how_to,urgent,chat,emma.cole,2,5
990,TCK-000990,98,103,2026-02-09,2026-02-10,solved,how_to,low,in_app,priya.shah,3,5
991,TCK-000991,98,103,2025-10-07,2025-10-08,closed,feature_request,low,email,marcus.holm,4,5
992,TCK-000992,98,103,2025-10-18,2025-10-18,closed,bug,low,chat,priya.shah,1,
993,TCK-000993,98,103,2025-11-03,2025-11-03,solved,billing,low,in_app,emma.cole,1,
994,TCK-000994,100,105,2025-08-07,2025-08-07,solved,how_to,medium,in_app,emma.cole,4,
995,TCK-000995,100,105,2024-11-06,2024-11-06,solved,bug,high,phone,priya.shah,1,
996,TCK-000996,100,105,2025-06-22,2025-06-22,solved,bug,low,email,ava.nguyen,1,4
997,TCK-000997,100,105,2025-08-31,2025-08-31,solved,onboarding,medium,in_app,ava.nguyen,1,4
998,TCK-000998,100,105,2024-09-15,2024-09-15,solved,feature_request,low,chat,marcus.holm,1,
999,TCK-000999,101,106,2025-09-02,,open,how_to,low,in_app,unassigned,8,
1000,TCK-001000,101,106,2026-07-01,2026-07-01,solved,how_to,medium,email,ava.nguyen,1,
1001,TCK-001001,101,106,2025-08-30,2025-09-01,closed,billing,low,chat,emma.cole,4,4
1002,TCK-001002,101,106,2025-12-15,2025-12-15,closed,how_to,medium,email,ava.nguyen,1,
1003,TCK-001003,101,106,2025-12-08,2025-12-08,closed,feature_request,medium,in_app,emma.cole,1,5
1004,TCK-001004,101,106,2025-03-11,2025-03-13,solved,feature_request,medium,email,ava.nguyen,5,
1005,TCK-001005,101,106,2025-06-27,2025-06-27,solved,bug,high,in_app,jonas.becker,1,
1006,TCK-001006,101,106,2025-08-21,,open,bug,medium,in_app,priya.shah,4,
1007,TCK-001007,101,106,2025-06-30,2025-06-30,solved,how_to,medium,email,jonas.becker,3,4
1008,TCK-001008,101,106,2025-12-24,2025-12-25,solved,feature_request,low,chat,ava.nguyen,9,
1009,TCK-001009,101,106,2026-08-26,2026-08-26,solved,how_to,high,in_app,jonas.becker,1,4
1010,TCK-001010,101,106,2025-07-16,2025-07-16,closed,how_to,medium,email,ava.nguyen,2,
1011,TCK-001011,101,106,2026-02-02,2026-02-03,closed,onboarding,low,email,jonas.becker,8,
1012,TCK-001012,101,106,2026-04-06,2026-04-06,solved,how_to,low,email,priya.shah,1,
1013,TCK-001013,101,106,2025-08-08,2025-08-09,solved,feature_request,medium,in_app,emma.cole,8,
1014,TCK-001014,101,106,2025-06-16,2025-06-16,closed,bug,medium,email,emma.cole,6,4
1015,TCK-001015,101,106,2025-07-14,2025-07-14,solved,bug,low,email,emma.cole,4,5
1016,TCK-001016,101,106,2025-07-15,2025-07-15,solved,how_to,low,email,marcus.holm,3,
1017,TCK-001017,101,106,2026-05-18,2026-05-18,closed,how_to,low,chat,jonas.becker,1,
1018,TCK-001018,101,106,2025-02-18,2025-02-18,closed,billing,medium,email,jonas.becker,6,
1019,TCK-001019,101,106,2026-08-07,2026-08-11,solved,onboarding,low,in_app,jonas.becker,18,
1020,TCK-001020,102,107,2025-12-14,,open,bug,high,chat,emma.cole,2,
1021,TCK-001021,102,107,2026-05-19,2026-05-19,solved,bug,medium,email,emma.cole,1,
1022,TCK-001022,103,108,2026-08-28,2026-08-28,closed,billing,low,email,ava.nguyen,1,4
1023,TCK-001023,103,108,2026-08-26,2026-08-26,solved,how_to,low,email,marcus.holm,3,
1024,TCK-001024,103,108,2026-03-09,2026-03-16,solved,onboarding,low,chat,marcus.holm,21,4
1025,TCK-001025,103,108,2026-06-29,2026-06-29,solved,how_to,medium,in_app,ava.nguyen,4,
1026,TCK-001026,104,109,2023-10-06,,open,how_to,medium,email,marcus.holm,2,
1027,TCK-001027,104,109,2023-10-10,,open,billing,medium,email,priya.shah,,
1028,TCK-001028,104,109,2023-11-10,2023-11-10,solved,feature_request,low,email,priya.shah,1,3
1029,TCK-001029,104,109,2024-04-15,2024-04-15,solved,bug,low,phone,marcus.holm,1,
1030,TCK-001030,104,109,2023-11-07,2023-11-08,solved,how_to,medium,chat,ava.nguyen,6,
1031,TCK-001031,104,109,2023-08-03,2023-08-03,solved,bug,high,email,ava.nguyen,1,
1032,TCK-001032,104,109,2024-05-31,2024-06-01,solved,onboarding,low,email,marcus.holm,8,
1033,TCK-001033,104,109,2023-12-17,2023-12-17,closed,how_to,low,chat,marcus.holm,6,
1034,TCK-001034,105,110,2025-08-17,2025-08-17,closed,how_to,medium,email,jonas.becker,1,4
1035,TCK-001035,105,110,2025-09-20,2025-09-20,solved,feature_request,low,email,priya.shah,2,
1036,TCK-001036,106,111,2026-06-26,2026-06-26,solved,how_to,medium,email,marcus.holm,6,
1037,TCK-001037,106,111,2026-03-15,2026-03-15,closed,onboarding,medium,email,emma.cole,1,1
1038,TCK-001038,106,111,2026-04-03,2026-04-03,solved,how_to,medium,chat,marcus.holm,1,
1039,TCK-001039,106,111,2026-03-26,2026-03-26,solved,how_to,medium,email,emma.cole,1,
1040,TCK-001040,106,111,2026-06-24,2026-06-25,closed,feature_request,medium,email,priya.shah,2,
1041,TCK-001041,107,112,2026-01-29,2026-01-29,closed,onboarding,medium,in_app,jonas.becker,1,
1042,TCK-001042,107,112,2026-06-15,2026-06-15,solved,how_to,medium,email,priya.shah,5,
1043,TCK-001043,107,112,2025-12-31,2025-12-31,solved,outage,high,in_app,priya.shah,1,3
1044,TCK-001044,107,112,2025-11-23,2025-11-23,solved,bug,low,email,jonas.becker,1,
1045,TCK-001045,107,112,2025-12-23,2025-12-24,solved,how_to,urgent,email,ava.nguyen,5,
1046,TCK-001046,107,112,2026-03-01,2026-03-01,solved,how_to,urgent,in_app,jonas.becker,1,
1047,TCK-001047,107,112,2026-07-18,2026-07-18,solved,bug,high,in_app,jonas.becker,6,
1048,TCK-001048,107,112,2025-11-29,2025-11-29,solved,billing,medium,chat,ava.nguyen,1,5
1049,TCK-001049,107,112,2025-06-16,2025-06-16,solved,billing,medium,in_app,jonas.becker,1,
1050,TCK-001050,107,112,2026-01-20,2026-01-20,closed,how_to,low,in_app,jonas.becker,1,
1051,TCK-001051,107,112,2025-11-06,2025-11-06,solved,bug,low,in_app,priya.shah,3,4
1052,TCK-001052,107,112,2025-07-07,2025-07-07,solved,bug,medium,email,ava.nguyen,2,
1053,TCK-001053,107,112,2025-10-27,2025-10-27,solved,how_to,medium,email,marcus.holm,1,
1054,TCK-001054,107,112,2025-11-14,,open,bug,medium,chat,jonas.becker,8,
1055,TCK-001055,107,112,2025-12-17,2025-12-17,solved,bug,medium,email,ava.nguyen,5,
1056,TCK-001056,108,113,2026-03-02,2026-03-02,solved,how_to,low,email,ava.nguyen,2,
1057,TCK-001057,108,113,2026-04-04,2026-04-04,solved,how_to,medium,in_app,emma.cole,2,
1058,TCK-001058,109,114,2026-07-05,2026-07-05,solved,bug,medium,chat,jonas.becker,1,
1059,TCK-001059,109,114,2025-11-13,2025-11-13,solved,bug,high,email,priya.shah,2,4
1060,TCK-001060,109,114,2025-05-22,2025-05-23,solved,onboarding,low,phone,priya.shah,2,5
1061,TCK-001061,109,114,2025-08-23,2025-08-23,solved,bug,medium,in_app,emma.cole,1,5
1062,TCK-001062,109,114,2025-09-06,2025-09-08,solved,feature_request,medium,email,marcus.holm,11,
1063,TCK-001063,109,114,2026-02-23,2026-02-23,solved,bug,medium,email,marcus.holm,1,
1064,TCK-001064,109,114,2026-03-09,2026-03-09,closed,onboarding,medium,email,ava.nguyen,1,
1065,TCK-001065,109,114,2025-10-10,2025-10-10,closed,onboarding,medium,in_app,jonas.becker,1,
1066,TCK-001066,109,114,2025-06-25,,open,how_to,medium,email,ava.nguyen,24,
1067,TCK-001067,110,115,2025-03-12,2025-03-12,solved,how_to,medium,email,jonas.becker,1,3
1068,TCK-001068,110,115,2025-11-28,2025-11-28,closed,outage,high,in_app,priya.shah,1,
1069,TCK-001069,110,115,2026-04-28,2026-04-28,solved,billing,low,email,priya.shah,1,5
1070,TCK-001070,110,115,2026-03-09,2026-03-09,solved,onboarding,medium,in_app,ava.nguyen,2,
1071,TCK-001071,110,115,2026-02-02,2026-02-02,solved,bug,medium,in_app,jonas.becker,1,
1072,TCK-001072,110,115,2026-02-25,2026-02-25,closed,how_to,urgent,phone,marcus.holm,1,
1073,TCK-001073,110,115,2025-11-08,2025-11-10,solved,billing,low,email,priya.shah,5,3
1074,TCK-001074,111,116,2026-08-09,2026-08-10,closed,bug,low,in_app,priya.shah,6,
1075,TCK-001075,111,116,2026-06-03,2026-06-04,solved,bug,medium,email,emma.cole,5,
1076,TCK-001076,111,116,2025-07-24,2025-07-24,solved,how_to,high,email,emma.cole,1,1
1077,TCK-001077,111,116,2025-07-06,2025-07-06,solved,billing,low,email,jonas.becker,1,3
1078,TCK-001078,111,116,2025-09-30,2025-09-30,solved,how_to,high,phone,emma.cole,1,2
1079,TCK-001079,111,116,2025-10-03,2025-10-03,solved,how_to,medium,in_app,jonas.becker,2,
1080,TCK-001080,111,116,2025-11-05,2025-11-05,closed,how_to,medium,in_app,marcus.holm,1,
1081,TCK-001081,111,116,2026-01-30,2026-01-30,solved,billing,medium,email,priya.shah,1,
1082,TCK-001082,111,116,2026-07-30,2026-07-30,solved,bug,medium,chat,jonas.becker,2,
1083,TCK-001083,111,116,2025-06-21,2025-06-21,solved,bug,high,in_app,ava.nguyen,4,5
1084,TCK-001084,111,116,2026-02-20,2026-02-21,solved,billing,low,email,marcus.holm,5,4
1085,TCK-001085,111,116,2025-06-28,,open,billing,high,email,priya.shah,2,
1086,TCK-001086,111,116,2025-07-20,2025-07-20,closed,billing,medium,in_app,marcus.holm,3,
1087,TCK-001087,111,116,2025-07-27,2025-07-27,closed,billing,high,phone,emma.cole,1,
1088,TCK-001088,111,116,2026-07-12,,open,billing,low,in_app,marcus.holm,,
1089,TCK-001089,111,116,2026-07-27,2026-07-27,solved,bug,high,chat,emma.cole,1,
1090,TCK-001090,111,116,2025-04-15,2025-04-15,solved,billing,low,email,marcus.holm,1,
1091,TCK-001091,111,116,2025-06-03,2025-06-03,solved,outage,urgent,chat,jonas.becker,2,3
1092,TCK-001092,111,116,2026-07-15,2026-07-15,closed,bug,medium,phone,jonas.becker,1,
1093,TCK-001093,111,116,2025-09-13,2025-09-13,closed,bug,medium,email,ava.nguyen,3,
1094,TCK-001094,111,116,2025-10-02,2025-10-02,solved,billing,high,email,priya.shah,1,
1095,TCK-001095,111,116,2025-11-17,2025-11-18,solved,bug,medium,phone,jonas.becker,5,1
1096,TCK-001096,111,116,2026-07-31,2026-07-31,solved,feature_request,medium,email,jonas.becker,2,
1097,TCK-001097,111,116,2026-04-22,2026-04-22,solved,bug,high,email,marcus.holm,1,
1098,TCK-001098,111,116,2026-06-02,2026-06-02,solved,feature_request,medium,phone,emma.cole,2,
1099,TCK-001099,112,117,2025-02-10,2025-02-10,solved,how_to,low,in_app,marcus.holm,2,
1100,TCK-001100,112,117,2025-11-23,2025-11-23,closed,feature_request,medium,email,marcus.holm,1,4
1101,TCK-001101,112,117,2025-03-15,2025-03-16,solved,bug,medium,email,priya.shah,9,
1102,TCK-001102,112,117,2024-04-19,2024-04-19,solved,bug,medium,email,ava.nguyen,1,
1103,TCK-001103,112,117,2024-09-10,2024-09-11,solved,how_to,low,in_app,jonas.becker,8,
1104,TCK-001104,112,117,2025-02-03,2025-02-03,solved,bug,medium,email,marcus.holm,5,
1105,TCK-001105,112,117,2025-11-10,2025-11-11,solved,how_to,medium,phone,jonas.becker,2,4
1106,TCK-001106,112,117,2025-03-08,2025-03-08,solved,how_to,high,email,priya.shah,1,4
1107,TCK-001107,113,118,2026-05-31,2026-05-31,closed,feature_request,low,email,marcus.holm,1,
1108,TCK-001108,113,118,2026-08-02,,open,bug,high,email,priya.shah,4,
1109,TCK-001109,114,119,2024-09-10,2024-09-10,solved,how_to,low,in_app,emma.cole,3,4
1110,TCK-001110,114,119,2024-08-01,2024-08-01,closed,billing,low,email,marcus.holm,1,5
1111,TCK-001111,114,119,2024-08-02,2024-08-02,closed,how_to,medium,chat,marcus.holm,1,3
1112,TCK-001112,114,119,2024-08-05,2024-08-05,solved,bug,medium,in_app,marcus.holm,4,
1113,TCK-001113,114,119,2024-07-09,2024-07-09,closed,billing,medium,in_app,emma.cole,3,4
1114,TCK-001114,115,120,2025-06-30,2025-06-30,solved,how_to,high,in_app,emma.cole,1,
1115,TCK-001115,115,120,2025-07-07,2025-07-07,solved,billing,medium,email,emma.cole,1,1
1116,TCK-001116,115,120,2025-03-05,2025-03-05,solved,feature_request,medium,email,ava.nguyen,1,
1117,TCK-001117,115,120,2025-02-26,,open,how_to,low,chat,unassigned,2,
1118,TCK-001118,115,120,2024-08-22,2024-08-23,solved,onboarding,urgent,chat,emma.cole,5,
1119,TCK-001119,115,120,2025-03-01,2025-03-01,solved,how_to,medium,email,jonas.becker,1,3
1120,TCK-001120,115,120,2025-05-13,2025-05-14,solved,billing,low,chat,ava.nguyen,3,4
1121,TCK-001121,115,120,2024-11-30,,open,how_to,medium,in_app,priya.shah,4,
1122,TCK-001122,115,120,2024-11-13,2024-11-13,solved,how_to,high,email,ava.nguyen,1,4
1123,TCK-001123,116,121,2026-03-29,2026-03-29,closed,billing,low,email,marcus.holm,1,5
1124,TCK-001124,116,121,2026-01-19,2026-01-19,solved,feature_request,medium,email,jonas.becker,1,2
1125,TCK-001125,116,121,2026-02-11,,open,how_to,low,in_app,emma.cole,4,
1126,TCK-001126,116,121,2025-12-16,2025-12-16,solved,how_to,high,email,emma.cole,1,4
1127,TCK-001127,116,121,2026-06-25,2026-06-25,solved,how_to,medium,in_app,ava.nguyen,2,2
1128,TCK-001128,117,122,2025-09-22,,open,how_to,low,email,jonas.becker,4,
1129,TCK-001129,118,123,2025-05-27,2025-05-28,solved,feature_request,medium,in_app,emma.cole,9,4
1130,TCK-001130,118,123,2025-01-18,2025-01-18,solved,onboarding,high,in_app,marcus.holm,1,4
1131,TCK-001131,118,123,2026-05-10,2026-05-10,solved,how_to,low,email,ava.nguyen,1,
1132,TCK-001132,118,123,2025-07-08,2025-07-08,solved,how_to,low,in_app,marcus.holm,1,
1133,TCK-001133,118,123,2025-08-27,2025-08-27,solved,how_to,high,email,ava.nguyen,1,
1134,TCK-001134,118,123,2026-03-27,2026-03-28,closed,onboarding,low,email,marcus.holm,7,
1135,TCK-001135,118,123,2024-11-14,2024-11-14,closed,how_to,low,in_app,emma.cole,1,
1136,TCK-001136,118,123,2025-04-16,2025-04-17,solved,bug,urgent,in_app,priya.shah,7,4
1137,TCK-001137,118,123,2024-12-14,2024-12-14,closed,feature_request,medium,email,priya.shah,1,
1138,TCK-001138,118,123,2025-12-01,2025-12-01,solved,onboarding,high,in_app,priya.shah,1,5
1139,TCK-001139,119,124,2026-08-09,2026-08-09,solved,how_to,medium,email,priya.shah,1,5
1140,TCK-001140,119,124,2025-06-23,2025-06-23,closed,billing,medium,email,jonas.becker,2,
1141,TCK-001141,119,124,2025-11-02,2025-11-02,solved,bug,medium,chat,marcus.holm,1,
1142,TCK-001142,119,124,2025-06-24,2025-06-24,solved,billing,low,email,emma.cole,2,3
1143,TCK-001143,119,124,2026-04-07,2026-04-07,solved,bug,medium,email,emma.cole,1,4
1144,TCK-001144,119,124,2025-11-25,2025-11-25,closed,onboarding,urgent,in_app,marcus.holm,1,4
1145,TCK-001145,119,124,2025-02-25,,open,bug,urgent,email,priya.shah,24,
1146,TCK-001146,119,124,2026-03-24,2026-03-24,solved,how_to,low,phone,priya.shah,2,4
1147,TCK-001147,119,124,2025-04-06,2025-04-06,closed,billing,high,email,jonas.becker,3,
1148,TCK-001148,119,124,2025-11-28,2025-11-28,solved,bug,medium,in_app,ava.nguyen,2,
1149,TCK-001149,119,124,2025-10-04,2025-10-05,solved,feature_request,medium,in_app,marcus.holm,2,
1150,TCK-001150,119,124,2025-09-27,2025-09-28,closed,how_to,medium,in_app,emma.cole,7,5
1151,TCK-001151,119,124,2025-06-21,2025-06-21,solved,feature_request,high,chat,jonas.becker,2,
1152,TCK-001152,119,124,2025-08-12,2025-08-12,solved,bug,low,email,priya.shah,1,3
1153,TCK-001153,119,124,2025-02-05,2025-02-06,solved,how_to,medium,email,jonas.becker,5,4
1154,TCK-001154,119,124,2025-12-18,2025-12-18,closed,onboarding,high,email,emma.cole,1,4
1155,TCK-001155,119,124,2025-11-09,2025-11-09,solved,bug,low,email,marcus.holm,1,5
1156,TCK-001156,119,124,2025-03-01,2025-03-01,closed,onboarding,low,in_app,priya.shah,2,
1157,TCK-001157,119,124,2025-01-27,2025-01-27,solved,feature_request,low,phone,jonas.becker,1,
1158,TCK-001158,119,124,2026-03-14,2026-03-14,solved,billing,medium,email,jonas.becker,1,
1159,TCK-001159,119,124,2026-06-14,2026-06-14,solved,how_to,low,email,ava.nguyen,1,5
1160,TCK-001160,119,124,2025-11-28,2025-11-28,solved,how_to,high,email,emma.cole,1,1
1161,TCK-001161,119,124,2026-08-13,2026-08-14,closed,bug,medium,email,emma.cole,2,4
1162,TCK-001162,119,124,2026-05-02,2026-05-02,closed,how_to,low,email,jonas.becker,2,
1163,TCK-001163,119,124,2025-04-06,,open,onboarding,medium,email,marcus.holm,24,
1164,TCK-001164,119,124,2025-01-28,2025-01-28,solved,feature_request,medium,email,emma.cole,1,4
1165,TCK-001165,119,124,2026-04-17,,open,onboarding,low,email,ava.nguyen,2,
1166,TCK-001166,119,124,2026-06-21,2026-06-21,closed,onboarding,high,email,emma.cole,1,5
1167,TCK-001167,120,125,2026-01-16,2026-01-16,closed,how_to,high,email,jonas.becker,2,
1168,TCK-001168,120,125,2024-05-31,2024-06-01,solved,billing,low,email,emma.cole,3,
1169,TCK-001169,120,125,2026-06-05,2026-06-05,solved,how_to,low,email,emma.cole,1,4
1170,TCK-001170,120,125,2025-04-15,2025-04-17,closed,onboarding,medium,chat,emma.cole,23,4
1171,TCK-001171,120,125,2026-08-22,2026-08-22,solved,onboarding,medium,in_app,marcus.holm,3,
1172,TCK-001172,120,125,2025-10-28,2025-10-28,solved,bug,medium,email,ava.nguyen,1,
1173,TCK-001173,120,125,2024-12-07,2024-12-08,closed,bug,medium,chat,priya.shah,9,
1174,TCK-001174,120,125,2024-11-30,2024-11-30,solved,how_to,high,in_app,emma.cole,1,
1175,TCK-001175,120,125,2025-06-12,,open,how_to,high,phone,jonas.becker,4,
1176,TCK-001176,120,125,2025-10-25,2025-10-25,solved,feature_request,high,email,ava.nguyen,1,
1177,TCK-001177,120,125,2026-05-16,2026-05-16,solved,onboarding,high,email,jonas.becker,1,
1178,TCK-001178,122,127,2025-02-17,2025-02-17,solved,how_to,high,chat,marcus.holm,1,
1179,TCK-001179,122,127,2025-05-16,2025-05-17,solved,billing,medium,email,priya.shah,2,
1180,TCK-001180,122,127,2025-06-25,2025-06-25,solved,how_to,high,in_app,jonas.becker,1,
1181,TCK-001181,122,127,2024-08-05,2024-08-05,solved,billing,low,email,priya.shah,1,
1182,TCK-001182,122,127,2025-02-23,2025-02-23,closed,feature_request,urgent,email,emma.cole,1,2
1183,TCK-001183,122,127,2024-11-16,2024-11-16,solved,how_to,high,in_app,emma.cole,1,5
1184,TCK-001184,122,127,2024-06-04,2024-06-04,solved,feature_request,medium,chat,ava.nguyen,1,5
1185,TCK-001185,122,127,2024-12-02,2024-12-02,solved,bug,low,in_app,emma.cole,5,
1186,TCK-001186,122,127,2024-08-22,2024-08-22,closed,feature_request,low,in_app,emma.cole,4,
1187,TCK-001187,122,127,2025-03-02,2025-03-02,solved,how_to,low,email,jonas.becker,1,
1188,TCK-001188,122,127,2025-11-11,2025-11-11,solved,how_to,medium,in_app,ava.nguyen,2,4
1189,TCK-001189,122,127,2025-08-21,2025-08-21,solved,how_to,low,email,jonas.becker,1,
1190,TCK-001190,122,127,2025-06-29,2025-06-29,solved,feature_request,medium,chat,ava.nguyen,1,
1191,TCK-001191,122,127,2025-08-06,2025-08-06,solved,how_to,urgent,in_app,ava.nguyen,1,
1192,TCK-001192,122,127,2026-04-10,2026-04-10,solved,billing,low,email,ava.nguyen,1,4
1193,TCK-001193,122,127,2024-08-09,2024-08-09,solved,feature_request,medium,in_app,ava.nguyen,6,
1194,TCK-001194,122,127,2026-06-24,2026-06-24,solved,bug,low,chat,emma.cole,3,
1195,TCK-001195,122,127,2024-09-03,2024-09-03,solved,feature_request,high,in_app,priya.shah,1,
1196,TCK-001196,122,127,2025-06-14,,open,how_to,high,email,unassigned,4,
1197,TCK-001197,122,127,2025-05-23,2025-05-24,solved,onboarding,urgent,in_app,marcus.holm,3,
1198,TCK-001198,122,127,2026-04-26,2026-04-26,solved,outage,high,email,emma.cole,1,5
1199,TCK-001199,122,127,2025-03-15,2025-03-15,closed,how_to,urgent,phone,ava.nguyen,3,5
1200,TCK-001200,122,127,2026-06-07,2026-06-07,closed,how_to,high,in_app,emma.cole,2,
1201,TCK-001201,122,127,2025-04-27,2025-04-27,solved,bug,low,phone,jonas.becker,3,5
1202,TCK-001202,122,127,2025-03-28,2025-03-28,closed,bug,high,email,jonas.becker,1,5
1203,TCK-001203,122,127,2026-07-01,2026-07-01,solved,billing,high,email,priya.shah,1,
1204,TCK-001204,122,127,2024-08-12,2024-08-12,closed,outage,high,chat,ava.nguyen,1,
1205,TCK-001205,122,127,2026-05-08,2026-05-08,closed,billing,medium,email,ava.nguyen,2,4
1206,TCK-001206,122,127,2024-10-21,2024-10-21,closed,outage,high,email,priya.shah,1,
1207,TCK-001207,122,127,2024-09-28,2024-09-29,solved,how_to,low,email,priya.shah,2,5
1208,TCK-001208,122,127,2025-02-22,2025-02-22,solved,how_to,medium,email,ava.nguyen,1,
1209,TCK-001209,122,127,2024-11-24,2024-11-24,closed,how_to,medium,in_app,marcus.holm,1,1
1210,TCK-001210,122,127,2024-07-08,2024-07-08,solved,how_to,low,email,jonas.becker,2,
1211,TCK-001211,122,127,2024-05-09,2024-05-09,solved,outage,high,in_app,priya.shah,1,
1212,TCK-001212,122,127,2025-09-27,2025-09-27,solved,bug,high,email,emma.cole,1,4
1213,TCK-001213,122,127,2025-03-26,2025-03-26,solved,bug,low,chat,priya.shah,1,
1214,TCK-001214,122,127,2026-08-03,2026-08-03,solved,onboarding,medium,email,priya.shah,1,
1215,TCK-001215,122,127,2025-05-12,2025-05-15,closed,onboarding,medium,email,jonas.becker,21,
1216,TCK-001216,122,127,2024-10-24,,open,onboarding,medium,email,priya.shah,4,
1217,TCK-001217,122,127,2025-07-26,2025-07-26,solved,billing,high,email,marcus.holm,1,3
1218,TCK-001218,122,127,2025-03-10,2025-03-10,closed,onboarding,medium,in_app,marcus.holm,4,
1219,TCK-001219,122,127,2025-01-04,2025-01-04,solved,bug,medium,email,marcus.holm,3,5
1220,TCK-001220,122,127,2025-01-31,2025-01-31,solved,billing,low,in_app,priya.shah,4,
1221,TCK-001221,122,127,2026-01-28,2026-01-28,solved,feature_request,high,in_app,ava.nguyen,1,
1222,TCK-001222,122,127,2025-12-10,2025-12-10,solved,how_to,medium,in_app,priya.shah,1,5
1223,TCK-001223,122,127,2024-06-25,2024-06-25,solved,billing,medium,email,emma.cole,1,
1224,TCK-001224,122,127,2026-05-03,2026-05-04,solved,onboarding,low,chat,emma.cole,7,
1225,TCK-001225,122,127,2025-05-13,,open,how_to,medium,in_app,priya.shah,4,
1226,TCK-001226,123,128,2026-03-30,2026-03-30,solved,how_to,high,in_app,jonas.becker,1,5
1227,TCK-001227,123,128,2026-03-11,2026-03-12,solved,how_to,medium,in_app,marcus.holm,3,5
1228,TCK-001228,123,128,2025-11-02,2025-11-02,solved,onboarding,medium,email,emma.cole,3,
1229,TCK-001229,123,128,2025-11-02,2025-11-02,closed,feature_request,low,email,jonas.becker,1,1
1230,TCK-001230,123,128,2025-06-19,2025-06-19,solved,billing,low,phone,marcus.holm,1,5
1231,TCK-001231,123,128,2026-03-28,2026-03-28,solved,how_to,high,in_app,emma.cole,1,
1232,TCK-001232,123,128,2025-12-02,2025-12-02,solved,how_to,medium,in_app,ava.nguyen,4,3
1233,TCK-001233,123,128,2025-08-14,2025-08-15,solved,how_to,medium,email,jonas.becker,9,5
1234,TCK-001234,123,128,2026-02-27,2026-02-27,solved,how_to,medium,in_app,ava.nguyen,1,
1235,TCK-001235,123,128,2026-05-07,2026-05-07,closed,billing,medium,email,jonas.becker,1,
1236,TCK-001236,123,128,2025-03-06,2025-03-06,solved,how_to,low,in_app,ava.nguyen,1,
1237,TCK-001237,123,128,2026-04-10,2026-04-10,closed,bug,medium,in_app,ava.nguyen,2,
1238,TCK-001238,123,128,2025-10-03,2025-10-03,solved,how_to,medium,email,priya.shah,1,
1239,TCK-001239,123,128,2025-02-23,2025-02-23,solved,feature_request,low,in_app,emma.cole,2,
1240,TCK-001240,123,128,2025-12-29,2025-12-29,solved,bug,medium,in_app,priya.shah,1,3
1241,TCK-001241,123,128,2025-03-29,2025-03-29,solved,bug,medium,chat,ava.nguyen,1,
1242,TCK-001242,123,128,2026-05-04,2026-05-04,closed,how_to,high,email,emma.cole,1,5
1243,TCK-001243,123,128,2025-02-19,2025-02-19,solved,onboarding,low,chat,ava.nguyen,1,2
1244,TCK-001244,123,128,2026-06-28,2026-06-28,closed,bug,medium,chat,emma.cole,2,2
1245,TCK-001245,123,128,2026-05-13,2026-05-13,solved,onboarding,medium,in_app,jonas.becker,1,
1246,TCK-001246,123,128,2025-04-23,2025-04-23,solved,onboarding,low,phone,emma.cole,2,
1247,TCK-001247,123,128,2025-12-14,2025-12-14,solved,bug,low,in_app,jonas.becker,2,5
1248,TCK-001248,123,128,2025-08-03,2025-08-03,solved,feature_request,medium,email,ava.nguyen,3,
1249,TCK-001249,123,128,2026-06-07,2026-06-08,solved,how_to,medium,email,ava.nguyen,6,1
1250,TCK-001250,123,128,2026-08-29,,open,onboarding,medium,in_app,ava.nguyen,4,
1251,TCK-001251,123,128,2025-12-01,2025-12-01,solved,how_to,low,chat,priya.shah,3,
1252,TCK-001252,123,128,2026-04-17,2026-04-17,closed,feature_request,medium,in_app,emma.cole,2,
1253,TCK-001253,123,128,2026-05-30,2026-05-30,solved,billing,high,in_app,emma.cole,1,
1254,TCK-001254,123,128,2026-02-27,2026-02-27,closed,how_to,high,chat,jonas.becker,2,5
1255,TCK-001255,123,128,2026-06-11,2026-06-11,solved,onboarding,low,email,marcus.holm,1,2
1256,TCK-001256,123,128,2025-03-02,2025-03-02,solved,bug,medium,in_app,emma.cole,1,
1257,TCK-001257,123,128,2025-02-09,2025-02-09,solved,billing,low,email,emma.cole,1,1
1258,TCK-001258,124,129,2026-08-15,2026-08-15,solved,onboarding,low,email,emma.cole,2,
1259,TCK-001259,125,130,2024-11-16,2024-11-16,solved,how_to,low,phone,marcus.holm,6,
1260,TCK-001260,126,131,2026-05-11,2026-05-11,solved,how_to,high,in_app,jonas.becker,1,
1261,TCK-001261,126,131,2026-03-28,2026-03-28,solved,how_to,high,in_app,priya.shah,1,
1262,TCK-001262,126,131,2026-05-22,2026-05-22,solved,onboarding,medium,email,jonas.becker,1,
1263,TCK-001263,128,133,2024-12-19,2024-12-19,solved,how_to,high,chat,emma.cole,2,
1264,TCK-001264,128,133,2024-06-21,2024-06-21,solved,feature_request,medium,in_app,jonas.becker,1,5
1265,TCK-001265,128,133,2025-06-05,2025-06-05,closed,bug,medium,chat,marcus.holm,2,
1266,TCK-001266,128,133,2024-05-22,2024-05-22,solved,how_to,medium,email,ava.nguyen,1,
1267,TCK-001267,128,133,2026-04-09,2026-04-09,solved,billing,low,in_app,emma.cole,1,5
1268,TCK-001268,128,133,2025-10-18,2025-10-18,solved,how_to,urgent,in_app,ava.nguyen,1,
1269,TCK-001269,128,133,2025-10-16,2025-10-16,solved,billing,low,in_app,ava.nguyen,1,
1270,TCK-001270,128,133,2025-10-23,2025-10-23,solved,onboarding,high,email,emma.cole,1,1
1271,TCK-001271,128,133,2024-06-10,2024-06-10,solved,how_to,urgent,in_app,jonas.becker,1,
1272,TCK-001272,128,133,2024-02-25,2024-02-25,solved,how_to,medium,in_app,priya.shah,1,
1273,TCK-001273,128,133,2024-09-10,2024-09-11,solved,feature_request,medium,chat,marcus.holm,9,5
1274,TCK-001274,128,133,2026-03-29,2026-03-29,solved,how_to,medium,in_app,jonas.becker,1,5
1275,TCK-001275,128,133,2024-12-31,2024-12-31,closed,how_to,high,in_app,marcus.holm,1,
1276,TCK-001276,128,133,2024-07-26,2024-07-26,closed,bug,medium,email,jonas.becker,1,
1277,TCK-001277,128,133,2025-07-07,2025-07-07,solved,how_to,high,chat,jonas.becker,1,
1278,TCK-001278,128,133,2025-02-19,2025-02-19,solved,bug,high,chat,marcus.holm,1,4
1279,TCK-001279,128,133,2024-01-12,2024-01-12,closed,bug,medium,phone,marcus.holm,2,
1280,TCK-001280,128,133,2024-09-18,2024-09-21,solved,onboarding,low,chat,marcus.holm,16,3
1281,TCK-001281,128,133,2024-05-28,2024-05-29,solved,bug,medium,chat,ava.nguyen,10,
1282,TCK-001282,129,134,2026-05-24,2026-05-25,solved,feature_request,low,in_app,marcus.holm,4,
1283,TCK-001283,129,134,2026-05-06,2026-05-08,solved,billing,medium,chat,priya.shah,10,
1284,TCK-001284,129,134,2026-03-04,2026-03-05,solved,how_to,low,email,jonas.becker,2,
1285,TCK-001285,129,134,2026-07-09,2026-07-09,closed,how_to,high,email,priya.shah,2,
1286,TCK-001286,129,134,2026-05-11,2026-05-11,solved,bug,medium,email,emma.cole,1,
1287,TCK-001287,129,134,2026-03-20,2026-03-20,solved,feature_request,urgent,in_app,priya.shah,1,5
1288,TCK-001288,129,134,2026-07-10,2026-07-10,solved,bug,medium,email,jonas.becker,1,
1289,TCK-001289,129,134,2026-04-30,2026-04-30,solved,how_to,medium,phone,priya.shah,1,
1290,TCK-001290,130,135,2026-08-04,2026-08-04,solved,bug,high,email,priya.shah,1,
1291,TCK-001291,131,136,2026-08-16,2026-08-16,solved,how_to,high,chat,marcus.holm,1,4
1292,TCK-001292,131,136,2026-06-22,,open,feature_request,high,in_app,emma.cole,8,
1293,TCK-001293,131,136,2026-06-13,2026-06-13,solved,how_to,medium,in_app,emma.cole,2,
1294,TCK-001294,131,136,2025-02-16,2025-02-16,closed,outage,urgent,email,marcus.holm,1,
1295,TCK-001295,131,136,2026-06-05,2026-06-05,solved,how_to,low,in_app,priya.shah,1,2
1296,TCK-001296,131,136,2026-04-07,2026-04-07,solved,bug,medium,in_app,jonas.becker,1,
1297,TCK-001297,131,136,2026-04-04,2026-04-04,solved,billing,high,in_app,priya.shah,3,
1298,TCK-001298,131,136,2026-01-03,2026-01-03,solved,feature_request,medium,in_app,emma.cole,3,
1299,TCK-001299,131,136,2026-02-07,2026-02-07,solved,bug,medium,chat,emma.cole,1,5
1300,TCK-001300,131,136,2026-03-16,2026-03-16,solved,how_to,low,email,marcus.holm,1,
1301,TCK-001301,131,136,2025-06-13,2025-06-14,solved,how_to,medium,chat,emma.cole,11,
1302,TCK-001302,131,136,2025-07-26,2025-07-26,solved,bug,low,email,jonas.becker,1,
1303,TCK-001303,131,136,2025-12-17,2025-12-17,solved,how_to,urgent,email,jonas.becker,1,5
1304,TCK-001304,131,136,2026-07-23,2026-07-24,closed,feature_request,medium,chat,jonas.becker,7,
1305,TCK-001305,131,136,2026-08-01,2026-08-01,solved,bug,medium,email,marcus.holm,1,
1306,TCK-001306,131,136,2026-07-22,2026-07-22,closed,billing,low,in_app,ava.nguyen,1,5
1307,TCK-001307,131,136,2026-02-27,2026-02-27,solved,billing,medium,chat,emma.cole,2,5
1308,TCK-001308,131,136,2025-09-13,2025-09-13,solved,how_to,high,email,priya.shah,1,4
1309,TCK-001309,131,136,2025-04-16,2025-04-16,closed,bug,high,in_app,marcus.holm,1,
1310,TCK-001310,131,136,2025-04-19,2025-04-19,solved,how_to,high,chat,jonas.becker,1,
1311,TCK-001311,131,136,2026-01-17,2026-01-17,solved,onboarding,medium,in_app,ava.nguyen,2,5
1312,TCK-001312,131,136,2025-04-18,2025-04-18,solved,bug,low,email,jonas.becker,1,
1313,TCK-001313,132,137,2025-03-02,2025-03-03,solved,billing,low,email,jonas.becker,2,5
1314,TCK-001314,133,138,2025-03-12,2025-03-12,closed,how_to,low,chat,priya.shah,3,
1315,TCK-001315,133,138,2026-07-13,2026-07-13,closed,bug,medium,chat,emma.cole,1,
1316,TCK-001316,133,138,2026-06-11,2026-06-11,closed,outage,high,email,marcus.holm,1,
1317,TCK-001317,133,138,2025-05-03,2025-05-03,closed,bug,medium,email,priya.shah,1,4
1318,TCK-001318,133,138,2026-05-30,2026-05-30,solved,bug,medium,chat,emma.cole,2,
1319,TCK-001319,133,138,2025-12-03,2025-12-03,solved,how_to,medium,email,priya.shah,1,5
1320,TCK-001320,133,138,2025-03-07,2025-03-07,closed,feature_request,medium,email,emma.cole,1,5
1321,TCK-001321,133,138,2025-10-05,2025-10-05,solved,onboarding,high,chat,marcus.holm,1,5
1322,TCK-001322,133,138,2026-01-09,2026-01-09,closed,how_to,high,in_app,ava.nguyen,2,
1323,TCK-001323,133,138,2025-04-17,2025-04-17,solved,billing,medium,email,ava.nguyen,3,5
1324,TCK-001324,133,138,2024-12-12,2024-12-13,solved,how_to,medium,in_app,emma.cole,1,4
1325,TCK-001325,133,138,2025-04-18,2025-04-18,solved,bug,high,phone,emma.cole,1,
1326,TCK-001326,133,138,2026-07-20,2026-07-21,solved,onboarding,high,email,marcus.holm,6,5
1327,TCK-001327,133,138,2025-08-03,2025-08-03,solved,how_to,high,phone,marcus.holm,1,4
1328,TCK-001328,133,138,2025-04-04,2025-04-04,solved,bug,medium,email,priya.shah,3,
1329,TCK-001329,133,138,2025-07-01,2025-07-01,solved,bug,medium,email,emma.cole,1,
1330,TCK-001330,133,138,2025-11-09,2025-11-09,solved,how_to,high,email,emma.cole,1,
1331,TCK-001331,133,138,2026-08-04,2026-08-04,solved,billing,medium,in_app,priya.shah,1,4
1332,TCK-001332,133,138,2025-07-15,2025-07-16,solved,how_to,medium,in_app,jonas.becker,10,3
1333,TCK-001333,133,138,2026-03-29,2026-03-29,solved,how_to,high,email,marcus.holm,1,4
1334,TCK-001334,134,139,2026-06-10,2026-06-10,solved,onboarding,medium,email,marcus.holm,1,1
1335,TCK-001335,135,140,2024-11-26,2024-11-26,solved,feature_request,low,email,marcus.holm,1,4
1336,TCK-001336,135,140,2026-01-24,2026-01-24,solved,bug,high,in_app,marcus.holm,2,
1337,TCK-001337,135,140,2024-09-29,2024-09-30,closed,how_to,medium,email,emma.cole,8,
1338,TCK-001338,136,141,2026-08-03,2026-08-03,closed,onboarding,low,in_app,ava.nguyen,1,
1339,TCK-001339,136,141,2026-07-22,2026-07-22,solved,feature_request,low,email,jonas.becker,2,4
1340,TCK-001340,137,142,2026-01-10,2026-01-10,solved,how_to,medium,in_app,emma.cole,2,5
1341,TCK-001341,137,142,2026-03-04,2026-03-04,solved,bug,low,in_app,priya.shah,2,
1342,TCK-001342,137,142,2026-01-31,2026-01-31,solved,bug,high,chat,emma.cole,1,5
1343,TCK-001343,137,142,2026-03-14,2026-03-14,solved,how_to,medium,email,marcus.holm,4,
1344,TCK-001344,137,142,2026-02-17,2026-02-17,solved,billing,medium,email,ava.nguyen,1,1
1345,TCK-001345,137,142,2026-01-26,,open,bug,medium,in_app,priya.shah,4,
1346,TCK-001346,137,142,2026-01-24,2026-01-25,solved,how_to,medium,in_app,ava.nguyen,12,3
1347,TCK-001347,137,142,2026-01-11,,open,how_to,medium,in_app,priya.shah,8,
1348,TCK-001348,138,143,2026-05-28,2026-05-28,solved,bug,medium,phone,jonas.becker,1,
1349,TCK-001349,138,143,2026-05-23,2026-05-23,solved,onboarding,medium,email,jonas.becker,2,
1350,TCK-001350,139,144,2026-06-28,2026-06-28,solved,bug,high,email,emma.cole,1,4
1351,TCK-001351,139,144,2025-10-07,2025-10-07,solved,bug,medium,in_app,ava.nguyen,1,5
1352,TCK-001352,139,144,2026-01-17,2026-01-18,solved,how_to,low,email,ava.nguyen,4,4
1353,TCK-001353,139,144,2025-09-11,2025-09-12,solved,how_to,low,chat,ava.nguyen,5,
1354,TCK-001354,139,144,2025-09-25,2025-09-26,solved,onboarding,low,in_app,priya.shah,5,
1355,TCK-001355,139,144,2026-02-02,2026-02-02,solved,onboarding,medium,email,marcus.holm,1,
1356,TCK-001356,139,144,2026-06-20,2026-06-20,solved,how_to,medium,in_app,priya.shah,1,
1357,TCK-001357,139,144,2026-03-20,2026-03-20,solved,how_to,low,email,emma.cole,2,3
1358,TCK-001358,139,144,2026-07-30,2026-07-30,closed,billing,medium,phone,emma.cole,1,
1359,TCK-001359,140,145,2025-08-03,2025-08-03,closed,how_to,low,phone,jonas.becker,2,
1360,TCK-001360,140,145,2025-03-12,2025-03-12,closed,bug,low,email,priya.shah,2,
1361,TCK-001361,140,145,2025-06-26,2025-06-27,closed,how_to,low,in_app,jonas.becker,3,
1362,TCK-001362,140,145,2026-05-27,2026-05-27,solved,bug,low,email,marcus.holm,2,
1363,TCK-001363,140,145,2025-08-02,2025-08-02,solved,bug,medium,email,jonas.becker,1,
1364,TCK-001364,140,145,2026-01-06,2026-01-06,solved,onboarding,high,in_app,emma.cole,1,5
1365,TCK-001365,140,145,2025-10-05,2025-10-05,solved,how_to,medium,in_app,ava.nguyen,1,
1366,TCK-001366,140,145,2026-06-25,2026-06-25,solved,outage,urgent,email,emma.cole,1,
1367,TCK-001367,140,145,2025-08-08,2025-08-08,solved,onboarding,medium,email,ava.nguyen,1,
1368,TCK-001368,140,145,2025-03-07,2025-03-07,solved,onboarding,urgent,chat,ava.nguyen,1,
1369,TCK-001369,140,145,2026-05-20,2026-05-20,solved,how_to,urgent,email,marcus.holm,1,4
1370,TCK-001370,140,145,2026-03-31,2026-03-31,solved,onboarding,high,chat,ava.nguyen,1,
1371,TCK-001371,140,145,2026-05-13,2026-05-13,solved,onboarding,high,in_app,emma.cole,2,
1372,TCK-001372,140,145,2025-02-28,2025-02-28,solved,how_to,urgent,email,marcus.holm,1,
1373,TCK-001373,140,145,2025-10-28,2025-10-28,solved,bug,low,phone,emma.cole,1,
1374,TCK-001374,140,145,2025-10-04,2025-10-04,solved,bug,low,email,marcus.holm,1,5
1375,TCK-001375,140,145,2025-10-04,2025-10-04,solved,how_to,medium,in_app,priya.shah,1,
1376,TCK-001376,140,145,2025-12-05,2025-12-07,solved,billing,low,email,jonas.becker,6,
1377,TCK-001377,140,145,2025-04-09,2025-04-09,closed,bug,high,chat,emma.cole,1,
1378,TCK-001378,140,145,2025-11-26,2025-11-26,solved,billing,low,chat,jonas.becker,1,5
1379,TCK-001379,140,145,2025-08-22,2025-08-22,closed,how_to,low,in_app,jonas.becker,3,5
1380,TCK-001380,140,145,2025-04-16,2025-04-17,closed,how_to,low,in_app,priya.shah,10,4
1381,TCK-001381,140,145,2026-02-02,,open,billing,low,in_app,priya.shah,8,
1382,TCK-001382,140,145,2025-06-01,2025-06-01,solved,how_to,low,email,ava.nguyen,1,5
1383,TCK-001383,140,145,2025-02-05,2025-02-06,solved,how_to,medium,in_app,jonas.becker,2,
1384,TCK-001384,141,146,2024-03-29,2024-03-29,solved,bug,low,email,jonas.becker,1,4
1385,TCK-001385,141,146,2025-03-22,2025-03-22,closed,feature_request,medium,email,emma.cole,4,
1386,TCK-001386,141,146,2025-11-11,2025-11-11,solved,how_to,low,in_app,ava.nguyen,1,4
1387,TCK-001387,141,146,2024-03-29,2024-03-29,solved,how_to,high,email,jonas.becker,1,
1388,TCK-001388,141,146,2026-04-18,2026-04-18,solved,feature_request,medium,email,jonas.becker,1,
1389,TCK-001389,141,146,2024-05-04,2024-05-05,solved,how_to,medium,email,marcus.holm,6,
1390,TCK-001390,141,146,2026-08-22,2026-08-22,solved,bug,medium,in_app,emma.cole,1,
1391,TCK-001391,141,146,2024-06-12,2024-06-12,closed,billing,medium,in_app,ava.nguyen,1,5
1392,TCK-001392,141,146,2024-09-08,2024-09-08,solved,how_to,medium,email,emma.cole,2,
1393,TCK-001393,141,146,2024-04-28,2024-04-28,solved,how_to,medium,email,jonas.becker,1,
1394,TCK-001394,141,146,2025-05-09,2025-05-09,solved,how_to,low,in_app,ava.nguyen,1,
1395,TCK-001395,141,146,2024-10-16,2024-10-16,closed,how_to,medium,in_app,emma.cole,1,
1396,TCK-001396,141,146,2025-06-10,2025-06-10,closed,bug,low,in_app,ava.nguyen,3,5
1397,TCK-001397,141,146,2024-07-08,2024-07-08,solved,how_to,high,email,marcus.holm,1,
1398,TCK-001398,141,146,2024-03-13,2024-03-14,solved,onboarding,high,phone,marcus.holm,1,
1399,TCK-001399,141,146,2024-10-01,2024-10-01,solved,feature_request,medium,email,jonas.becker,4,5
1400,TCK-001400,141,146,2024-12-29,2024-12-29,solved,bug,medium,in_app,ava.nguyen,2,
1401,TCK-001401,141,146,2025-07-09,2025-07-09,solved,feature_request,medium,phone,ava.nguyen,1,
1402,TCK-001402,141,146,2025-09-22,2025-09-22,solved,feature_request,medium,in_app,marcus.holm,1,
1403,TCK-001403,141,146,2026-08-17,2026-08-17,solved,billing,low,email,emma.cole,1,
1404,TCK-001404,141,146,2024-07-04,2024-07-04,closed,feature_request,medium,email,jonas.becker,4,
1405,TCK-001405,141,146,2024-10-04,,open,feature_request,low,in_app,jonas.becker,4,
1406,TCK-001406,141,146,2024-03-30,2024-03-30,solved,how_to,low,chat,marcus.holm,2,4
1407,TCK-001407,143,148,2026-05-24,2026-05-24,solved,how_to,medium,email,emma.cole,5,5
1408,TCK-001408,143,148,2026-08-16,2026-08-16,solved,how_to,low,in_app,ava.nguyen,1,5
1409,TCK-001409,143,148,2026-05-13,2026-05-14,solved,how_to,medium,email,marcus.holm,7,4
1410,TCK-001410,143,148,2026-05-23,2026-05-24,closed,billing,medium,in_app,marcus.holm,2,4
1411,TCK-001411,143,148,2026-06-15,2026-06-15,closed,outage,high,email,emma.cole,1,
1412,TCK-001412,144,149,2025-05-23,2025-05-23,solved,bug,medium,chat,ava.nguyen,1,
1413,TCK-001413,144,149,2024-07-21,2024-07-21,solved,billing,low,email,jonas.becker,2,
1414,TCK-001414,144,149,2023-05-12,2023-05-12,solved,bug,low,in_app,emma.cole,1,4
1415,TCK-001415,144,149,2023-11-09,2023-11-09,closed,outage,urgent,email,marcus.holm,1,
1416,TCK-001416,144,149,2023-09-11,2023-09-13,solved,bug,low,in_app,jonas.becker,11,
1417,TCK-001417,144,149,2024-12-16,2024-12-16,solved,bug,low,email,priya.shah,2,
1418,TCK-001418,144,149,2025-02-25,,open,how_to,medium,email,unassigned,24,
1419,TCK-001419,144,149,2025-01-16,2025-01-16,solved,how_to,high,email,emma.cole,1,2
1420,TCK-001420,144,149,2026-05-10,2026-05-10,solved,how_to,medium,email,priya.shah,2,
1421,TCK-001421,144,149,2025-12-05,2025-12-05,solved,feature_request,medium,email,jonas.becker,1,
1422,TCK-001422,144,149,2026-03-06,2026-03-06,closed,billing,low,email,priya.shah,5,2
1423,TCK-001423,144,149,2025-07-24,2025-07-24,solved,bug,medium,email,jonas.becker,2,5
1424,TCK-001424,144,149,2024-03-30,2024-03-31,solved,bug,low,in_app,ava.nguyen,2,5
1425,TCK-001425,144,149,2025-03-17,2025-03-17,closed,feature_request,low,email,jonas.becker,1,
1426,TCK-001426,144,149,2026-07-16,2026-07-16,solved,how_to,medium,email,marcus.holm,1,
1427,TCK-001427,144,149,2025-09-27,2025-09-27,closed,outage,urgent,email,marcus.holm,1,1
1428,TCK-001428,144,149,2024-05-04,2024-05-05,closed,bug,medium,phone,jonas.becker,1,
1429,TCK-001429,144,149,2026-05-23,2026-05-23,solved,bug,medium,chat,priya.shah,1,
1430,TCK-001430,144,149,2026-01-04,2026-01-04,solved,bug,medium,chat,emma.cole,1,
1431,TCK-001431,144,149,2024-12-18,2024-12-18,solved,onboarding,urgent,email,marcus.holm,1,5
1432,TCK-001432,144,149,2025-11-19,2025-11-19,solved,feature_request,low,chat,marcus.holm,4,
1433,TCK-001433,144,149,2025-12-15,2025-12-15,solved,onboarding,urgent,in_app,ava.nguyen,1,
1434,TCK-001434,144,149,2024-11-28,2024-11-28,closed,feature_request,urgent,chat,marcus.holm,1,
1435,TCK-001435,144,149,2025-06-01,2025-06-01,solved,how_to,medium,in_app,emma.cole,1,4
1436,TCK-001436,144,149,2024-10-11,2024-10-11,closed,feature_request,high,in_app,ava.nguyen,1,4
1437,TCK-001437,144,149,2024-11-21,2024-11-22,closed,billing,medium,in_app,jonas.becker,3,
1438,TCK-001438,144,149,2025-05-25,2025-05-27,solved,bug,medium,phone,jonas.becker,4,
1439,TCK-001439,144,149,2026-04-21,2026-04-21,solved,how_to,medium,email,priya.shah,1,
1440,TCK-001440,146,151,2026-05-26,2026-05-26,solved,feature_request,high,in_app,emma.cole,4,
1441,TCK-001441,146,151,2026-02-11,,open,how_to,medium,email,marcus.holm,8,
1442,TCK-001442,146,151,2026-05-27,2026-05-27,closed,bug,medium,in_app,priya.shah,1,3
1443,TCK-001443,146,151,2026-03-29,2026-03-29,solved,bug,medium,chat,jonas.becker,1,
1444,TCK-001444,146,151,2026-06-19,2026-06-20,solved,billing,medium,email,marcus.holm,3,
1445,TCK-001445,146,151,2026-04-16,2026-04-16,solved,how_to,medium,in_app,priya.shah,1,
1446,TCK-001446,146,151,2026-04-04,2026-04-04,closed,how_to,low,email,jonas.becker,1,5
1447,TCK-001447,147,152,2025-04-04,2025-04-04,solved,bug,low,chat,emma.cole,1,
1448,TCK-001448,147,152,2025-09-19,2025-09-19,solved,billing,high,email,emma.cole,7,
1449,TCK-001449,147,152,2024-10-21,2024-10-21,solved,onboarding,medium,chat,priya.shah,7,4
1450,TCK-001450,147,152,2025-09-25,2025-09-25,closed,bug,medium,email,priya.shah,1,
1451,TCK-001451,147,152,2024-05-26,2024-05-26,solved,how_to,medium,in_app,marcus.holm,4,3
1452,TCK-001452,147,152,2026-01-09,2026-01-09,solved,onboarding,medium,email,jonas.becker,1,
1453,TCK-001453,147,152,2024-04-13,2024-04-13,solved,bug,medium,chat,priya.shah,1,5
1454,TCK-001454,147,152,2026-08-04,2026-08-04,solved,how_to,medium,phone,priya.shah,2,
1455,TCK-001455,147,152,2025-11-18,2025-11-18,solved,bug,medium,chat,emma.cole,2,3
1456,TCK-001456,147,152,2023-03-05,2023-03-05,closed,feature_request,low,in_app,jonas.becker,2,5
1457,TCK-001457,148,153,2025-12-22,2025-12-22,solved,billing,medium,email,marcus.holm,2,4
1458,TCK-001458,148,153,2023-07-18,2023-07-18,solved,onboarding,low,email,ava.nguyen,1,
1459,TCK-001459,148,153,2024-11-02,2024-11-02,solved,how_to,medium,in_app,emma.cole,1,
1460,TCK-001460,148,153,2023-06-27,2023-06-27,solved,outage,urgent,email,jonas.becker,6,
1461,TCK-001461,148,153,2026-06-26,,open,bug,low,chat,emma.cole,2,
1462,TCK-001462,148,153,2025-08-17,2025-08-17,solved,feature_request,low,chat,priya.shah,1,
1463,TCK-001463,148,153,2024-10-02,2024-10-02,solved,billing,medium,email,priya.shah,3,5
1464,TCK-001464,148,153,2024-04-21,2024-04-22,closed,feature_request,medium,chat,marcus.holm,2,
1465,TCK-001465,148,153,2023-09-07,2023-09-07,solved,feature_request,medium,phone,marcus.holm,1,4
1466,TCK-001466,148,153,2025-12-06,2025-12-07,solved,feature_request,medium,in_app,ava.nguyen,2,
1467,TCK-001467,148,153,2025-07-21,2025-07-21,closed,how_to,medium,email,jonas.becker,1,5
1468,TCK-001468,148,153,2024-02-21,2024-02-21,solved,billing,high,email,jonas.becker,1,2
1469,TCK-001469,148,153,2024-10-24,2024-10-24,solved,how_to,low,in_app,priya.shah,1,
1470,TCK-001470,148,153,2026-06-23,2026-06-24,solved,billing,medium,in_app,jonas.becker,10,
1471,TCK-001471,148,153,2026-05-08,2026-05-08,solved,bug,medium,email,priya.shah,2,
1472,TCK-001472,148,153,2024-11-02,2024-11-02,solved,how_to,low,in_app,emma.cole,1,
1473,TCK-001473,148,153,2023-03-06,2023-03-06,solved,how_to,low,email,jonas.becker,1,
1474,TCK-001474,148,153,2025-04-17,2025-04-17,closed,bug,high,chat,marcus.holm,1,
1475,TCK-001475,148,153,2026-02-02,2026-02-02,solved,bug,low,in_app,ava.nguyen,1,2
1476,TCK-001476,148,153,2024-10-17,2024-10-17,solved,feature_request,medium,email,emma.cole,1,1
1477,TCK-001477,148,153,2024-08-10,2024-08-10,solved,how_to,high,in_app,jonas.becker,1,3
1478,TCK-001478,148,153,2023-06-16,2023-06-16,solved,how_to,medium,email,emma.cole,1,
1479,TCK-001479,148,153,2023-05-12,2023-05-12,solved,bug,urgent,in_app,emma.cole,2,4
1480,TCK-001480,148,153,2025-07-23,2025-07-23,closed,how_to,low,in_app,ava.nguyen,1,1
1481,TCK-001481,148,153,2024-07-09,2024-07-09,solved,feature_request,medium,chat,priya.shah,3,
1482,TCK-001482,148,153,2023-06-05,2023-06-05,solved,billing,medium,in_app,jonas.becker,1,
1483,TCK-001483,148,153,2026-02-18,2026-02-18,solved,billing,high,in_app,emma.cole,1,
1484,TCK-001484,148,153,2024-04-29,2024-04-29,closed,feature_request,medium,email,ava.nguyen,1,
1485,TCK-001485,148,153,2024-09-24,2024-09-24,solved,how_to,low,email,ava.nguyen,1,
1486,TCK-001486,148,153,2024-06-28,,open,how_to,high,in_app,marcus.holm,8,
1487,TCK-001487,148,153,2023-04-05,2023-04-05,solved,bug,low,email,jonas.becker,1,
1488,TCK-001488,148,153,2026-03-01,2026-03-01,solved,bug,medium,in_app,ava.nguyen,4,
1489,TCK-001489,148,153,2024-10-24,2024-10-26,solved,bug,medium,email,emma.cole,13,5
1490,TCK-001490,148,153,2023-07-25,2023-07-25,solved,feature_request,high,email,priya.shah,1,
1491,TCK-001491,148,153,2026-05-26,2026-05-28,solved,bug,low,in_app,jonas.becker,18,
1492,TCK-001492,148,153,2023-08-28,2023-08-28,solved,feature_request,medium,email,ava.nguyen,1,2
1493,TCK-001493,148,153,2026-06-12,2026-06-12,solved,how_to,low,email,emma.cole,1,3
1494,TCK-001494,148,153,2023-08-06,2023-08-06,closed,bug,low,chat,priya.shah,2,3
1495,TCK-001495,148,153,2025-11-12,2025-11-12,solved,how_to,high,in_app,emma.cole,1,
1496,TCK-001496,148,153,2024-09-10,2024-09-10,solved,how_to,high,email,emma.cole,1,5
1497,TCK-001497,148,153,2023-06-29,2023-06-29,solved,bug,medium,in_app,marcus.holm,4,
1498,TCK-001498,148,153,2024-03-21,2024-03-21,solved,billing,medium,email,ava.nguyen,1,5
1499,TCK-001499,148,153,2024-05-17,2024-05-17,solved,billing,high,email,priya.shah,1,4
1500,TCK-001500,148,153,2024-10-11,2024-10-11,solved,feature_request,low,phone,ava.nguyen,1,5
1501,TCK-001501,148,153,2024-02-27,2024-02-27,solved,how_to,medium,in_app,jonas.becker,5,2
1502,TCK-001502,148,153,2025-02-10,2025-02-10,solved,how_to,medium,chat,ava.nguyen,2,5
1503,TCK-001503,148,153,2026-06-19,2026-06-19,closed,bug,high,email,priya.shah,1,
1504,TCK-001504,148,153,2026-02-02,2026-02-03,solved,bug,low,email,emma.cole,3,5
1505,TCK-001505,148,153,2023-06-06,2023-06-07,solved,onboarding,medium,email,marcus.holm,3,1
1506,TCK-001506,148,153,2024-08-18,2024-08-18,solved,how_to,low,email,ava.nguyen,1,
1507,TCK-001507,148,153,2026-08-07,2026-08-08,solved,onboarding,medium,email,priya.shah,12,
1508,TCK-001508,148,153,2024-05-18,2024-05-18,closed,bug,medium,in_app,ava.nguyen,1,
1509,TCK-001509,148,153,2023-09-08,2023-09-08,solved,how_to,medium,phone,ava.nguyen,1,
1510,TCK-001510,148,153,2026-03-24,2026-03-24,solved,how_to,medium,email,jonas.becker,3,5
1511,TCK-001511,148,153,2026-04-05,2026-04-05,closed,billing,low,in_app,marcus.holm,4,
1512,TCK-001512,148,153,2024-05-11,2024-05-13,solved,feature_request,low,email,ava.nguyen,9,
1513,TCK-001513,148,153,2025-12-11,2025-12-11,closed,feature_request,medium,email,ava.nguyen,1,
1514,TCK-001514,148,153,2024-01-28,2024-01-28,closed,billing,high,email,ava.nguyen,1,2
1515,TCK-001515,148,153,2025-12-24,2025-12-24,solved,how_to,medium,email,jonas.becker,5,3
1516,TCK-001516,149,154,2025-12-01,2025-12-01,solved,how_to,low,chat,emma.cole,1,3
1517,TCK-001517,149,154,2025-11-21,2025-11-21,solved,how_to,medium,chat,ava.nguyen,2,
1518,TCK-001518,149,154,2025-03-08,2025-03-08,solved,feature_request,medium,chat,ava.nguyen,2,
1519,TCK-001519,149,154,2025-03-30,2025-03-30,solved,feature_request,low,chat,priya.shah,2,5
1520,TCK-001520,149,154,2024-12-13,2024-12-15,solved,billing,low,in_app,ava.nguyen,4,
1521,TCK-001521,149,154,2024-05-24,,open,feature_request,medium,email,marcus.holm,2,
1522,TCK-001522,149,154,2025-02-01,2025-02-01,solved,bug,low,in_app,ava.nguyen,1,
1523,TCK-001523,149,154,2024-09-12,2024-09-12,solved,bug,medium,email,marcus.holm,1,
1524,TCK-001524,149,154,2024-09-04,2024-09-04,closed,bug,high,email,emma.cole,2,5
1525,TCK-001525,149,154,2024-04-19,2024-04-19,closed,onboarding,medium,chat,ava.nguyen,1,
1526,TCK-001526,149,154,2025-02-13,2025-02-13,closed,how_to,medium,email,priya.shah,1,
1527,TCK-001527,149,154,2024-09-07,2024-09-07,solved,how_to,low,email,ava.nguyen,1,4
1528,TCK-001528,149,154,2024-08-11,2024-08-12,solved,how_to,medium,email,priya.shah,3,5
1529,TCK-001529,149,154,2024-08-02,2024-08-02,closed,how_to,urgent,chat,jonas.becker,1,5
1530,TCK-001530,149,154,2024-10-09,2024-10-09,closed,bug,low,chat,priya.shah,5,
1531,TCK-001531,149,154,2024-06-25,2024-06-26,closed,feature_request,low,in_app,jonas.becker,6,
1532,TCK-001532,149,154,2025-03-12,2025-03-12,solved,how_to,low,email,emma.cole,1,
1533,TCK-001533,149,154,2025-08-31,2025-09-01,closed,bug,medium,in_app,emma.cole,5,
1534,TCK-001534,149,154,2025-08-31,2025-08-31,closed,bug,medium,email,ava.nguyen,1,5
1535,TCK-001535,149,154,2024-09-30,2024-09-30,solved,how_to,urgent,email,ava.nguyen,1,
1536,TCK-001536,149,154,2025-08-15,2025-08-15,closed,how_to,medium,chat,ava.nguyen,1,
1537,TCK-001537,149,154,2025-03-12,2025-03-12,solved,how_to,high,email,priya.shah,1,
1538,TCK-001538,149,154,2025-06-19,2025-06-19,solved,feature_request,medium,email,jonas.becker,4,
1539,TCK-001539,149,154,2025-08-19,2025-08-19,solved,onboarding,medium,in_app,emma.cole,1,
1540,TCK-001540,149,154,2024-10-16,2024-10-16,solved,how_to,medium,email,ava.nguyen,4,5
1541,TCK-001541,149,154,2025-02-06,2025-02-06,solved,bug,urgent,in_app,marcus.holm,2,
1542,TCK-001542,149,154,2025-02-15,2025-02-15,closed,outage,urgent,in_app,jonas.becker,1,
1543,TCK-001543,150,155,2026-04-17,2026-04-17,closed,how_to,urgent,in_app,marcus.holm,1,5
1544,TCK-001544,150,155,2025-11-02,2025-11-02,closed,bug,low,chat,marcus.holm,1,3
1545,TCK-001545,150,155,2026-02-22,2026-02-22,solved,bug,medium,email,emma.cole,1,5
1546,TCK-001546,150,155,2026-07-10,2026-07-10,closed,feature_request,medium,email,emma.cole,1,
1547,TCK-001547,150,155,2025-06-24,2025-06-24,solved,how_to,low,chat,marcus.holm,3,3
1548,TCK-001548,150,155,2025-07-12,2025-07-12,solved,feature_request,low,in_app,ava.nguyen,1,
1549,TCK-001549,150,155,2024-12-24,2024-12-24,solved,bug,low,email,emma.cole,1,5
1550,TCK-001550,150,155,2025-09-23,2025-09-23,solved,how_to,low,in_app,ava.nguyen,1,3
1551,TCK-001551,150,155,2026-03-30,2026-03-30,solved,bug,medium,in_app,marcus.holm,1,4
1552,TCK-001552,150,155,2025-11-15,2025-11-16,solved,feature_request,medium,email,priya.shah,6,
1553,TCK-001553,150,155,2025-03-29,2025-03-29,solved,feature_request,medium,chat,ava.nguyen,3,
1554,TCK-001554,150,155,2026-04-15,2026-04-15,solved,feature_request,medium,in_app,emma.cole,5,
1555,TCK-001555,150,155,2025-05-24,2025-05-24,solved,onboarding,medium,email,jonas.becker,1,
1556,TCK-001556,150,155,2026-07-29,2026-07-29,closed,how_to,low,in_app,jonas.becker,1,5
1557,TCK-001557,150,155,2025-06-28,2025-06-29,solved,how_to,low,email,ava.nguyen,4,
1558,TCK-001558,150,155,2026-06-11,2026-06-11,solved,bug,medium,in_app,priya.shah,1,
1559,TCK-001559,150,155,2025-07-23,2025-07-23,closed,feature_request,medium,email,emma.cole,1,
1560,TCK-001560,150,155,2025-12-21,2025-12-23,solved,billing,medium,phone,marcus.holm,3,
1561,TCK-001561,150,155,2026-06-27,2026-06-27,closed,onboarding,medium,email,marcus.holm,1,4
1562,TCK-001562,150,155,2025-02-11,2025-02-11,solved,how_to,urgent,email,priya.shah,2,4
1563,TCK-001563,150,155,2025-03-04,,open,feature_request,medium,email,ava.nguyen,24,
1564,TCK-001564,150,155,2025-05-10,2025-05-10,closed,outage,high,email,jonas.becker,1,5
1565,TCK-001565,151,156,2025-08-26,2025-08-29,closed,billing,low,chat,marcus.holm,10,
1566,TCK-001566,152,157,2026-05-27,2026-05-30,solved,onboarding,medium,email,priya.shah,22,
1567,TCK-001567,152,157,2024-09-07,2024-09-07,solved,how_to,medium,email,jonas.becker,1,3
1568,TCK-001568,152,157,2025-08-22,2025-08-22,solved,how_to,medium,email,jonas.becker,1,
1569,TCK-001569,152,157,2025-09-25,2025-09-25,solved,how_to,low,email,emma.cole,1,
1570,TCK-001570,152,157,2025-07-30,2025-07-30,solved,how_to,medium,email,emma.cole,1,
1571,TCK-001571,152,157,2024-03-13,2024-03-13,solved,how_to,high,email,priya.shah,1,
1572,TCK-001572,152,157,2026-08-27,2026-08-27,closed,bug,medium,in_app,jonas.becker,1,4
1573,TCK-001573,152,157,2024-07-18,2024-07-18,solved,how_to,medium,chat,ava.nguyen,5,3
1574,TCK-001574,152,157,2025-10-15,2025-10-15,closed,feature_request,medium,email,jonas.becker,1,5
1575,TCK-001575,152,157,2026-07-13,2026-07-13,solved,how_to,low,email,priya.shah,4,
1576,TCK-001576,152,157,2024-06-29,2024-06-29,solved,billing,medium,email,marcus.holm,1,
1577,TCK-001577,152,157,2026-06-20,2026-06-20,solved,bug,medium,email,ava.nguyen,1,5
1578,TCK-001578,152,157,2024-04-24,2024-04-24,solved,onboarding,high,chat,priya.shah,1,1
1579,TCK-001579,152,157,2024-09-01,,open,bug,high,email,jonas.becker,4,
1580,TCK-001580,152,157,2025-03-16,2025-03-16,closed,feature_request,medium,chat,emma.cole,1,
1581,TCK-001581,152,157,2025-11-23,2025-11-23,solved,onboarding,urgent,in_app,priya.shah,1,
1582,TCK-001582,153,158,2024-09-10,2024-09-10,solved,bug,low,in_app,emma.cole,7,
1583,TCK-001583,153,158,2024-04-19,2024-04-19,solved,billing,low,chat,jonas.becker,1,
1584,TCK-001584,153,158,2024-01-23,2024-01-23,solved,how_to,medium,in_app,jonas.becker,1,
1585,TCK-001585,153,158,2024-05-11,2024-05-11,closed,onboarding,medium,email,ava.nguyen,1,4
1586,TCK-001586,153,158,2023-11-04,2023-11-04,closed,how_to,low,email,ava.nguyen,4,5
1587,TCK-001587,153,158,2024-08-29,2024-08-30,solved,bug,medium,email,ava.nguyen,9,5
1588,TCK-001588,153,158,2024-08-25,2024-08-25,solved,how_to,high,in_app,jonas.becker,1,
1589,TCK-001589,153,158,2024-04-08,2024-04-08,solved,how_to,medium,in_app,marcus.holm,1,
1590,TCK-001590,153,158,2024-02-23,2024-02-23,solved,how_to,medium,in_app,priya.shah,2,5
1591,TCK-001591,153,158,2023-12-10,2023-12-10,solved,outage,high,in_app,emma.cole,1,3
1592,TCK-001592,153,158,2024-02-13,2024-02-13,solved,how_to,urgent,email,priya.shah,1,3
1593,TCK-001593,153,158,2024-07-06,2024-07-06,solved,bug,medium,email,ava.nguyen,1,
1594,TCK-001594,153,158,2024-01-01,2024-01-01,solved,how_to,high,phone,ava.nguyen,1,
1595,TCK-001595,153,158,2024-09-13,2024-09-13,solved,feature_request,low,in_app,priya.shah,3,3
1596,TCK-001596,155,160,2024-11-15,2024-11-15,closed,how_to,urgent,email,emma.cole,1,
1597,TCK-001597,155,160,2025-03-06,2025-03-06,solved,how_to,medium,in_app,jonas.becker,1,
1598,TCK-001598,155,160,2024-10-16,2024-10-16,solved,how_to,medium,email,emma.cole,1,5
1599,TCK-001599,155,160,2024-09-19,2024-09-20,solved,how_to,high,chat,ava.nguyen,2,3
1600,TCK-001600,156,161,2025-09-05,2025-09-05,solved,feature_request,low,email,marcus.holm,1,5
1601,TCK-001601,156,161,2026-02-02,2026-02-02,solved,how_to,low,chat,marcus.holm,2,
1602,TCK-001602,156,161,2025-03-22,2025-03-22,solved,how_to,medium,in_app,marcus.holm,4,
1603,TCK-001603,156,161,2025-04-28,2025-04-28,solved,how_to,medium,email,marcus.holm,1,
1604,TCK-001604,156,161,2025-07-31,2025-07-31,closed,how_to,high,in_app,ava.nguyen,1,5
1605,TCK-001605,156,161,2025-10-18,2025-10-18,solved,feature_request,medium,in_app,ava.nguyen,1,5
1606,TCK-001606,156,161,2025-07-12,2025-07-12,solved,feature_request,medium,chat,marcus.holm,1,
1607,TCK-001607,157,162,2026-07-27,2026-08-01,closed,how_to,medium,email,marcus.holm,32,1
1608,TCK-001608,158,163,2026-06-13,2026-06-13,solved,bug,low,in_app,jonas.becker,1,
1609,TCK-001609,160,165,2025-12-19,2025-12-19,solved,how_to,medium,email,priya.shah,1,
1610,TCK-001610,160,165,2025-11-21,,open,bug,high,in_app,unassigned,,
1611,TCK-001611,160,165,2025-09-02,2025-09-02,solved,outage,urgent,in_app,marcus.holm,1,
1612,TCK-001612,160,165,2026-05-05,2026-05-05,solved,bug,low,chat,emma.cole,4,3
1613,TCK-001613,160,165,2026-07-31,2026-07-31,solved,how_to,medium,in_app,jonas.becker,1,5
1614,TCK-001614,160,165,2025-09-11,2025-09-12,solved,feature_request,medium,email,ava.nguyen,1,
1615,TCK-001615,161,166,2026-08-04,2026-08-05,solved,how_to,low,email,marcus.holm,8,
1616,TCK-001616,162,167,2026-08-07,2026-08-07,solved,how_to,medium,email,jonas.becker,1,
1617,TCK-001617,162,167,2026-05-04,2026-05-04,solved,feature_request,medium,email,priya.shah,1,
1618,TCK-001618,162,167,2026-06-03,2026-06-03,solved,onboarding,high,email,marcus.holm,1,
1619,TCK-001619,162,167,2026-07-06,2026-07-06,solved,feature_request,low,email,marcus.holm,1,
1620,TCK-001620,162,167,2026-03-27,2026-03-27,solved,bug,medium,email,marcus.holm,1,5
1621,TCK-001621,163,168,2025-04-14,2025-04-14,solved,bug,low,email,marcus.holm,4,3
1622,TCK-001622,163,168,2024-10-09,2024-10-09,closed,billing,medium,email,priya.shah,1,4
1623,TCK-001623,163,168,2024-10-09,,open,how_to,low,email,unassigned,,
1624,TCK-001624,163,168,2024-10-23,,open,outage,urgent,in_app,unassigned,24,
1625,TCK-001625,163,168,2025-03-12,2025-03-12,solved,how_to,medium,email,jonas.becker,5,2
1626,TCK-001626,164,169,2026-02-01,2026-02-01,closed,feature_request,high,email,ava.nguyen,1,5
1627,TCK-001627,164,169,2025-10-16,2025-10-16,solved,bug,urgent,phone,jonas.becker,1,
1628,TCK-001628,164,169,2025-12-20,2025-12-20,closed,how_to,urgent,in_app,jonas.becker,1,5
1629,TCK-001629,164,169,2026-06-09,2026-06-10,solved,bug,medium,in_app,emma.cole,14,3
1630,TCK-001630,165,170,2026-03-08,2026-03-08,solved,how_to,low,in_app,jonas.becker,3,
1631,TCK-001631,165,170,2024-12-30,2025-01-01,solved,billing,medium,chat,jonas.becker,5,
1632,TCK-001632,165,170,2026-02-28,2026-02-28,solved,how_to,medium,email,emma.cole,1,
1633,TCK-001633,165,170,2025-07-09,2025-07-09,closed,feature_request,medium,email,ava.nguyen,1,
1634,TCK-001634,165,170,2025-01-17,2025-01-17,solved,billing,medium,in_app,marcus.holm,1,
1635,TCK-001635,165,170,2025-02-07,2025-02-07,solved,feature_request,medium,email,priya.shah,2,5
1636,TCK-001636,166,171,2025-07-17,2025-07-17,solved,how_to,urgent,email,jonas.becker,1,4
1637,TCK-001637,166,171,2025-10-11,,open,billing,medium,email,marcus.holm,,
1638,TCK-001638,167,172,2024-10-12,2024-10-12,solved,billing,medium,email,ava.nguyen,1,
1639,TCK-001639,167,172,2024-10-13,,open,how_to,medium,in_app,unassigned,2,
1640,TCK-001640,167,172,2024-10-02,2024-10-02,closed,bug,medium,email,marcus.holm,1,
1641,TCK-001641,168,173,2025-06-01,,open,how_to,medium,email,ava.nguyen,4,
1642,TCK-001642,168,173,2025-12-17,2025-12-17,closed,how_to,medium,chat,emma.cole,4,
1643,TCK-001643,168,173,2025-12-05,2025-12-05,solved,bug,medium,email,priya.shah,4,
1644,TCK-001644,168,173,2026-05-01,2026-05-01,solved,billing,high,email,ava.nguyen,1,
1645,TCK-001645,168,173,2026-04-07,2026-04-11,solved,feature_request,medium,in_app,marcus.holm,33,
1646,TCK-001646,168,173,2025-12-04,2025-12-04,solved,bug,medium,in_app,priya.shah,1,
1647,TCK-001647,168,173,2025-04-26,2025-04-26,closed,feature_request,medium,in_app,marcus.holm,1,
1648,TCK-001648,169,174,2025-10-24,2025-10-24,solved,how_to,high,email,emma.cole,1,
1649,TCK-001649,169,174,2025-08-30,2025-08-30,solved,feature_request,high,in_app,emma.cole,1,
1650,TCK-001650,169,174,2025-04-12,2025-04-12,solved,bug,medium,in_app,marcus.holm,1,5
1651,TCK-001651,169,174,2026-02-01,2026-02-01,solved,billing,medium,email,jonas.becker,1,
1652,TCK-001652,169,174,2026-07-16,2026-07-16,solved,bug,high,in_app,marcus.holm,1,4
1653,TCK-001653,170,175,2025-10-30,2025-10-30,closed,how_to,medium,email,emma.cole,1,
1654,TCK-001654,170,175,2025-10-02,2025-10-02,closed,how_to,low,in_app,priya.shah,4,
1655,TCK-001655,170,175,2026-01-02,2026-01-02,solved,bug,low,in_app,priya.shah,1,4
1656,TCK-001656,170,175,2025-10-28,2025-10-28,solved,billing,low,email,marcus.holm,2,
1657,TCK-001657,171,176,2024-11-01,2024-11-01,solved,how_to,low,chat,ava.nguyen,1,
1658,TCK-001658,171,176,2024-05-27,2024-05-27,solved,onboarding,urgent,in_app,jonas.becker,1,
1659,TCK-001659,171,176,2024-09-29,2024-10-01,closed,onboarding,medium,email,ava.nguyen,4,4
1660,TCK-001660,171,176,2024-07-21,2024-07-21,solved,onboarding,medium,email,marcus.holm,1,5
1661,TCK-001661,171,176,2024-11-19,2024-11-19,solved,outage,urgent,email,emma.cole,1,4
1662,TCK-001662,171,176,2024-07-25,2024-07-25,closed,how_to,low,chat,priya.shah,1,
1663,TCK-001663,172,177,2024-09-27,2024-09-28,solved,onboarding,medium,in_app,ava.nguyen,1,
1664,TCK-001664,172,177,2025-06-07,2025-06-07,closed,feature_request,high,in_app,jonas.becker,1,
1665,TCK-001665,172,177,2025-07-24,2025-07-24,closed,onboarding,low,email,priya.shah,2,4
1666,TCK-001666,172,177,2023-12-24,2023-12-24,solved,how_to,low,chat,emma.cole,1,
1667,TCK-001667,172,177,2023-06-25,,open,bug,medium,in_app,jonas.becker,24,
1668,TCK-001668,172,177,2026-06-22,2026-06-22,solved,how_to,medium,email,jonas.becker,1,
1669,TCK-001669,172,177,2025-10-21,2025-10-22,solved,how_to,medium,chat,ava.nguyen,3,
1670,TCK-001670,172,177,2024-04-18,2024-04-18,solved,how_to,medium,chat,marcus.holm,1,
1671,TCK-001671,172,177,2026-05-29,2026-05-29,solved,billing,low,phone,marcus.holm,6,2
1672,TCK-001672,172,177,2023-06-12,2023-06-12,solved,how_to,low,email,emma.cole,2,
1673,TCK-001673,172,177,2026-02-12,2026-02-12,solved,feature_request,medium,chat,priya.shah,1,
1674,TCK-001674,172,177,2023-09-24,,open,feature_request,medium,email,marcus.holm,4,
1675,TCK-001675,172,177,2024-08-31,2024-08-31,solved,bug,medium,email,priya.shah,1,
1676,TCK-001676,172,177,2025-09-24,2025-09-24,solved,bug,high,in_app,marcus.holm,1,4
1677,TCK-001677,172,177,2026-01-01,2026-01-01,solved,billing,high,email,jonas.becker,1,4
1678,TCK-001678,172,177,2025-05-17,2025-05-18,solved,bug,medium,email,ava.nguyen,6,
1679,TCK-001679,172,177,2025-06-16,2025-06-16,solved,feature_request,medium,chat,jonas.becker,1,
1680,TCK-001680,172,177,2025-01-10,2025-01-10,solved,onboarding,urgent,in_app,priya.shah,1,
1681,TCK-001681,172,177,2023-08-31,2023-08-31,closed,how_to,medium,chat,emma.cole,4,
1682,TCK-001682,172,177,2023-02-02,2023-02-02,solved,feature_request,high,email,ava.nguyen,2,
1683,TCK-001683,172,177,2024-05-04,2024-05-04,closed,how_to,medium,chat,marcus.holm,1,5
1684,TCK-001684,172,177,2024-06-24,2024-06-24,solved,bug,high,email,priya.shah,1,
1685,TCK-001685,172,177,2026-02-28,2026-02-28,solved,bug,high,email,priya.shah,1,
1686,TCK-001686,172,177,2023-11-05,2023-11-05,solved,how_to,low,chat,emma.cole,1,5
1687,TCK-001687,172,177,2023-10-24,2023-10-26,closed,bug,medium,email,jonas.becker,5,
1688,TCK-001688,172,177,2026-02-12,2026-02-12,solved,how_to,low,email,priya.shah,1,4
1689,TCK-001689,172,177,2026-05-15,2026-05-15,solved,how_to,low,email,marcus.holm,2,5
1690,TCK-001690,172,177,2024-04-07,2024-04-07,solved,bug,high,email,priya.shah,1,5
1691,TCK-001691,172,177,2026-04-14,2026-04-14,closed,billing,high,email,jonas.becker,1,4
1692,TCK-001692,172,177,2025-01-03,2025-01-03,solved,outage,high,email,marcus.holm,1,5
1693,TCK-001693,172,177,2023-05-17,2023-05-17,solved,billing,medium,in_app,emma.cole,1,5
1694,TCK-001694,172,177,2023-12-12,2023-12-12,solved,billing,low,email,marcus.holm,1,
1695,TCK-001695,172,177,2024-03-25,2024-03-25,solved,bug,medium,in_app,priya.shah,1,5
1696,TCK-001696,172,177,2026-03-24,2026-03-24,closed,onboarding,medium,chat,marcus.holm,2,
1697,TCK-001697,172,177,2025-12-28,,open,how_to,high,email,priya.shah,2,
1698,TCK-001698,172,177,2024-04-14,2024-04-14,solved,billing,low,in_app,marcus.holm,1,
1699,TCK-001699,172,177,2024-06-28,2024-06-28,solved,how_to,medium,in_app,jonas.becker,1,
1700,TCK-001700,172,177,2024-12-31,2024-12-31,closed,bug,low,email,priya.shah,1,
1701,TCK-001701,172,177,2024-10-28,2024-10-28,solved,how_to,medium,in_app,priya.shah,2,4
1702,TCK-001702,172,177,2023-12-28,2023-12-28,solved,billing,high,in_app,emma.cole,1,4
1703,TCK-001703,172,177,2025-12-26,2025-12-26,closed,onboarding,medium,chat,emma.cole,6,
1704,TCK-001704,172,177,2026-08-24,2026-08-24,solved,how_to,medium,email,ava.nguyen,5,
1705,TCK-001705,172,177,2024-02-09,2024-02-09,closed,bug,high,in_app,marcus.holm,1,
1706,TCK-001706,172,177,2025-05-18,2025-05-19,solved,onboarding,high,in_app,jonas.becker,10,
1707,TCK-001707,172,177,2025-09-23,2025-09-23,solved,outage,high,in_app,ava.nguyen,1,4
1708,TCK-001708,172,177,2024-06-22,2024-06-24,solved,bug,medium,in_app,jonas.becker,10,4
1709,TCK-001709,172,177,2023-12-31,2023-12-31,closed,how_to,low,chat,ava.nguyen,1,
1710,TCK-001710,172,177,2025-10-17,2025-10-17,solved,how_to,medium,phone,priya.shah,2,4
1711,TCK-001711,172,177,2024-04-10,2024-04-10,solved,how_to,medium,email,jonas.becker,2,
1712,TCK-001712,172,177,2026-01-28,,open,how_to,high,email,unassigned,24,
1713,TCK-001713,172,177,2026-02-08,2026-02-08,solved,how_to,medium,email,ava.nguyen,3,2
1714,TCK-001714,172,177,2023-03-26,2023-03-26,solved,how_to,low,email,priya.shah,1,2
1715,TCK-001715,172,177,2024-01-04,2024-01-04,solved,how_to,high,email,jonas.becker,1,
1716,TCK-001716,172,177,2024-10-12,2024-10-13,solved,onboarding,low,in_app,ava.nguyen,9,
1717,TCK-001717,172,177,2023-02-04,2023-02-08,closed,bug,medium,in_app,ava.nguyen,18,5
1718,TCK-001718,172,177,2025-04-03,2025-04-03,solved,how_to,low,in_app,marcus.holm,3,
1719,TCK-001719,173,178,2026-06-14,2026-06-14,closed,how_to,medium,email,jonas.becker,1,5
1720,TCK-001720,173,178,2025-07-20,2025-07-21,closed,onboarding,medium,in_app,priya.shah,4,5
1721,TCK-001721,173,178,2026-05-05,2026-05-05,solved,feature_request,low,email,priya.shah,4,5
1722,TCK-001722,173,178,2025-08-16,2025-08-16,solved,how_to,medium,email,emma.cole,1,5
1723,TCK-001723,173,178,2026-07-17,2026-07-17,solved,how_to,high,email,jonas.becker,3,
1724,TCK-001724,173,178,2026-02-20,2026-02-20,solved,bug,high,in_app,jonas.becker,1,
1725,TCK-001725,173,178,2025-07-14,2025-07-14,solved,how_to,medium,email,emma.cole,1,
1726,TCK-001726,173,178,2026-01-25,,open,bug,medium,in_app,unassigned,,
1727,TCK-001727,173,178,2025-08-06,2025-08-07,solved,how_to,low,in_app,jonas.becker,4,
1728,TCK-001728,173,178,2025-11-26,2025-11-26,solved,how_to,high,chat,emma.cole,1,5
1729,TCK-001729,173,178,2025-11-11,2025-11-11,closed,onboarding,high,in_app,priya.shah,2,5
1730,TCK-001730,173,178,2025-09-29,2025-09-29,solved,onboarding,low,chat,jonas.becker,2,
1731,TCK-001731,173,178,2025-08-09,2025-08-09,closed,how_to,medium,in_app,marcus.holm,1,
1732,TCK-001732,173,178,2025-11-28,,open,billing,high,email,priya.shah,2,
1733,TCK-001733,173,178,2026-07-29,2026-07-30,closed,feature_request,medium,in_app,jonas.becker,10,
1734,TCK-001734,173,178,2026-01-01,2026-01-01,solved,how_to,high,email,jonas.becker,1,
1735,TCK-001735,173,178,2026-04-27,2026-04-27,solved,how_to,medium,chat,ava.nguyen,2,2
1736,TCK-001736,173,178,2026-03-03,2026-03-03,solved,how_to,high,in_app,priya.shah,1,3
1737,TCK-001737,173,178,2026-05-03,2026-05-03,solved,feature_request,high,phone,priya.shah,1,3
1738,TCK-001738,173,178,2026-06-15,,open,onboarding,high,in_app,ava.nguyen,24,
1739,TCK-001739,173,178,2026-05-20,2026-05-20,solved,how_to,medium,chat,priya.shah,2,
1740,TCK-001740,173,178,2026-01-29,2026-01-29,solved,billing,high,in_app,ava.nguyen,1,
1741,TCK-001741,173,178,2025-11-02,2025-11-02,closed,how_to,high,phone,emma.cole,1,5
1742,TCK-001742,173,178,2025-12-29,2025-12-29,solved,bug,high,email,priya.shah,1,5
1743,TCK-001743,173,178,2025-07-16,2025-07-16,solved,feature_request,low,in_app,marcus.holm,1,
1744,TCK-001744,173,178,2025-10-12,2025-10-12,solved,billing,medium,email,jonas.becker,1,5
1745,TCK-001745,173,178,2026-04-01,2026-04-02,solved,how_to,medium,email,marcus.holm,5,3
1746,TCK-001746,175,181,2024-11-28,2024-11-28,solved,billing,low,in_app,priya.shah,1,4
1747,TCK-001747,175,181,2024-12-25,2024-12-25,solved,how_to,medium,phone,priya.shah,1,
1748,TCK-001748,175,181,2024-12-03,2024-12-03,solved,how_to,low,email,jonas.becker,2,
1749,TCK-001749,175,181,2025-04-15,2025-04-15,solved,how_to,low,email,jonas.becker,1,4
1750,TCK-001750,175,181,2025-04-01,2025-04-03,solved,how_to,medium,in_app,marcus.holm,17,4
1751,TCK-001751,175,181,2024-08-18,2024-08-18,closed,onboarding,medium,in_app,marcus.holm,1,
1752,TCK-001752,175,181,2024-09-20,2024-09-20,solved,billing,medium,phone,emma.cole,1,
1753,TCK-001753,175,180,2023-11-04,2023-11-04,solved,feature_request,medium,chat,priya.shah,2,
1754,TCK-001754,175,180,2023-07-27,2023-07-27,closed,feature_request,medium,in_app,jonas.becker,5,
1755,TCK-001755,175,181,2025-03-28,2025-03-28,solved,how_to,medium,in_app,priya.shah,7,5
1756,TCK-001756,175,180,2023-08-04,2023-08-04,solved,how_to,medium,email,jonas.becker,2,
1757,TCK-001757,175,181,2025-03-29,2025-03-29,solved,bug,high,email,marcus.holm,2,4
1758,TCK-001758,175,,2024-03-21,2024-03-21,solved,billing,medium,in_app,marcus.holm,1,
1759,TCK-001759,175,,2024-05-27,2024-05-27,solved,billing,high,email,priya.shah,2,
1760,TCK-001760,175,180,2024-02-04,2024-02-04,solved,bug,low,in_app,ava.nguyen,6,
1761,TCK-001761,176,182,2026-03-15,2026-03-15,solved,how_to,low,email,ava.nguyen,1,
1762,TCK-001762,176,182,2024-07-29,2024-07-29,closed,how_to,medium,email,priya.shah,5,1
1763,TCK-001763,176,182,2026-06-05,2026-06-05,closed,how_to,low,phone,marcus.holm,1,3
1764,TCK-001764,176,182,2024-10-08,2024-10-08,solved,bug,medium,in_app,ava.nguyen,1,
1765,TCK-001765,176,182,2026-03-11,2026-03-12,closed,bug,low,email,ava.nguyen,3,5
1766,TCK-001766,176,182,2025-05-21,2025-05-21,solved,bug,medium,email,marcus.holm,1,4
1767,TCK-001767,176,182,2024-11-20,2024-11-21,solved,feature_request,low,chat,priya.shah,4,5
1768,TCK-001768,176,182,2025-03-02,2025-03-02,closed,bug,low,in_app,emma.cole,2,4
1769,TCK-001769,176,182,2025-04-06,2025-04-06,solved,billing,medium,in_app,jonas.becker,1,
1770,TCK-001770,176,182,2024-06-12,2024-06-13,solved,feature_request,medium,in_app,jonas.becker,3,5
1771,TCK-001771,176,182,2025-07-16,2025-07-16,solved,bug,medium,in_app,emma.cole,1,
1772,TCK-001772,176,182,2025-04-28,2025-04-28,solved,how_to,medium,chat,jonas.becker,2,
1773,TCK-001773,176,182,2024-04-19,2024-04-19,solved,how_to,low,phone,ava.nguyen,5,2
1774,TCK-001774,176,182,2025-03-22,2025-03-22,solved,how_to,medium,email,priya.shah,1,
1775,TCK-001775,176,182,2025-04-19,2025-04-19,solved,feature_request,urgent,email,priya.shah,1,4
1776,TCK-001776,176,182,2026-08-30,,open,feature_request,low,in_app,unassigned,,
1777,TCK-001777,176,182,2024-09-10,2024-09-10,solved,bug,high,email,emma.cole,1,
1778,TCK-001778,176,182,2024-08-06,2024-08-06,solved,how_to,medium,email,emma.cole,1,
1779,TCK-001779,176,182,2024-11-30,2024-11-30,solved,feature_request,medium,email,priya.shah,3,
1780,TCK-001780,176,182,2024-04-13,2024-04-13,solved,feature_request,medium,chat,jonas.becker,1,4
1781,TCK-001781,176,182,2025-07-30,2025-07-31,closed,onboarding,low,in_app,priya.shah,6,
1782,TCK-001782,176,182,2026-01-16,2026-01-16,solved,how_to,urgent,chat,marcus.holm,1,
1783,TCK-001783,176,182,2025-11-14,2025-11-14,solved,how_to,medium,email,ava.nguyen,2,
1784,TCK-001784,176,182,2024-04-28,2024-04-28,solved,how_to,low,email,priya.shah,1,
1785,TCK-001785,176,182,2026-04-03,2026-04-03,solved,how_to,low,email,priya.shah,1,5
1786,TCK-001786,176,182,2025-12-02,2025-12-02,solved,how_to,medium,in_app,jonas.becker,1,
1787,TCK-001787,176,182,2026-04-25,2026-04-25,solved,bug,urgent,in_app,jonas.becker,1,3
1788,TCK-001788,176,182,2025-07-17,2025-07-17,solved,billing,medium,email,jonas.becker,1,5
1789,TCK-001789,176,182,2025-01-08,2025-01-10,solved,billing,low,in_app,marcus.holm,11,
1790,TCK-001790,177,183,2026-08-10,2026-08-10,solved,how_to,medium,email,ava.nguyen,4,3
1791,TCK-001791,178,184,2024-08-30,,open,how_to,medium,in_app,ava.nguyen,8,
1792,TCK-001792,178,184,2025-12-16,2025-12-16,closed,how_to,low,email,jonas.becker,7,5
1793,TCK-001793,178,184,2025-05-14,2025-05-15,solved,how_to,low,in_app,jonas.becker,4,4
1794,TCK-001794,178,184,2026-05-24,2026-05-24,solved,onboarding,high,email,jonas.becker,1,
1795,TCK-001795,178,184,2026-05-18,2026-05-18,solved,bug,high,email,priya.shah,1,
1796,TCK-001796,178,184,2026-04-08,2026-04-08,closed,onboarding,high,phone,priya.shah,1,
1797,TCK-001797,178,184,2026-08-31,2026-08-31,solved,how_to,low,phone,jonas.becker,1,5
1798,TCK-001798,178,184,2024-09-30,2024-09-30,solved,how_to,high,chat,marcus.holm,2,
1799,TCK-001799,178,184,2025-01-22,2025-01-22,solved,how_to,low,email,ava.nguyen,3,5
1800,TCK-001800,178,184,2024-09-13,2024-09-13,solved,billing,medium,in_app,ava.nguyen,1,3
1801,TCK-001801,178,184,2025-02-04,2025-02-04,solved,how_to,medium,phone,jonas.becker,1,
1802,TCK-001802,178,184,2026-03-23,2026-03-23,closed,bug,low,email,priya.shah,1,
1803,TCK-001803,178,184,2025-04-10,,open,bug,high,email,jonas.becker,2,
1804,TCK-001804,178,184,2024-10-12,2024-10-12,closed,bug,medium,in_app,marcus.holm,1,
1805,TCK-001805,178,184,2025-02-27,2025-02-27,closed,bug,high,in_app,ava.nguyen,1,
1806,TCK-001806,178,184,2024-12-03,2024-12-03,solved,billing,medium,email,marcus.holm,3,3
1807,TCK-001807,178,184,2024-10-13,2024-10-13,solved,billing,medium,chat,priya.shah,1,4
1808,TCK-001808,178,184,2025-02-12,2025-02-12,solved,billing,high,email,priya.shah,1,5
1809,TCK-001809,178,184,2025-03-05,2025-03-05,solved,bug,medium,email,ava.nguyen,2,5
1810,TCK-001810,178,184,2025-07-13,2025-07-13,solved,bug,low,in_app,marcus.holm,1,
1811,TCK-001811,178,184,2024-11-21,2024-11-21,solved,bug,medium,in_app,emma.cole,1,
1812,TCK-001812,178,184,2025-01-06,2025-01-06,solved,feature_request,low,email,ava.nguyen,5,
1813,TCK-001813,178,184,2025-04-11,2025-04-11,solved,how_to,medium,in_app,priya.shah,1,
1814,TCK-001814,178,184,2026-07-07,2026-07-07,solved,bug,low,email,marcus.holm,3,
1815,TCK-001815,178,184,2025-02-04,2025-02-04,solved,billing,medium,phone,jonas.becker,2,
1816,TCK-001816,178,184,2025-04-19,2025-04-20,solved,how_to,low,email,emma.cole,3,
1817,TCK-001817,178,184,2025-04-19,2025-04-19,solved,billing,high,in_app,priya.shah,1,4
1818,TCK-001818,178,184,2025-10-15,2025-10-15,solved,how_to,medium,email,ava.nguyen,1,4
1819,TCK-001819,179,185,2022-11-11,2022-11-12,solved,how_to,medium,email,jonas.becker,3,3
1820,TCK-001820,179,185,2022-12-10,2022-12-11,solved,bug,medium,email,marcus.holm,9,4
1821,TCK-001821,179,185,2022-11-25,2022-11-25,solved,how_to,low,chat,marcus.holm,3,3
1822,TCK-001822,179,185,2022-10-20,2022-10-20,solved,bug,high,email,jonas.becker,1,
1823,TCK-001823,181,187,2026-07-15,2026-07-15,solved,feature_request,medium,in_app,ava.nguyen,1,
1824,TCK-001824,181,187,2026-05-12,2026-05-13,solved,how_to,medium,email,jonas.becker,5,4
1825,TCK-001825,181,187,2026-08-27,2026-08-27,solved,billing,medium,in_app,marcus.holm,1,4
1826,TCK-001826,181,187,2026-06-01,2026-06-01,solved,bug,medium,email,emma.cole,1,1
1827,TCK-001827,182,188,2026-04-22,2026-04-22,solved,bug,low,email,marcus.holm,4,5
1828,TCK-001828,182,188,2024-10-21,2024-10-21,solved,how_to,medium,chat,emma.cole,1,4
1829,TCK-001829,182,188,2024-03-27,2024-03-27,solved,billing,medium,email,jonas.becker,1,3
1830,TCK-001830,182,188,2023-10-27,2023-10-27,solved,feature_request,low,email,ava.nguyen,1,
1831,TCK-001831,182,188,2026-02-16,2026-02-16,closed,how_to,high,in_app,ava.nguyen,1,
1832,TCK-001832,182,188,2026-03-26,2026-03-26,solved,how_to,medium,chat,priya.shah,4,
1833,TCK-001833,182,188,2024-07-18,2024-07-18,closed,feature_request,medium,in_app,emma.cole,1,5
1834,TCK-001834,182,188,2025-09-07,2025-09-09,closed,how_to,medium,email,jonas.becker,8,5
1835,TCK-001835,182,188,2024-05-28,2024-05-28,solved,how_to,medium,chat,jonas.becker,1,
1836,TCK-001836,182,188,2024-09-10,2024-09-10,solved,feature_request,medium,chat,ava.nguyen,1,5
1837,TCK-001837,182,188,2025-03-23,2025-03-23,solved,feature_request,medium,in_app,marcus.holm,4,
1838,TCK-001838,182,188,2025-09-21,2025-09-21,closed,onboarding,medium,in_app,marcus.holm,2,4
1839,TCK-001839,182,188,2023-11-01,2023-11-01,solved,how_to,low,email,marcus.holm,3,5
1840,TCK-001840,182,188,2024-07-06,2024-07-07,closed,bug,medium,in_app,priya.shah,3,5
1841,TCK-001841,182,188,2026-01-14,2026-01-17,closed,billing,low,email,emma.cole,8,
1842,TCK-001842,182,188,2025-07-17,2025-07-17,solved,bug,medium,email,ava.nguyen,1,
1843,TCK-001843,182,188,2023-12-27,2023-12-27,solved,how_to,low,chat,marcus.holm,1,
1844,TCK-001844,182,188,2025-12-12,2025-12-12,closed,bug,medium,chat,marcus.holm,2,4
1845,TCK-001845,182,188,2024-09-09,2024-09-09,solved,how_to,high,in_app,priya.shah,1,5
1846,TCK-001846,182,188,2024-11-18,2024-11-18,closed,feature_request,medium,email,jonas.becker,2,5
1847,TCK-001847,182,188,2024-01-03,2024-01-03,closed,bug,high,email,marcus.holm,2,5
1848,TCK-001848,182,188,2026-01-28,2026-01-28,closed,onboarding,high,in_app,marcus.holm,5,
1849,TCK-001849,182,188,2026-04-14,2026-04-14,solved,how_to,medium,in_app,ava.nguyen,1,
1850,TCK-001850,182,188,2023-11-17,2023-11-17,closed,outage,high,in_app,jonas.becker,1,1
1851,TCK-001851,182,188,2025-08-04,2025-08-04,solved,how_to,low,email,emma.cole,1,
1852,TCK-001852,182,188,2025-05-23,2025-05-23,solved,bug,medium,email,ava.nguyen,1,5
1853,TCK-001853,182,188,2024-05-22,2024-05-22,closed,feature_request,medium,in_app,priya.shah,1,
1854,TCK-001854,182,188,2026-01-01,2026-01-01,solved,how_to,medium,email,marcus.holm,1,
1855,TCK-001855,182,188,2024-06-11,2024-06-11,solved,feature_request,low,in_app,emma.cole,1,
1856,TCK-001856,182,188,2026-06-02,,open,billing,medium,email,unassigned,4,
1857,TCK-001857,182,188,2026-03-19,2026-03-19,solved,how_to,medium,email,ava.nguyen,1,
1858,TCK-001858,182,188,2025-08-29,2025-08-29,solved,how_to,low,in_app,priya.shah,1,5
1859,TCK-001859,182,188,2026-07-30,2026-07-30,solved,bug,high,email,priya.shah,1,4
1860,TCK-001860,182,188,2026-03-01,2026-03-01,closed,how_to,high,email,priya.shah,1,1
1861,TCK-001861,182,188,2023-08-19,2023-08-19,solved,bug,high,email,jonas.becker,1,
1862,TCK-001862,182,188,2026-03-29,2026-03-29,solved,bug,medium,in_app,priya.shah,1,
1863,TCK-001863,182,188,2023-10-03,2023-10-03,solved,feature_request,medium,chat,emma.cole,4,
1864,TCK-001864,182,188,2024-12-20,2024-12-20,closed,how_to,high,in_app,ava.nguyen,1,5
1865,TCK-001865,182,188,2023-10-11,2023-10-11,solved,bug,medium,email,priya.shah,1,
1866,TCK-001866,182,188,2026-03-26,,open,feature_request,high,email,emma.cole,8,
1867,TCK-001867,182,188,2026-07-20,2026-07-20,solved,billing,high,chat,ava.nguyen,1,4
1868,TCK-001868,182,188,2024-12-10,2024-12-10,solved,billing,high,email,ava.nguyen,2,
1869,TCK-001869,182,188,2023-09-16,2023-09-17,closed,feature_request,low,email,emma.cole,8,
1870,TCK-001870,182,188,2025-10-12,2025-10-12,solved,bug,medium,in_app,marcus.holm,1,
1871,TCK-001871,182,188,2025-07-02,2025-07-02,solved,bug,high,in_app,marcus.holm,1,
1872,TCK-001872,182,188,2025-06-23,2025-06-23,solved,feature_request,low,email,ava.nguyen,1,5
1873,TCK-001873,183,189,2023-06-15,2023-06-15,solved,bug,medium,email,priya.shah,1,
1874,TCK-001874,183,189,2023-12-31,2023-12-31,closed,how_to,low,email,marcus.holm,1,4
1875,TCK-001875,183,189,2024-10-15,2024-10-16,solved,billing,medium,email,priya.shah,5,
1876,TCK-001876,183,189,2024-06-06,2024-06-06,solved,bug,medium,chat,ava.nguyen,1,
1877,TCK-001877,183,189,2024-07-07,2024-07-07,solved,feature_request,low,in_app,priya.shah,1,
1878,TCK-001878,183,189,2025-01-29,2025-01-29,solved,how_to,medium,email,jonas.becker,1,
1879,TCK-001879,183,189,2025-10-28,2025-10-28,closed,billing,high,in_app,jonas.becker,1,
1880,TCK-001880,183,189,2023-04-15,2023-04-15,solved,billing,low,in_app,priya.shah,1,5
1881,TCK-001881,183,189,2024-06-13,2024-06-13,solved,feature_request,medium,email,jonas.becker,1,4
1882,TCK-001882,183,189,2023-06-02,2023-06-02,closed,billing,low,chat,marcus.holm,2,5
1883,TCK-001883,183,189,2023-10-22,2023-10-24,solved,bug,low,email,emma.cole,8,
1884,TCK-001884,183,189,2025-03-28,2025-03-28,solved,how_to,medium,email,priya.shah,1,
1885,TCK-001885,183,189,2024-03-15,2024-03-15,solved,how_to,medium,email,ava.nguyen,1,2
1886,TCK-001886,183,189,2024-07-30,2024-07-30,solved,how_to,low,email,priya.shah,4,
1887,TCK-001887,183,189,2026-03-11,2026-03-11,closed,how_to,low,chat,priya.shah,2,
1888,TCK-001888,183,189,2023-10-14,,open,bug,medium,chat,priya.shah,8,
1889,TCK-001889,183,189,2024-06-10,2024-06-10,solved,billing,low,email,priya.shah,1,2
1890,TCK-001890,183,189,2025-10-01,2025-10-01,solved,feature_request,medium,email,jonas.becker,4,
1891,TCK-001891,183,189,2025-04-21,2025-04-21,solved,how_to,medium,in_app,priya.shah,1,
1892,TCK-001892,183,189,2024-09-24,2024-09-24,closed,onboarding,medium,email,ava.nguyen,1,
1893,TCK-001893,183,189,2025-09-22,2025-09-22,solved,how_to,medium,in_app,emma.cole,1,5
1894,TCK-001894,183,189,2024-11-13,2024-11-14,solved,bug,low,email,jonas.becker,9,
1895,TCK-001895,183,189,2026-06-07,2026-06-07,solved,billing,medium,in_app,jonas.becker,2,4
1896,TCK-001896,183,189,2026-02-26,2026-02-26,solved,bug,medium,email,emma.cole,1,5
1897,TCK-001897,183,189,2025-04-28,2025-04-28,closed,onboarding,high,in_app,emma.cole,1,
1898,TCK-001898,183,189,2026-05-17,2026-05-17,solved,how_to,medium,email,priya.shah,5,
1899,TCK-001899,183,189,2025-03-17,2025-03-17,closed,bug,urgent,in_app,jonas.becker,1,
1900,TCK-001900,183,189,2023-09-22,2023-09-24,solved,how_to,low,chat,jonas.becker,15,
1901,TCK-001901,183,189,2024-07-26,2024-07-26,solved,bug,medium,in_app,ava.nguyen,4,2
1902,TCK-001902,183,189,2024-02-27,2024-02-27,solved,billing,medium,email,priya.shah,1,
1903,TCK-001903,183,189,2023-05-20,2023-05-20,solved,bug,high,in_app,priya.shah,1,
1904,TCK-001904,183,189,2025-06-19,2025-06-19,solved,feature_request,low,email,jonas.becker,1,4
1905,TCK-001905,183,189,2024-02-09,2024-02-09,solved,bug,medium,in_app,ava.nguyen,5,
1906,TCK-001906,183,189,2024-07-31,2024-07-31,solved,bug,high,email,priya.shah,4,
1907,TCK-001907,183,189,2024-02-26,2024-02-26,solved,how_to,low,email,jonas.becker,4,
1908,TCK-001908,183,189,2024-11-28,2024-11-28,solved,feature_request,low,in_app,jonas.becker,1,5
1909,TCK-001909,183,189,2024-08-18,2024-08-18,closed,bug,medium,email,emma.cole,1,
1910,TCK-001910,183,189,2023-03-28,2023-03-28,solved,how_to,medium,email,ava.nguyen,6,
1911,TCK-001911,183,189,2026-04-09,2026-04-10,solved,onboarding,low,in_app,ava.nguyen,10,
1912,TCK-001912,183,189,2026-02-27,,open,how_to,medium,phone,ava.nguyen,2,
1913,TCK-001913,183,189,2023-08-07,2023-08-07,solved,feature_request,medium,email,ava.nguyen,1,
1914,TCK-001914,183,189,2024-12-24,2024-12-24,solved,bug,medium,email,ava.nguyen,1,
1915,TCK-001915,183,189,2023-06-03,2023-06-03,solved,onboarding,urgent,email,jonas.becker,3,5
1916,TCK-001916,183,189,2024-09-23,2024-09-23,solved,bug,low,phone,jonas.becker,1,5
1917,TCK-001917,183,189,2026-02-21,,open,outage,urgent,chat,unassigned,2,
1918,TCK-001918,183,189,2026-05-09,2026-05-09,solved,billing,medium,email,marcus.holm,2,5
1919,TCK-001919,183,189,2024-03-04,2024-03-04,solved,onboarding,high,in_app,marcus.holm,1,
1920,TCK-001920,183,189,2023-08-29,2023-08-29,closed,how_to,medium,in_app,ava.nguyen,1,
1921,TCK-001921,183,189,2024-01-31,2024-01-31,solved,feature_request,high,email,priya.shah,1,2
1922,TCK-001922,183,189,2024-04-24,2024-04-24,closed,bug,low,chat,jonas.becker,1,3
1923,TCK-001923,183,189,2023-12-19,2023-12-19,solved,feature_request,medium,email,emma.cole,3,
1924,TCK-001924,183,189,2026-04-19,2026-04-19,solved,outage,urgent,in_app,emma.cole,1,
1925,TCK-001925,184,190,2024-10-09,2024-10-09,solved,feature_request,medium,in_app,jonas.becker,1,
1926,TCK-001926,185,191,2026-03-26,2026-03-26,closed,onboarding,medium,chat,emma.cole,5,2
1927,TCK-001927,185,191,2026-07-15,2026-07-15,solved,how_to,high,email,emma.cole,1,3
1928,TCK-001928,185,191,2025-05-18,2025-05-18,solved,billing,low,email,marcus.holm,1,
1929,TCK-001929,185,191,2026-07-08,2026-07-08,solved,bug,urgent,email,ava.nguyen,2,
1930,TCK-001930,185,191,2026-02-01,2026-02-02,solved,how_to,medium,in_app,marcus.holm,5,
1931,TCK-001931,185,191,2025-02-28,2025-02-28,solved,outage,high,in_app,jonas.becker,1,2
1932,TCK-001932,185,191,2024-12-20,2024-12-20,solved,how_to,low,chat,ava.nguyen,1,4
1933,TCK-001933,185,191,2025-11-13,,open,billing,medium,in_app,unassigned,24,
1934,TCK-001934,185,191,2026-07-08,2026-07-08,solved,bug,medium,email,priya.shah,1,
1935,TCK-001935,185,191,2026-01-17,2026-01-17,solved,feature_request,high,email,marcus.holm,2,
1936,TCK-001936,185,191,2026-07-24,2026-07-24,closed,bug,urgent,email,marcus.holm,1,
1937,TCK-001937,185,191,2025-09-10,,open,bug,medium,email,jonas.becker,8,
1938,TCK-001938,185,191,2025-01-16,2025-01-16,solved,feature_request,high,email,ava.nguyen,1,
1939,TCK-001939,185,191,2026-01-26,,open,how_to,low,email,unassigned,,
1940,TCK-001940,185,191,2025-08-13,2025-08-13,solved,how_to,medium,email,priya.shah,3,
1941,TCK-001941,185,191,2026-07-18,2026-07-18,solved,how_to,high,in_app,marcus.holm,3,
1942,TCK-001942,185,191,2025-04-01,2025-04-01,closed,how_to,low,email,emma.cole,1,
1943,TCK-001943,185,191,2026-03-17,2026-03-17,solved,feature_request,high,email,priya.shah,1,
1944,TCK-001944,185,191,2025-04-11,2025-04-11,solved,how_to,high,in_app,jonas.becker,1,4
1945,TCK-001945,185,191,2025-12-07,2025-12-07,solved,billing,low,phone,jonas.becker,1,
1946,TCK-001946,185,191,2025-04-29,2025-04-30,solved,how_to,low,chat,marcus.holm,9,4
1947,TCK-001947,185,191,2025-06-04,2025-06-04,solved,feature_request,medium,phone,ava.nguyen,1,2
1948,TCK-001948,185,191,2024-12-03,2024-12-03,closed,onboarding,high,chat,jonas.becker,1,5
1949,TCK-001949,185,191,2025-12-26,2025-12-26,solved,onboarding,high,email,jonas.becker,1,
1950,TCK-001950,185,191,2025-10-01,2025-10-01,closed,bug,urgent,in_app,jonas.becker,1,
1951,TCK-001951,185,191,2025-07-16,2025-07-16,solved,billing,medium,in_app,ava.nguyen,2,3
1952,TCK-001952,185,191,2025-05-27,2025-05-27,solved,bug,urgent,chat,jonas.becker,1,4
1953,TCK-001953,185,191,2026-01-06,2026-01-06,solved,feature_request,medium,in_app,marcus.holm,3,
1954,TCK-001954,185,191,2026-04-17,2026-04-17,closed,bug,medium,in_app,emma.cole,2,
1955,TCK-001955,185,191,2025-03-14,2025-03-14,closed,feature_request,medium,in_app,priya.shah,1,
1956,TCK-001956,185,191,2026-02-02,2026-02-03,solved,feature_request,medium,chat,priya.shah,7,3
1957,TCK-001957,185,191,2025-09-19,2025-09-19,solved,how_to,low,in_app,emma.cole,3,
1958,TCK-001958,185,191,2025-12-02,2025-12-02,solved,feature_request,medium,chat,jonas.becker,1,4
1959,TCK-001959,185,191,2025-08-22,2025-08-22,closed,outage,high,email,priya.shah,1,
1960,TCK-001960,185,191,2024-11-10,2024-11-10,solved,bug,medium,in_app,priya.shah,1,3
1961,TCK-001961,185,191,2025-11-26,2025-11-26,solved,how_to,high,email,emma.cole,1,1
1962,TCK-001962,185,191,2026-08-22,2026-08-24,solved,feature_request,medium,in_app,priya.shah,5,3
1963,TCK-001963,185,191,2025-03-17,2025-03-17,closed,bug,medium,in_app,emma.cole,1,
1964,TCK-001964,185,191,2026-04-18,2026-04-20,solved,how_to,medium,in_app,marcus.holm,11,
1965,TCK-001965,185,191,2024-12-16,2024-12-16,closed,how_to,low,in_app,priya.shah,1,4
1966,TCK-001966,185,191,2025-09-26,2025-09-26,solved,billing,low,in_app,priya.shah,2,2
1967,TCK-001967,185,191,2025-02-09,2025-02-09,solved,how_to,urgent,email,jonas.becker,2,
1968,TCK-001968,185,191,2025-07-13,2025-07-13,closed,how_to,medium,email,emma.cole,1,3
1969,TCK-001969,185,191,2026-07-31,2026-07-31,solved,how_to,low,chat,marcus.holm,1,5
1970,TCK-001970,185,191,2024-11-13,2024-11-13,solved,onboarding,high,in_app,jonas.becker,1,1
1971,TCK-001971,185,191,2025-05-02,2025-05-02,solved,bug,medium,in_app,emma.cole,2,
1972,TCK-001972,185,191,2026-04-01,2026-04-01,closed,billing,low,email,emma.cole,1,
1973,TCK-001973,185,191,2026-08-22,2026-08-23,solved,feature_request,low,email,emma.cole,4,
1974,TCK-001974,185,191,2025-09-04,2025-09-04,solved,feature_request,medium,email,marcus.holm,4,
1975,TCK-001975,185,191,2026-02-09,2026-02-09,solved,onboarding,low,phone,ava.nguyen,3,
1976,TCK-001976,185,191,2025-11-18,2025-11-18,solved,outage,high,chat,ava.nguyen,1,1
1977,TCK-001977,186,192,2026-04-04,2026-04-04,solved,how_to,urgent,email,marcus.holm,1,
1978,TCK-001978,187,193,2025-10-10,2025-10-10,solved,how_to,medium,in_app,marcus.holm,1,5
1979,TCK-001979,187,193,2025-10-25,2025-10-25,solved,feature_request,medium,email,priya.shah,4,3
1980,TCK-001980,187,193,2025-11-16,2025-11-18,solved,how_to,medium,chat,marcus.holm,13,
1981,TCK-001981,187,193,2025-06-02,2025-06-02,solved,how_to,low,email,ava.nguyen,1,
1982,TCK-001982,187,193,2025-05-12,2025-05-12,solved,billing,medium,phone,emma.cole,2,
1983,TCK-001983,187,193,2025-12-24,2025-12-24,solved,bug,medium,email,ava.nguyen,1,
1984,TCK-001984,187,193,2025-11-29,2025-11-30,solved,how_to,low,phone,emma.cole,8,5
1985,TCK-001985,187,193,2026-02-03,2026-02-03,solved,billing,low,phone,priya.shah,1,
1986,TCK-001986,187,193,2025-04-19,2025-04-19,solved,feature_request,high,email,emma.cole,1,
1987,TCK-001987,187,193,2026-07-01,2026-07-01,closed,how_to,medium,email,priya.shah,1,5
1988,TCK-001988,187,193,2025-12-24,2025-12-25,solved,bug,low,email,emma.cole,7,
1989,TCK-001989,187,193,2025-04-13,2025-04-13,solved,outage,urgent,phone,jonas.becker,4,2
1990,TCK-001990,187,193,2025-11-30,2025-12-03,solved,bug,medium,phone,priya.shah,13,
1991,TCK-001991,188,194,2026-05-05,,open,how_to,high,chat,jonas.becker,4,
1992,TCK-001992,188,194,2026-05-15,2026-05-15,closed,billing,low,email,priya.shah,5,
1993,TCK-001993,188,194,2026-02-13,,open,bug,low,email,priya.shah,4,
1994,TCK-001994,188,194,2026-06-24,2026-06-24,closed,onboarding,low,email,marcus.holm,2,5
1995,TCK-001995,189,195,2024-05-19,2024-05-19,closed,onboarding,low,email,ava.nguyen,1,
1996,TCK-001996,189,195,2025-05-24,2025-05-24,solved,feature_request,medium,chat,emma.cole,1,
1997,TCK-001997,189,195,2026-07-17,2026-07-18,solved,how_to,medium,chat,marcus.holm,6,4
1998,TCK-001998,189,195,2023-10-24,2023-10-24,closed,how_to,urgent,email,priya.shah,1,
1999,TCK-001999,189,195,2026-01-27,,open,bug,medium,email,unassigned,,
2000,TCK-002000,189,195,2023-09-11,,open,bug,low,email,jonas.becker,,
2001,TCK-002001,189,195,2023-09-16,2023-09-16,solved,bug,medium,email,jonas.becker,1,3
2002,TCK-002002,189,195,2025-04-06,,open,outage,urgent,email,jonas.becker,24,
2003,TCK-002003,189,195,2026-04-19,2026-04-19,solved,bug,low,email,jonas.becker,1,3
2004,TCK-002004,189,195,2025-08-09,2025-08-09,solved,how_to,medium,in_app,ava.nguyen,1,
2005,TCK-002005,189,195,2024-03-27,2024-03-27,solved,bug,urgent,in_app,emma.cole,1,
2006,TCK-002006,189,195,2024-07-04,2024-07-05,solved,how_to,low,chat,priya.shah,11,4
2007,TCK-002007,189,195,2023-12-02,2023-12-02,solved,how_to,high,in_app,ava.nguyen,1,5
2008,TCK-002008,189,195,2024-06-02,2024-06-02,closed,feature_request,high,email,marcus.holm,1,
2009,TCK-002009,189,195,2025-09-11,2025-09-11,solved,how_to,medium,email,emma.cole,3,2
2010,TCK-002010,189,195,2025-12-24,2025-12-24,closed,how_to,medium,email,marcus.holm,1,
2011,TCK-002011,189,195,2023-10-24,2023-10-24,solved,how_to,high,in_app,emma.cole,1,
2012,TCK-002012,189,195,2025-04-19,2025-04-19,closed,feature_request,urgent,email,ava.nguyen,1,4
2013,TCK-002013,189,195,2024-08-14,2024-08-14,solved,feature_request,high,email,emma.cole,1,5
2014,TCK-002014,189,195,2024-04-21,2024-04-21,solved,billing,medium,in_app,ava.nguyen,1,4
2015,TCK-002015,189,195,2023-11-11,2023-11-11,solved,feature_request,high,in_app,ava.nguyen,1,5
2016,TCK-002016,189,195,2026-05-14,2026-05-14,solved,billing,low,email,priya.shah,1,
2017,TCK-002017,189,195,2024-11-30,2024-11-30,solved,bug,medium,email,jonas.becker,1,5
2018,TCK-002018,189,195,2024-02-06,2024-02-08,solved,feature_request,medium,email,priya.shah,12,
2019,TCK-002019,189,195,2026-04-16,2026-04-17,solved,bug,low,in_app,marcus.holm,4,
2020,TCK-002020,189,195,2024-05-12,2024-05-12,solved,billing,high,in_app,emma.cole,1,4
2021,TCK-002021,189,195,2025-10-01,2025-10-01,solved,bug,high,in_app,emma.cole,1,2
2022,TCK-002022,189,195,2024-02-01,2024-02-01,solved,onboarding,low,chat,emma.cole,1,5
2023,TCK-002023,189,195,2024-12-01,2024-12-01,solved,outage,urgent,in_app,marcus.holm,2,
2024,TCK-002024,189,195,2025-06-19,2025-06-19,closed,how_to,medium,email,marcus.holm,3,
2025,TCK-002025,190,196,2025-01-03,2025-01-04,closed,feature_request,medium,chat,ava.nguyen,8,3
2026,TCK-002026,190,196,2025-01-28,2025-01-28,closed,how_to,low,in_app,emma.cole,6,5
2027,TCK-002027,190,196,2025-01-18,2025-01-18,solved,billing,high,chat,marcus.holm,3,5
2028,TCK-002028,191,197,2025-05-16,2025-05-18,solved,how_to,medium,email,ava.nguyen,12,
2029,TCK-002029,192,198,2024-03-02,2024-03-02,solved,feature_request,high,in_app,ava.nguyen,2,5
2030,TCK-002030,192,198,2024-02-26,2024-02-27,solved,billing,medium,email,ava.nguyen,8,
2031,TCK-002031,192,198,2024-03-10,2024-03-10,solved,bug,high,email,emma.cole,1,
2032,TCK-002032,192,198,2024-03-22,2024-03-22,solved,bug,low,in_app,marcus.holm,3,5
2033,TCK-002033,192,198,2024-02-16,2024-02-16,closed,bug,high,email,priya.shah,1,
2034,TCK-002034,192,198,2024-05-24,2024-05-24,closed,feature_request,medium,in_app,marcus.holm,1,
2035,TCK-002035,192,198,2024-05-21,2024-05-21,closed,how_to,medium,email,ava.nguyen,3,3
2036,TCK-002036,193,199,2024-10-07,2024-10-07,solved,how_to,low,email,priya.shah,1,
2037,TCK-002037,193,199,2024-09-21,2024-09-21,solved,how_to,low,chat,marcus.holm,1,
2038,TCK-002038,193,199,2025-03-23,2025-03-23,solved,how_to,medium,email,ava.nguyen,1,
2039,TCK-002039,193,199,2025-01-14,2025-01-15,solved,how_to,medium,in_app,marcus.holm,4,
2040,TCK-002040,193,199,2024-12-30,2024-12-30,solved,onboarding,medium,email,jonas.becker,1,3
2041,TCK-002041,193,199,2025-01-31,2025-01-31,solved,onboarding,medium,in_app,jonas.becker,2,4
2042,TCK-002042,194,200,2023-01-14,2023-01-14,solved,bug,medium,email,jonas.becker,1,4
2043,TCK-002043,194,201,2026-02-04,2026-02-06,closed,bug,medium,in_app,ava.nguyen,9,4
2044,TCK-002044,194,201,2026-01-19,2026-01-19,solved,how_to,medium,email,ava.nguyen,1,
2045,TCK-002045,194,,2025-10-07,2025-10-07,closed,how_to,high,chat,ava.nguyen,1,4
2046,TCK-002046,194,200,2024-02-22,,open,bug,low,in_app,priya.shah,2,
2047,TCK-002047,194,,2025-10-09,2025-10-09,solved,how_to,medium,email,emma.cole,3,
2048,TCK-002048,194,200,2025-02-27,2025-02-27,solved,onboarding,low,in_app,jonas.becker,2,4
2049,TCK-002049,194,201,2026-01-25,2026-01-25,closed,bug,urgent,in_app,jonas.becker,1,
2050,TCK-002050,194,200,2025-04-23,2025-04-23,solved,outage,urgent,in_app,marcus.holm,1,5
2051,TCK-002051,194,200,2023-09-27,2023-09-27,closed,feature_request,medium,in_app,ava.nguyen,1,
2052,TCK-002052,194,,2025-07-12,2025-07-12,solved,how_to,medium,chat,emma.cole,3,5
2053,TCK-002053,194,200,2023-07-19,2023-07-19,solved,bug,low,email,ava.nguyen,1,
2054,TCK-002054,194,200,2024-09-14,2024-09-14,solved,bug,medium,in_app,ava.nguyen,3,4
2055,TCK-002055,194,,2025-06-03,2025-06-03,solved,bug,low,chat,marcus.holm,1,
2056,TCK-002056,194,201,2026-06-06,2026-06-06,solved,how_to,high,email,emma.cole,1,5
2057,TCK-002057,194,200,2023-03-25,2023-03-25,closed,feature_request,medium,in_app,ava.nguyen,3,
2058,TCK-002058,194,,2025-05-29,2025-05-29,closed,how_to,medium,in_app,marcus.holm,1,
2059,TCK-002059,194,200,2024-01-08,2024-01-08,closed,how_to,low,in_app,priya.shah,1,
2060,TCK-002060,194,,2025-11-22,2025-11-22,closed,bug,low,chat,emma.cole,2,5
2061,TCK-002061,194,200,2023-07-20,2023-07-20,solved,how_to,urgent,in_app,marcus.holm,1,
2062,TCK-002062,194,200,2023-11-28,2023-11-29,closed,how_to,medium,in_app,jonas.becker,9,
2063,TCK-002063,194,200,2024-05-30,2024-05-30,solved,bug,low,in_app,priya.shah,1,
2064,TCK-002064,194,201,2026-02-17,2026-02-17,solved,bug,low,in_app,emma.cole,2,
2065,TCK-002065,194,,2025-10-14,2025-10-14,solved,how_to,medium,in_app,marcus.holm,1,4
2066,TCK-002066,194,200,2025-01-07,2025-01-07,solved,bug,low,email,priya.shah,1,3
2067,TCK-002067,194,200,2024-01-12,2024-01-12,solved,onboarding,low,chat,ava.nguyen,1,
2068,TCK-002068,194,200,2023-04-27,2023-04-27,solved,how_to,medium,email,ava.nguyen,1,
2069,TCK-002069,194,200,2024-11-17,2024-11-18,solved,billing,low,chat,ava.nguyen,10,
2070,TCK-002070,194,200,2024-08-18,2024-08-18,solved,onboarding,medium,email,emma.cole,2,
2071,TCK-002071,194,201,2026-01-28,2026-01-28,solved,onboarding,medium,in_app,marcus.holm,1,3
2072,TCK-002072,194,200,2024-05-25,2024-05-25,solved,how_to,medium,email,jonas.becker,1,
2073,TCK-002073,194,201,2026-01-03,,open,how_to,low,in_app,marcus.holm,24,
2074,TCK-002074,194,201,2026-06-04,2026-06-04,closed,how_to,medium,in_app,emma.cole,1,5
2075,TCK-002075,194,200,2023-07-07,2023-07-07,closed,feature_request,medium,email,emma.cole,1,
2076,TCK-002076,194,,2025-07-07,2025-07-07,solved,how_to,high,chat,jonas.becker,1,
2077,TCK-002077,194,201,2026-05-26,2026-05-26,solved,how_to,medium,email,priya.shah,1,
2078,TCK-002078,194,201,2026-05-14,2026-05-14,solved,how_to,low,email,emma.cole,1,
2079,TCK-002079,194,,2025-05-15,2025-05-15,closed,onboarding,urgent,email,ava.nguyen,1,5
2080,TCK-002080,194,200,2023-03-12,2023-03-12,solved,bug,medium,email,ava.nguyen,1,
2081,TCK-002081,194,200,2023-10-23,2023-10-23,closed,feature_request,high,email,marcus.holm,1,3
2082,TCK-002082,194,200,2025-02-15,2025-02-15,solved,feature_request,medium,email,jonas.becker,1,5
2083,TCK-002083,194,,2025-12-19,2025-12-19,solved,outage,urgent,chat,marcus.holm,1,3
2084,TCK-002084,194,200,2024-07-26,2024-07-26,solved,how_to,high,in_app,marcus.holm,1,1
2085,TCK-002085,194,,2025-10-19,2025-10-19,solved,bug,medium,email,jonas.becker,1,4
2086,TCK-002086,194,200,2024-05-18,2024-05-18,closed,onboarding,high,in_app,emma.cole,1,5
2087,TCK-002087,194,200,2023-05-23,2023-05-23,solved,how_to,medium,email,emma.cole,3,4
2088,TCK-002088,194,,2025-05-17,2025-05-17,solved,onboarding,high,email,priya.shah,1,
2089,TCK-002089,194,200,2023-07-10,2023-07-11,closed,feature_request,low,email,priya.shah,2,4
2090,TCK-002090,194,200,2024-08-28,2024-08-30,solved,feature_request,medium,in_app,jonas.becker,4,
2091,TCK-002091,194,200,2023-05-19,2023-05-19,solved,how_to,medium,email,marcus.holm,1,4
2092,TCK-002092,194,200,2024-11-18,2024-11-18,solved,feature_request,medium,chat,marcus.holm,6,2
2093,TCK-002093,194,200,2024-02-02,2024-02-02,closed,onboarding,medium,in_app,jonas.becker,1,3
2094,TCK-002094,194,200,2024-08-29,2024-08-29,solved,bug,urgent,email,marcus.holm,2,
2095,TCK-002095,194,200,2023-05-15,2023-05-15,solved,bug,low,chat,emma.cole,1,
2096,TCK-002096,194,200,2023-10-31,2023-10-31,closed,how_to,medium,in_app,emma.cole,1,
2097,TCK-002097,194,200,2023-12-12,2023-12-12,solved,outage,urgent,email,emma.cole,1,
2098,TCK-002098,194,200,2025-01-29,2025-01-29,solved,billing,medium,chat,jonas.becker,3,5
2099,TCK-002099,194,200,2024-03-25,2024-03-25,solved,onboarding,high,in_app,ava.nguyen,2,
2100,TCK-002100,194,200,2024-01-04,2024-01-04,solved,billing,medium,in_app,ava.nguyen,1,5
2101,TCK-002101,194,200,2024-07-19,2024-07-19,solved,outage,high,email,priya.shah,1,
2102,TCK-002102,194,200,2024-05-03,2024-05-03,solved,bug,low,in_app,emma.cole,1,
2103,TCK-002103,194,200,2024-07-02,2024-07-02,solved,how_to,medium,in_app,jonas.becker,4,
2104,TCK-002104,195,202,2026-06-22,2026-06-22,solved,bug,medium,chat,jonas.becker,1,5
2105,TCK-002105,195,202,2026-06-26,,open,billing,low,email,jonas.becker,,
2106,TCK-002106,195,202,2026-06-25,2026-06-25,closed,billing,low,email,priya.shah,2,
2107,TCK-002107,196,203,2023-09-29,2023-09-29,solved,bug,high,in_app,emma.cole,2,
2108,TCK-002108,197,204,2023-08-01,2023-08-01,closed,billing,medium,email,priya.shah,6,5
2109,TCK-002109,197,204,2023-04-12,2023-04-12,solved,how_to,medium,in_app,jonas.becker,2,
2110,TCK-002110,197,204,2022-12-12,2022-12-15,solved,onboarding,medium,phone,emma.cole,12,
2111,TCK-002111,197,204,2023-04-17,2023-04-17,solved,bug,medium,in_app,marcus.holm,1,5
2112,TCK-002112,197,204,2022-11-05,2022-11-05,solved,bug,medium,chat,marcus.holm,1,5
2113,TCK-002113,197,204,2023-08-07,2023-08-07,solved,billing,medium,email,marcus.holm,4,5
2114,TCK-002114,197,204,2023-07-10,2023-07-10,solved,how_to,high,in_app,marcus.holm,1,
2115,TCK-002115,197,204,2023-02-12,2023-02-12,closed,feature_request,medium,in_app,priya.shah,1,
2116,TCK-002116,199,207,2026-06-11,2026-06-11,solved,how_to,low,email,priya.shah,3,3
2117,TCK-002117,199,207,2026-08-20,,open,feature_request,medium,in_app,emma.cole,2,
2118,TCK-002118,199,206,2025-12-29,2025-12-29,solved,how_to,medium,in_app,priya.shah,1,
2119,TCK-002119,199,206,2025-12-03,2025-12-03,closed,bug,medium,chat,emma.cole,2,2
2120,TCK-002120,199,207,2026-05-16,2026-05-16,solved,how_to,medium,chat,marcus.holm,1,5
2121,TCK-002121,199,,2026-03-03,2026-03-03,solved,how_to,low,chat,jonas.becker,2,
2122,TCK-002122,201,209,2024-03-07,2024-03-07,solved,how_to,medium,email,emma.cole,1,4
2123,TCK-002123,201,209,2025-11-02,2025-11-02,closed,bug,low,in_app,emma.cole,1,3
2124,TCK-002124,201,209,2024-10-14,2024-10-14,solved,how_to,low,in_app,marcus.holm,2,
2125,TCK-002125,201,209,2025-12-23,2025-12-23,closed,bug,medium,email,jonas.becker,1,
2126,TCK-002126,201,209,2026-03-27,2026-03-27,solved,outage,high,in_app,emma.cole,1,
2127,TCK-002127,201,209,2026-06-05,2026-06-05,solved,billing,high,email,marcus.holm,1,3
2128,TCK-002128,201,209,2026-02-05,2026-02-06,closed,feature_request,medium,chat,jonas.becker,2,
2129,TCK-002129,201,209,2026-07-10,2026-07-10,solved,feature_request,high,email,priya.shah,1,
2130,TCK-002130,201,209,2026-07-24,2026-07-24,solved,how_to,medium,chat,marcus.holm,3,
2131,TCK-002131,201,209,2024-11-07,2024-11-07,solved,onboarding,medium,chat,marcus.holm,2,5
2132,TCK-002132,201,209,2025-07-04,2025-07-04,solved,how_to,medium,phone,marcus.holm,1,
2133,TCK-002133,201,209,2024-12-21,2024-12-23,solved,billing,low,chat,marcus.holm,5,
2134,TCK-002134,202,210,2026-08-27,2026-08-27,solved,how_to,high,email,priya.shah,1,
2135,TCK-002135,202,210,2026-08-22,2026-08-22,solved,feature_request,urgent,email,marcus.holm,2,1
2136,TCK-002136,202,210,2026-08-21,2026-08-22,solved,billing,medium,email,ava.nguyen,5,
2137,TCK-002137,203,211,2025-09-12,2025-09-12,solved,how_to,high,email,marcus.holm,1,4
2138,TCK-002138,203,211,2026-01-17,2026-01-17,solved,feature_request,medium,phone,jonas.becker,2,5
2139,TCK-002139,203,211,2025-10-13,2025-10-13,closed,bug,medium,email,marcus.holm,1,
2140,TCK-002140,203,211,2026-03-18,2026-03-18,solved,bug,low,chat,emma.cole,2,
2141,TCK-002141,205,213,2026-08-17,2026-08-17,solved,feature_request,high,in_app,emma.cole,1,4
2142,TCK-002142,205,213,2026-03-09,2026-03-10,closed,bug,medium,email,marcus.holm,6,
2143,TCK-002143,205,213,2026-04-04,,open,billing,low,email,marcus.holm,,
2144,TCK-002144,205,213,2025-07-29,2025-07-29,solved,feature_request,high,in_app,priya.shah,1,4
2145,TCK-002145,205,213,2025-08-06,2025-08-06,solved,how_to,high,email,marcus.holm,2,4
2146,TCK-002146,205,213,2025-07-07,2025-07-07,solved,billing,high,chat,marcus.holm,1,4
2147,TCK-002147,205,213,2025-12-05,2025-12-05,solved,bug,high,in_app,ava.nguyen,1,2
2148,TCK-002148,205,213,2025-07-20,2025-07-21,solved,how_to,low,in_app,jonas.becker,1,4
2149,TCK-002149,205,213,2026-05-05,2026-05-05,closed,how_to,urgent,email,marcus.holm,5,4
2150,TCK-002150,205,213,2026-01-17,2026-01-17,solved,how_to,low,email,ava.nguyen,1,
2151,TCK-002151,205,213,2025-09-18,2025-09-19,closed,how_to,medium,chat,priya.shah,5,4
2152,TCK-002152,206,214,2026-05-03,2026-05-03,solved,feature_request,medium,chat,ava.nguyen,4,5
2153,TCK-002153,206,214,2026-06-06,2026-06-06,solved,bug,low,email,jonas.becker,2,1
2154,TCK-002154,206,214,2026-08-08,2026-08-09,solved,how_to,low,email,marcus.holm,3,5
2155,TCK-002155,206,214,2026-08-26,2026-08-26,solved,how_to,medium,chat,priya.shah,1,
2156,TCK-002156,206,214,2026-08-23,2026-08-23,solved,feature_request,medium,email,jonas.becker,1,
2157,TCK-002157,206,214,2026-05-25,2026-05-25,solved,how_to,low,in_app,ava.nguyen,1,
2158,TCK-002158,206,214,2026-07-30,2026-07-30,solved,feature_request,medium,in_app,jonas.becker,6,
2159,TCK-002159,206,214,2026-07-31,2026-08-01,closed,how_to,medium,phone,ava.nguyen,7,3
2160,TCK-002160,206,214,2026-07-28,2026-07-29,solved,onboarding,medium,in_app,marcus.holm,1,5
2161,TCK-002161,206,214,2026-05-11,2026-05-11,closed,how_to,medium,in_app,emma.cole,3,
2162,TCK-002162,207,215,2023-01-14,2023-01-14,solved,bug,medium,chat,marcus.holm,1,
2163,TCK-002163,207,215,2023-04-26,2023-04-26,closed,how_to,medium,chat,jonas.becker,2,
2164,TCK-002164,207,215,2023-07-09,2023-07-09,solved,how_to,low,email,marcus.holm,1,3
2165,TCK-002165,207,215,2023-07-11,2023-07-11,closed,outage,urgent,in_app,emma.cole,1,
2166,TCK-002166,207,215,2023-01-08,2023-01-08,solved,bug,urgent,in_app,priya.shah,1,
2167,TCK-002167,207,215,2023-05-13,2023-05-13,solved,how_to,high,in_app,priya.shah,1,
2168,TCK-002168,207,215,2022-12-24,2022-12-24,closed,how_to,high,chat,priya.shah,1,4
2169,TCK-002169,207,215,2023-04-27,2023-04-27,solved,bug,medium,in_app,ava.nguyen,1,
2170,TCK-002170,207,215,2023-01-20,2023-01-20,solved,feature_request,high,in_app,marcus.holm,1,
2171,TCK-002171,207,215,2023-05-03,2023-05-03,closed,billing,medium,email,emma.cole,2,
2172,TCK-002172,208,216,2026-07-31,2026-07-31,solved,onboarding,medium,email,jonas.becker,4,5
2173,TCK-002173,208,216,2026-05-01,2026-05-01,solved,how_to,high,in_app,marcus.holm,6,
2174,TCK-002174,208,216,2026-05-05,2026-05-05,solved,feature_request,low,chat,ava.nguyen,2,3
2175,TCK-002175,209,217,2024-06-09,2024-06-09,solved,feature_request,medium,in_app,jonas.becker,1,5
2176,TCK-002176,209,217,2024-10-27,2024-10-28,solved,how_to,low,in_app,priya.shah,4,
2177,TCK-002177,209,217,2024-03-25,2024-03-25,closed,how_to,medium,email,jonas.becker,2,
2178,TCK-002178,209,217,2023-11-04,2023-11-05,solved,bug,medium,email,priya.shah,5,5
2179,TCK-002179,211,219,2025-12-27,,open,how_to,medium,email,unassigned,4,
2180,TCK-002180,211,219,2024-10-27,2024-10-27,solved,how_to,low,in_app,emma.cole,1,5
2181,TCK-002181,211,219,2024-08-24,2024-08-24,solved,how_to,medium,email,ava.nguyen,1,
2182,TCK-002182,211,219,2026-08-25,2026-08-25,solved,bug,medium,chat,jonas.becker,1,
2183,TCK-002183,211,219,2025-03-23,2025-03-23,solved,bug,medium,in_app,priya.shah,1,4
2184,TCK-002184,211,219,2025-11-05,2025-11-06,solved,how_to,low,chat,priya.shah,11,2
2185,TCK-002185,211,219,2025-02-12,2025-02-12,closed,feature_request,medium,email,emma.cole,1,
2186,TCK-002186,212,220,2024-09-07,2024-09-07,solved,billing,low,email,marcus.holm,1,
2187,TCK-002187,212,220,2026-06-17,,open,bug,medium,email,priya.shah,4,
2188,TCK-002188,212,220,2026-04-18,2026-04-18,solved,how_to,urgent,in_app,ava.nguyen,1,5
2189,TCK-002189,212,220,2023-11-07,2023-11-08,solved,feature_request,medium,email,priya.shah,3,5
2190,TCK-002190,213,221,2024-09-12,2024-09-12,solved,outage,high,chat,marcus.holm,1,4
2191,TCK-002191,213,221,2025-11-07,2025-11-07,solved,how_to,medium,email,jonas.becker,1,
2192,TCK-002192,213,221,2026-06-11,2026-06-11,solved,bug,medium,in_app,jonas.becker,1,
2193,TCK-002193,213,221,2025-05-24,2025-05-27,solved,bug,urgent,chat,emma.cole,25,3
2194,TCK-002194,213,221,2026-05-13,2026-05-14,solved,feature_request,medium,in_app,priya.shah,5,5
2195,TCK-002195,213,221,2025-03-21,2025-03-21,closed,feature_request,medium,email,marcus.holm,1,
2196,TCK-002196,213,221,2026-03-18,2026-03-18,solved,bug,medium,phone,ava.nguyen,2,
2197,TCK-002197,213,221,2026-03-09,2026-03-10,closed,feature_request,medium,chat,priya.shah,3,5
2198,TCK-002198,213,221,2025-09-28,2025-09-28,closed,how_to,urgent,in_app,emma.cole,1,
2199,TCK-002199,213,221,2025-12-21,2025-12-21,solved,bug,high,phone,emma.cole,1,
2200,TCK-002200,213,221,2025-07-19,2025-07-19,solved,how_to,urgent,email,ava.nguyen,1,
2201,TCK-002201,213,221,2024-08-18,2024-08-18,solved,how_to,medium,email,jonas.becker,1,
2202,TCK-002202,213,221,2025-06-16,2025-06-16,solved,bug,medium,chat,emma.cole,1,4
2203,TCK-002203,213,221,2025-02-15,2025-02-15,closed,feature_request,medium,email,marcus.holm,2,
2204,TCK-002204,213,221,2025-10-22,2025-10-23,solved,billing,medium,chat,marcus.holm,2,
2205,TCK-002205,213,221,2026-06-29,2026-06-29,solved,how_to,medium,in_app,priya.shah,1,2
2206,TCK-002206,213,221,2026-02-06,2026-02-08,closed,how_to,low,in_app,priya.shah,9,
2207,TCK-002207,213,221,2025-08-29,2025-08-29,closed,feature_request,high,chat,priya.shah,1,4
2208,TCK-002208,213,221,2025-03-02,2025-03-02,solved,how_to,medium,email,emma.cole,1,2
2209,TCK-002209,214,222,2026-07-27,2026-07-27,closed,how_to,medium,phone,ava.nguyen,1,
2210,TCK-002210,214,222,2026-08-06,2026-08-07,closed,bug,medium,email,marcus.holm,6,4
2211,TCK-002211,214,222,2025-07-22,2025-07-22,closed,how_to,low,email,ava.nguyen,1,4
2212,TCK-002212,214,222,2025-08-21,2025-08-22,solved,billing,low,in_app,jonas.becker,10,
2213,TCK-002213,214,222,2026-03-17,2026-03-17,closed,billing,high,email,jonas.becker,1,3
2214,TCK-002214,214,222,2025-08-29,2025-08-29,solved,how_to,high,email,emma.cole,2,
2215,TCK-002215,214,222,2026-02-15,2026-02-15,solved,feature_request,urgent,email,ava.nguyen,1,
2216,TCK-002216,214,222,2026-02-14,2026-02-14,solved,how_to,high,email,marcus.holm,1,
2217,TCK-002217,214,222,2025-06-22,2025-06-22,solved,feature_request,medium,email,marcus.holm,3,
2218,TCK-002218,215,223,2025-10-28,2025-10-28,solved,feature_request,low,chat,priya.shah,1,
2219,TCK-002219,215,223,2026-05-31,2026-05-31,solved,how_to,low,in_app,emma.cole,1,5
2220,TCK-002220,215,223,2025-01-16,,open,how_to,medium,chat,jonas.becker,2,
2221,TCK-002221,215,223,2024-04-03,2024-04-03,solved,how_to,low,email,emma.cole,2,
2222,TCK-002222,215,223,2024-03-09,2024-03-09,closed,how_to,low,chat,emma.cole,1,
2223,TCK-002223,215,223,2026-05-03,2026-05-03,solved,how_to,medium,chat,emma.cole,1,
2224,TCK-002224,215,223,2025-12-11,2025-12-11,closed,billing,low,email,ava.nguyen,1,
2225,TCK-002225,215,223,2024-02-07,2024-02-07,solved,how_to,medium,email,ava.nguyen,1,4
2226,TCK-002226,215,223,2024-03-11,2024-03-11,solved,feature_request,low,phone,emma.cole,5,5
2227,TCK-002227,215,223,2026-01-17,2026-01-17,solved,bug,medium,email,emma.cole,1,
2228,TCK-002228,216,224,2026-08-14,2026-08-14,solved,how_to,medium,email,emma.cole,1,
2229,TCK-002229,218,226,2025-03-07,2025-03-07,solved,feature_request,high,chat,emma.cole,1,
2230,TCK-002230,218,226,2025-08-01,2025-08-02,solved,feature_request,medium,email,jonas.becker,3,4
2231,TCK-002231,218,226,2025-05-27,2025-05-27,solved,onboarding,high,in_app,ava.nguyen,1,4
2232,TCK-002232,218,226,2025-01-10,2025-01-10,solved,how_to,medium,email,priya.shah,3,
2233,TCK-002233,218,226,2025-01-25,2025-01-25,closed,bug,high,email,jonas.becker,1,
2234,TCK-002234,218,226,2026-07-08,2026-07-09,solved,feature_request,medium,in_app,ava.nguyen,5,5
2235,TCK-002235,218,226,2024-10-10,,open,bug,high,chat,unassigned,24,
2236,TCK-002236,218,226,2025-12-17,2025-12-18,solved,bug,low,email,emma.cole,13,
2237,TCK-002237,218,226,2026-08-10,2026-08-10,solved,billing,medium,email,ava.nguyen,3,
2238,TCK-002238,218,226,2026-01-22,2026-01-22,solved,feature_request,urgent,email,priya.shah,1,
2239,TCK-002239,218,226,2026-05-12,2026-05-12,solved,feature_request,low,chat,priya.shah,4,
2240,TCK-002240,218,226,2025-07-05,2025-07-05,closed,bug,medium,phone,marcus.holm,3,5
2241,TCK-002241,218,226,2024-09-16,,open,onboarding,medium,email,priya.shah,2,
2242,TCK-002242,219,227,2026-08-20,2026-08-20,solved,bug,medium,email,emma.cole,3,
2243,TCK-002243,219,227,2025-03-28,2025-03-28,solved,how_to,medium,email,ava.nguyen,1,
2244,TCK-002244,219,227,2026-07-13,2026-07-13,solved,billing,medium,in_app,jonas.becker,1,
2245,TCK-002245,219,227,2026-04-04,2026-04-04,solved,onboarding,high,chat,priya.shah,1,
2246,TCK-002246,219,227,2025-06-06,2025-06-06,solved,bug,low,phone,priya.shah,1,5
2247,TCK-002247,219,227,2026-06-18,2026-06-18,solved,bug,low,email,jonas.becker,2,4
2248,TCK-002248,220,228,2026-08-14,2026-08-14,solved,bug,medium,email,priya.shah,2,5
2249,TCK-002249,220,228,2026-06-08,2026-06-08,closed,billing,high,email,priya.shah,1,5
2250,TCK-002250,220,228,2026-05-01,2026-05-01,solved,onboarding,low,email,jonas.becker,1,5
2251,TCK-002251,220,228,2026-05-17,2026-05-17,solved,feature_request,low,email,marcus.holm,2,
2252,TCK-002252,220,228,2026-03-13,2026-03-13,closed,billing,medium,phone,jonas.becker,1,
2253,TCK-002253,220,228,2026-06-08,2026-06-08,solved,bug,medium,chat,emma.cole,1,3
2254,TCK-002254,220,228,2026-06-25,2026-06-25,solved,how_to,medium,email,marcus.holm,1,
2255,TCK-002255,220,228,2026-08-22,2026-08-22,solved,bug,medium,in_app,jonas.becker,1,
2256,TCK-002256,220,228,2026-05-11,,open,how_to,medium,email,marcus.holm,4,
2257,TCK-002257,220,228,2026-08-18,2026-08-18,solved,bug,medium,chat,jonas.becker,1,
2258,TCK-002258,221,229,2026-03-13,2026-03-13,solved,billing,high,email,jonas.becker,1,4
2259,TCK-002259,221,229,2025-12-31,2025-12-31,solved,feature_request,medium,in_app,marcus.holm,2,5
2260,TCK-002260,221,229,2025-12-04,2025-12-04,solved,feature_request,urgent,email,ava.nguyen,2,
2261,TCK-002261,221,229,2026-06-22,2026-06-22,solved,how_to,high,phone,marcus.holm,3,
2262,TCK-002262,221,229,2026-08-07,2026-08-07,solved,how_to,low,phone,ava.nguyen,2,5
2263,TCK-002263,221,229,2026-07-18,2026-07-18,solved,how_to,low,email,jonas.becker,2,2
2264,TCK-002264,221,229,2026-07-16,2026-07-16,solved,how_to,medium,chat,jonas.becker,2,4
2265,TCK-002265,221,229,2026-07-12,2026-07-12,closed,bug,low,email,jonas.becker,1,5
2266,TCK-002266,221,229,2026-02-28,2026-03-01,closed,how_to,medium,email,ava.nguyen,7,
2267,TCK-002267,221,229,2026-01-09,2026-01-09,closed,how_to,high,email,marcus.holm,4,4
2268,TCK-002268,221,229,2026-06-26,2026-06-26,closed,how_to,high,in_app,priya.shah,1,
2269,TCK-002269,221,229,2025-12-19,2025-12-19,solved,bug,medium,in_app,marcus.holm,1,5
2270,TCK-002270,221,229,2026-01-26,2026-01-26,solved,billing,high,email,jonas.becker,1,5
2271,TCK-002271,221,229,2025-11-22,2025-11-23,solved,billing,low,email,emma.cole,5,
2272,TCK-002272,222,230,2025-11-16,2025-11-16,solved,onboarding,medium,chat,priya.shah,2,
2273,TCK-002273,222,230,2026-03-17,2026-03-17,solved,how_to,low,email,marcus.holm,1,
2274,TCK-002274,222,230,2024-06-08,2024-06-09,closed,bug,medium,chat,emma.cole,1,4
2275,TCK-002275,222,230,2024-08-14,2024-08-14,closed,billing,low,chat,marcus.holm,2,5
2276,TCK-002276,222,230,2024-04-17,2024-04-17,solved,bug,low,email,ava.nguyen,4,
2277,TCK-002277,222,230,2026-03-12,2026-03-12,solved,outage,urgent,email,priya.shah,1,4
2278,TCK-002278,222,230,2025-04-02,2025-04-02,solved,how_to,medium,email,priya.shah,5,
2279,TCK-002279,222,230,2024-03-08,2024-03-08,solved,bug,high,chat,emma.cole,1,
2280,TCK-002280,222,230,2024-06-23,2024-06-23,solved,onboarding,medium,email,marcus.holm,4,
2281,TCK-002281,222,230,2026-06-25,2026-06-25,closed,how_to,medium,in_app,priya.shah,2,5
2282,TCK-002282,222,230,2026-03-22,2026-03-22,solved,how_to,low,email,jonas.becker,1,4
2283,TCK-002283,222,230,2026-04-06,2026-04-06,closed,feature_request,high,in_app,marcus.holm,1,
2284,TCK-002284,222,230,2025-06-19,2025-06-19,solved,onboarding,medium,email,priya.shah,1,
2285,TCK-002285,222,230,2024-01-01,2024-01-01,solved,bug,high,in_app,priya.shah,1,
2286,TCK-002286,222,230,2025-07-15,2025-07-15,solved,bug,urgent,in_app,priya.shah,1,
2287,TCK-002287,222,230,2025-06-02,,open,billing,medium,email,jonas.becker,2,
2288,TCK-002288,222,230,2024-09-24,2024-09-25,solved,how_to,low,email,marcus.holm,9,5
2289,TCK-002289,222,230,2024-09-11,2024-09-11,solved,how_to,low,phone,emma.cole,3,3
2290,TCK-002290,222,230,2026-02-13,2026-02-14,solved,billing,low,email,priya.shah,3,
2291,TCK-002291,222,230,2024-03-06,2024-03-06,closed,bug,low,in_app,ava.nguyen,1,
2292,TCK-002292,222,230,2024-04-14,2024-04-14,closed,how_to,medium,in_app,ava.nguyen,1,
2293,TCK-002293,222,230,2024-02-21,2024-02-21,solved,feature_request,medium,in_app,marcus.holm,1,
2294,TCK-002294,222,230,2025-12-22,2025-12-22,solved,bug,medium,in_app,ava.nguyen,2,5
2295,TCK-002295,222,230,2024-04-16,2024-04-16,solved,onboarding,high,in_app,emma.cole,1,
2296,TCK-002296,222,230,2026-04-27,2026-04-27,closed,billing,medium,phone,jonas.becker,1,2
2297,TCK-002297,222,230,2025-04-11,,open,bug,low,in_app,priya.shah,8,
2298,TCK-002298,222,230,2026-08-16,2026-08-16,solved,feature_request,low,in_app,jonas.becker,1,4
2299,TCK-002299,222,230,2025-12-20,2025-12-20,solved,feature_request,medium,chat,jonas.becker,5,
2300,TCK-002300,222,230,2026-07-21,2026-07-21,solved,bug,low,email,ava.nguyen,3,
2301,TCK-002301,222,230,2024-02-12,,open,bug,high,email,jonas.becker,24,
2302,TCK-002302,222,230,2026-01-25,2026-01-25,solved,how_to,medium,in_app,ava.nguyen,1,
2303,TCK-002303,222,230,2024-01-28,2024-01-28,solved,how_to,low,email,marcus.holm,1,
2304,TCK-002304,222,230,2024-01-20,2024-01-20,closed,how_to,high,in_app,jonas.becker,1,3
2305,TCK-002305,222,230,2024-10-11,,open,how_to,medium,email,marcus.holm,2,
2306,TCK-002306,222,230,2024-01-05,2024-01-05,solved,bug,medium,email,emma.cole,1,3
2307,TCK-002307,222,230,2026-06-05,2026-06-05,closed,billing,high,email,ava.nguyen,1,1
2308,TCK-002308,222,230,2024-07-28,2024-07-28,closed,billing,medium,in_app,priya.shah,1,2
2309,TCK-002309,222,230,2024-02-14,2024-02-14,solved,billing,high,in_app,marcus.holm,1,5
2310,TCK-002310,222,230,2026-02-08,2026-02-08,solved,bug,medium,email,marcus.holm,2,5
2311,TCK-002311,222,230,2026-01-30,2026-01-30,solved,how_to,medium,in_app,jonas.becker,1,4
2312,TCK-002312,222,230,2025-11-26,2025-11-26,solved,feature_request,high,in_app,emma.cole,1,
2313,TCK-002313,222,230,2026-08-31,,pending,feature_request,high,email,ava.nguyen,,
2314,TCK-002314,222,230,2026-07-29,2026-07-29,closed,feature_request,high,in_app,marcus.holm,1,
2315,TCK-002315,222,230,2024-07-19,2024-07-19,solved,billing,low,email,ava.nguyen,3,3
2316,TCK-002316,222,230,2026-05-28,2026-05-28,solved,how_to,low,in_app,ava.nguyen,3,3
2317,TCK-002317,222,230,2025-06-09,2025-06-09,solved,how_to,medium,email,marcus.holm,2,5
2318,TCK-002318,222,230,2025-09-13,2025-09-13,closed,bug,low,chat,priya.shah,1,
2319,TCK-002319,222,230,2026-02-15,2026-02-15,solved,bug,low,email,ava.nguyen,1,5
2320,TCK-002320,222,230,2024-12-11,2024-12-11,solved,how_to,medium,in_app,jonas.becker,2,1
2321,TCK-002321,222,230,2026-01-23,,open,billing,high,email,unassigned,2,
2322,TCK-002322,222,230,2024-07-09,2024-07-09,solved,how_to,high,in_app,jonas.becker,1,2
2323,TCK-002323,222,230,2025-05-30,2025-05-30,closed,how_to,medium,phone,jonas.becker,1,
2324,TCK-002324,222,230,2026-03-10,2026-03-10,solved,how_to,medium,in_app,priya.shah,5,2
2325,TCK-002325,222,230,2026-08-12,2026-08-12,solved,how_to,medium,email,jonas.becker,3,
2326,TCK-002326,222,230,2024-03-29,2024-03-29,solved,how_to,medium,in_app,emma.cole,4,
2327,TCK-002327,222,230,2025-03-14,2025-03-14,solved,how_to,low,in_app,emma.cole,1,
2328,TCK-002328,222,230,2025-12-29,2025-12-29,solved,how_to,medium,in_app,marcus.holm,1,5
2329,TCK-002329,222,230,2026-02-22,,open,billing,low,in_app,unassigned,8,
2330,TCK-002330,222,230,2025-10-31,,open,billing,medium,email,ava.nguyen,4,
2331,TCK-002331,222,230,2024-02-20,2024-02-20,solved,how_to,medium,in_app,emma.cole,2,2
2332,TCK-002332,222,230,2024-05-15,,open,how_to,medium,email,marcus.holm,8,
2333,TCK-002333,222,230,2025-01-26,2025-01-26,solved,billing,medium,email,priya.shah,2,
2334,TCK-002334,222,230,2024-05-16,2024-05-16,solved,how_to,low,email,priya.shah,3,5
2335,TCK-002335,222,230,2024-07-07,2024-07-07,solved,how_to,low,email,ava.nguyen,3,4
2336,TCK-002336,222,230,2025-10-08,2025-10-08,solved,billing,medium,phone,priya.shah,1,4
2337,TCK-002337,222,230,2025-01-24,2025-01-24,solved,how_to,high,email,priya.shah,1,5
2338,TCK-002338,222,230,2024-06-26,2024-06-27,solved,billing,medium,chat,ava.nguyen,2,1
2339,TCK-002339,222,230,2025-01-15,2025-01-15,solved,bug,low,in_app,ava.nguyen,1,
2340,TCK-002340,222,230,2026-04-25,2026-04-25,solved,onboarding,medium,chat,jonas.becker,3,2
2341,TCK-002341,222,230,2025-03-13,2025-03-14,solved,onboarding,medium,chat,ava.nguyen,9,
2342,TCK-002342,222,230,2024-07-24,2024-07-24,solved,bug,medium,chat,priya.shah,2,5
2343,TCK-002343,222,230,2026-01-19,2026-01-19,solved,feature_request,high,in_app,marcus.holm,1,5
2344,TCK-002344,222,230,2025-06-29,2025-06-30,solved,feature_request,medium,in_app,priya.shah,9,5
2345,TCK-002345,222,230,2025-11-11,2025-11-11,solved,how_to,medium,in_app,priya.shah,1,
2346,TCK-002346,222,230,2024-03-16,2024-03-16,solved,how_to,medium,email,emma.cole,3,5
2347,TCK-002347,222,230,2026-03-12,2026-03-12,solved,billing,medium,chat,emma.cole,1,4
2348,TCK-002348,222,230,2025-09-10,2025-09-10,closed,bug,low,email,emma.cole,1,4
2349,TCK-002349,222,230,2024-02-10,2024-02-11,solved,feature_request,low,email,marcus.holm,6,4
2350,TCK-002350,222,230,2024-10-26,2024-10-26,solved,feature_request,medium,in_app,marcus.holm,1,
2351,TCK-002351,222,230,2024-06-29,2024-06-30,solved,how_to,medium,email,marcus.holm,15,2
2352,TCK-002352,222,230,2025-06-05,2025-06-05,closed,bug,low,email,marcus.holm,1,
2353,TCK-002353,222,230,2026-08-10,2026-08-10,closed,onboarding,medium,in_app,marcus.holm,1,2
2354,TCK-002354,222,230,2025-06-26,2025-06-26,solved,billing,high,phone,jonas.becker,1,
2355,TCK-002355,222,230,2025-09-21,2025-09-21,solved,bug,medium,phone,jonas.becker,1,
2356,TCK-002356,222,230,2025-04-28,2025-04-28,solved,bug,high,phone,priya.shah,1,5
2357,TCK-002357,222,230,2025-11-07,2025-11-07,solved,how_to,high,in_app,jonas.becker,1,
2358,TCK-002358,222,230,2026-05-28,2026-05-29,solved,how_to,medium,email,ava.nguyen,2,
2359,TCK-002359,222,230,2025-11-15,2025-11-15,solved,billing,high,email,ava.nguyen,1,5
2360,TCK-002360,222,230,2025-03-30,2025-03-30,solved,bug,medium,email,ava.nguyen,2,2
2361,TCK-002361,222,230,2026-03-15,2026-03-15,solved,onboarding,medium,chat,emma.cole,2,
2362,TCK-002362,222,230,2025-06-19,2025-06-20,closed,bug,medium,in_app,jonas.becker,9,
2363,TCK-002363,222,230,2024-05-12,2024-05-12,solved,how_to,medium,in_app,jonas.becker,1,5
2364,TCK-002364,222,230,2026-02-09,2026-02-09,solved,how_to,medium,email,priya.shah,1,
2365,TCK-002365,222,230,2024-02-06,2024-02-06,closed,bug,low,in_app,jonas.becker,2,1
2366,TCK-002366,222,230,2026-02-02,,open,bug,high,phone,ava.nguyen,24,
2367,TCK-002367,222,230,2025-01-07,2025-01-07,closed,how_to,medium,in_app,emma.cole,1,
2368,TCK-002368,222,230,2026-02-02,2026-02-02,closed,bug,low,in_app,ava.nguyen,6,
2369,TCK-002369,222,230,2024-09-18,2024-09-18,solved,feature_request,medium,email,jonas.becker,2,
2370,TCK-002370,222,230,2025-06-18,2025-06-20,solved,bug,medium,in_app,priya.shah,11,
2371,TCK-002371,222,230,2026-04-30,2026-04-30,solved,how_to,medium,chat,ava.nguyen,3,
2372,TCK-002372,222,230,2024-08-09,2024-08-09,solved,onboarding,medium,email,jonas.becker,1,
2373,TCK-002373,222,230,2025-10-05,2025-10-05,solved,how_to,medium,email,marcus.holm,2,2
2374,TCK-002374,222,230,2026-01-13,2026-01-13,solved,how_to,high,in_app,emma.cole,1,5
2375,TCK-002375,222,230,2025-09-10,2025-09-10,solved,feature_request,medium,email,emma.cole,4,
2376,TCK-002376,222,230,2026-02-20,2026-02-20,solved,bug,high,in_app,jonas.becker,1,
2377,TCK-002377,222,230,2024-12-04,2024-12-04,closed,how_to,medium,in_app,ava.nguyen,2,5
2378,TCK-002378,222,230,2024-04-14,2024-04-14,solved,how_to,high,email,priya.shah,1,
2379,TCK-002379,222,230,2026-03-31,2026-03-31,solved,how_to,medium,in_app,jonas.becker,1,
2380,TCK-002380,222,230,2026-03-07,2026-03-07,solved,bug,medium,in_app,marcus.holm,1,
2381,TCK-002381,222,230,2025-09-05,2025-09-05,solved,how_to,medium,email,ava.nguyen,4,2
2382,TCK-002382,222,230,2024-09-18,2024-09-18,solved,feature_request,medium,in_app,priya.shah,1,3
2383,TCK-002383,222,230,2025-06-20,2025-06-20,solved,how_to,medium,chat,jonas.becker,2,
2384,TCK-002384,222,230,2025-01-29,2025-01-29,solved,how_to,medium,in_app,ava.nguyen,1,1
2385,TCK-002385,222,230,2024-12-27,2024-12-27,closed,onboarding,low,email,emma.cole,2,
2386,TCK-002386,222,230,2024-03-10,2024-03-10,closed,feature_request,medium,email,marcus.holm,1,
2387,TCK-002387,222,230,2025-02-24,2025-02-24,closed,how_to,medium,email,priya.shah,1,
2388,TCK-002388,222,230,2024-04-13,2024-04-13,solved,billing,medium,in_app,ava.nguyen,1,3
2389,TCK-002389,222,230,2023-12-27,2023-12-27,solved,how_to,medium,email,ava.nguyen,1,
2390,TCK-002390,223,231,2024-11-26,2024-11-26,solved,feature_request,medium,email,marcus.holm,1,
2391,TCK-002391,223,231,2024-11-05,2024-11-05,solved,onboarding,low,email,priya.shah,2,5
2392,TCK-002392,223,231,2025-11-16,2025-11-16,closed,bug,medium,in_app,jonas.becker,1,
2393,TCK-002393,223,231,2026-01-24,2026-01-24,solved,onboarding,medium,in_app,marcus.holm,2,5
2394,TCK-002394,223,231,2026-07-31,2026-07-31,solved,how_to,medium,chat,priya.shah,1,
2395,TCK-002395,223,231,2025-04-06,2025-04-06,solved,how_to,urgent,email,ava.nguyen,1,
2396,TCK-002396,223,231,2025-05-21,2025-05-21,solved,bug,medium,in_app,marcus.holm,4,1
2397,TCK-002397,223,231,2025-01-19,,open,bug,high,in_app,jonas.becker,2,
2398,TCK-002398,223,231,2026-07-30,2026-07-30,closed,outage,high,phone,marcus.holm,2,
2399,TCK-002399,223,231,2026-03-24,2026-03-26,solved,how_to,low,in_app,emma.cole,15,5
2400,TCK-002400,223,231,2025-03-13,2025-03-13,closed,outage,urgent,email,jonas.becker,1,
2401,TCK-002401,223,231,2026-07-12,,open,how_to,medium,email,unassigned,,
2402,TCK-002402,223,231,2024-12-25,2024-12-25,solved,how_to,medium,email,emma.cole,1,
2403,TCK-002403,223,231,2026-07-30,2026-07-30,solved,how_to,medium,email,ava.nguyen,1,4
2404,TCK-002404,223,231,2026-04-12,2026-04-12,solved,feature_request,medium,in_app,emma.cole,4,5
2405,TCK-002405,223,231,2025-09-21,2025-09-21,solved,how_to,medium,email,ava.nguyen,3,
2406,TCK-002406,223,231,2026-01-02,,open,outage,urgent,email,emma.cole,2,
2407,TCK-002407,223,231,2026-06-26,2026-06-26,closed,onboarding,medium,chat,marcus.holm,2,
2408,TCK-002408,223,231,2025-06-03,2025-06-04,closed,how_to,medium,in_app,priya.shah,2,4
2409,TCK-002409,223,231,2025-04-07,2025-04-08,solved,how_to,medium,email,marcus.holm,2,
2410,TCK-002410,223,231,2025-06-11,2025-06-11,solved,feature_request,low,in_app,marcus.holm,1,
2411,TCK-002411,223,231,2025-09-29,2025-09-29,solved,onboarding,high,in_app,priya.shah,2,
2412,TCK-002412,223,231,2025-03-22,2025-03-22,solved,billing,medium,in_app,ava.nguyen,1,
2413,TCK-002413,223,231,2026-07-18,2026-07-18,closed,bug,medium,chat,marcus.holm,4,5
2414,TCK-002414,223,231,2025-04-21,2025-04-21,solved,billing,medium,chat,priya.shah,3,3
2415,TCK-002415,223,231,2026-04-24,2026-04-24,solved,onboarding,low,email,marcus.holm,1,
2416,TCK-002416,223,231,2025-05-20,2025-05-20,solved,bug,low,email,priya.shah,1,
2417,TCK-002417,223,231,2026-01-20,2026-01-20,solved,bug,urgent,chat,emma.cole,1,
2418,TCK-002418,223,231,2024-10-03,2024-10-03,closed,billing,high,in_app,priya.shah,1,
2419,TCK-002419,223,231,2025-12-20,2025-12-20,closed,how_to,medium,email,priya.shah,1,5
2420,TCK-002420,223,231,2025-08-09,2025-08-09,closed,how_to,medium,email,priya.shah,1,
2421,TCK-002421,223,231,2026-06-20,2026-06-20,solved,billing,medium,chat,marcus.holm,1,4
2422,TCK-002422,223,231,2025-01-11,2025-01-11,solved,bug,medium,phone,jonas.becker,2,4
2423,TCK-002423,223,231,2024-10-10,2024-10-10,solved,bug,medium,email,priya.shah,1,5
2424,TCK-002424,224,232,2026-02-02,2026-02-02,solved,how_to,high,chat,ava.nguyen,1,
2425,TCK-002425,224,232,2026-01-13,2026-01-13,closed,how_to,low,email,priya.shah,2,5
2426,TCK-002426,224,232,2024-11-07,2024-11-07,solved,bug,urgent,email,jonas.becker,4,
2427,TCK-002427,224,232,2025-07-10,2025-07-10,solved,billing,low,email,jonas.becker,1,3
2428,TCK-002428,224,232,2026-06-22,2026-06-23,solved,bug,medium,email,marcus.holm,7,
2429,TCK-002429,224,232,2025-07-04,2025-07-05,solved,feature_request,low,in_app,marcus.holm,4,5
2430,TCK-002430,226,234,2025-11-11,2025-11-12,closed,billing,high,chat,emma.cole,10,5
2431,TCK-002431,226,234,2026-05-18,2026-05-18,solved,bug,low,in_app,priya.shah,1,
2432,TCK-002432,226,234,2026-01-21,2026-01-22,solved,how_to,low,email,ava.nguyen,2,
2433,TCK-002433,226,234,2025-11-07,2025-11-07,solved,bug,medium,email,emma.cole,2,3
2434,TCK-002434,226,234,2026-06-13,2026-06-13,closed,how_to,medium,chat,jonas.becker,5,
2435,TCK-002435,226,234,2026-08-02,2026-08-02,solved,how_to,medium,in_app,jonas.becker,3,3
2436,TCK-002436,226,234,2026-07-14,2026-07-14,solved,onboarding,low,email,ava.nguyen,2,
2437,TCK-002437,227,235,2025-11-27,2025-11-27,solved,onboarding,urgent,email,marcus.holm,1,2
2438,TCK-002438,227,235,2026-05-06,2026-05-06,solved,how_to,medium,email,ava.nguyen,6,5
2439,TCK-002439,227,235,2026-01-17,2026-01-18,solved,how_to,medium,email,priya.shah,2,
2440,TCK-002440,227,235,2025-09-17,2025-09-17,solved,how_to,low,chat,priya.shah,2,
2441,TCK-002441,227,235,2025-12-28,2025-12-28,closed,how_to,urgent,email,emma.cole,1,
2442,TCK-002442,227,235,2025-11-10,2025-11-10,solved,how_to,urgent,in_app,jonas.becker,1,
2443,TCK-002443,227,235,2026-08-05,2026-08-05,solved,how_to,low,in_app,priya.shah,3,
2444,TCK-002444,227,235,2026-04-30,2026-04-30,solved,how_to,low,email,priya.shah,1,5
2445,TCK-002445,227,235,2026-04-05,2026-04-05,closed,feature_request,medium,chat,jonas.becker,1,
2446,TCK-002446,227,235,2025-10-12,2025-10-12,closed,billing,medium,email,ava.nguyen,1,
2447,TCK-002447,227,235,2026-03-17,2026-03-18,solved,how_to,low,email,marcus.holm,1,
2448,TCK-002448,227,235,2026-03-31,2026-03-31,solved,bug,medium,email,priya.shah,1,
2449,TCK-002449,227,235,2026-04-13,2026-04-13,solved,bug,medium,email,ava.nguyen,3,
2450,TCK-002450,227,235,2025-08-05,2025-08-05,solved,how_to,medium,in_app,ava.nguyen,1,
2451,TCK-002451,227,235,2025-12-28,2025-12-29,solved,bug,medium,email,emma.cole,2,
2452,TCK-002452,228,236,2026-06-20,2026-06-20,closed,feature_request,medium,email,emma.cole,1,5
2453,TCK-002453,228,236,2026-06-20,2026-06-20,closed,feature_request,medium,chat,jonas.becker,6,
2454,TCK-002454,228,236,2026-03-25,2026-03-25,closed,onboarding,medium,email,ava.nguyen,1,
2455,TCK-002455,229,237,2024-06-04,2024-06-04,solved,how_to,medium,in_app,marcus.holm,1,
2456,TCK-002456,230,238,2024-02-04,2024-02-04,closed,onboarding,medium,in_app,jonas.becker,1,4
2457,TCK-002457,230,238,2023-11-04,2023-11-05,closed,bug,medium,email,marcus.holm,8,
2458,TCK-002458,230,238,2023-10-08,,open,how_to,medium,email,jonas.becker,8,
2459,TCK-002459,230,238,2023-10-27,2023-10-27,solved,feature_request,low,chat,emma.cole,1,
2460,TCK-002460,230,238,2024-02-18,2024-02-18,solved,billing,high,email,ava.nguyen,1,
2461,TCK-002461,231,239,2024-04-10,2024-04-10,solved,bug,low,in_app,emma.cole,1,
2462,TCK-002462,231,239,2024-03-26,2024-03-26,solved,bug,high,email,marcus.holm,1,
2463,TCK-002463,231,239,2024-01-29,2024-01-29,solved,how_to,medium,in_app,priya.shah,1,5
2464,TCK-002464,231,239,2024-01-03,2024-01-03,solved,how_to,low,email,marcus.holm,2,5
2465,TCK-002465,231,239,2024-02-07,2024-02-07,solved,how_to,low,email,marcus.holm,1,
2466,TCK-002466,231,239,2024-04-15,,open,bug,urgent,email,ava.nguyen,2,
2467,TCK-002467,231,239,2024-02-28,2024-02-28,solved,how_to,medium,in_app,ava.nguyen,1,4
2468,TCK-002468,232,240,2025-04-14,2025-04-14,solved,billing,medium,in_app,jonas.becker,1,
2469,TCK-002469,232,240,2025-09-21,2025-09-22,solved,onboarding,medium,chat,jonas.becker,2,4
2470,TCK-002470,232,240,2025-10-30,2025-10-30,solved,how_to,medium,phone,ava.nguyen,1,
2471,TCK-002471,232,240,2024-09-30,2024-09-30,solved,feature_request,medium,chat,priya.shah,2,
2472,TCK-002472,232,240,2026-06-25,2026-06-25,solved,how_to,low,email,ava.nguyen,2,
2473,TCK-002473,232,240,2025-11-03,2025-11-03,closed,bug,medium,email,ava.nguyen,1,
2474,TCK-002474,232,240,2026-05-02,2026-05-03,closed,bug,medium,email,marcus.holm,10,5
2475,TCK-002475,232,240,2025-04-08,,open,bug,low,email,priya.shah,2,
2476,TCK-002476,232,240,2024-05-08,2024-05-08,solved,bug,medium,email,ava.nguyen,1,
2477,TCK-002477,232,240,2024-08-29,2024-08-29,solved,bug,high,chat,emma.cole,1,
2478,TCK-002478,232,240,2024-04-21,2024-04-21,solved,feature_request,medium,in_app,jonas.becker,1,4
2479,TCK-002479,232,240,2026-05-22,2026-05-22,closed,billing,low,email,emma.cole,2,
2480,TCK-002480,233,241,2026-07-24,2026-07-24,closed,onboarding,medium,chat,jonas.becker,1,
2481,TCK-002481,233,241,2026-08-13,2026-08-13,closed,onboarding,medium,phone,priya.shah,2,
2482,TCK-002482,234,242,2025-12-23,2025-12-23,solved,how_to,medium,chat,marcus.holm,1,
2483,TCK-002483,234,242,2026-01-09,2026-01-09,solved,onboarding,low,chat,marcus.holm,1,
2484,TCK-002484,234,242,2026-05-04,2026-05-04,solved,bug,medium,in_app,ava.nguyen,2,2
2485,TCK-002485,234,242,2026-06-29,2026-06-29,solved,feature_request,high,in_app,marcus.holm,5,
2486,TCK-002486,234,242,2025-12-21,,open,billing,low,email,unassigned,,
2487,TCK-002487,235,243,2026-02-04,2026-02-05,solved,bug,medium,in_app,marcus.holm,7,
2488,TCK-002488,235,243,2026-06-18,2026-06-18,solved,billing,medium,in_app,ava.nguyen,2,
2489,TCK-002489,235,243,2025-12-09,2025-12-09,solved,onboarding,medium,in_app,jonas.becker,7,
2490,TCK-002490,235,243,2025-11-04,2025-11-04,solved,onboarding,low,in_app,ava.nguyen,1,
2491,TCK-002491,235,243,2026-07-30,2026-07-30,solved,how_to,medium,email,jonas.becker,3,5
2492,TCK-002492,235,243,2026-01-07,2026-01-09,solved,feature_request,medium,in_app,jonas.becker,8,
2493,TCK-002493,235,243,2026-08-03,2026-08-03,solved,how_to,high,in_app,marcus.holm,1,5
2494,TCK-002494,235,243,2025-12-11,2025-12-11,solved,how_to,high,phone,ava.nguyen,2,
2495,TCK-002495,236,244,2024-12-27,2024-12-27,solved,how_to,medium,chat,marcus.holm,3,5
2496,TCK-002496,236,244,2025-07-20,2025-07-20,closed,how_to,medium,email,emma.cole,1,4
2497,TCK-002497,236,244,2026-01-03,2026-01-03,solved,feature_request,low,email,priya.shah,5,
2498,TCK-002498,236,244,2025-09-20,,open,billing,medium,in_app,jonas.becker,8,
2499,TCK-002499,236,244,2025-05-01,2025-05-02,solved,how_to,medium,email,marcus.holm,2,
2500,TCK-002500,236,244,2024-09-25,2024-09-25,solved,how_to,medium,in_app,jonas.becker,1,
2501,TCK-002501,237,245,2023-11-23,2023-11-23,solved,how_to,urgent,in_app,jonas.becker,1,4
2502,TCK-002502,237,245,2025-01-19,,open,bug,medium,in_app,jonas.becker,2,
2503,TCK-002503,237,245,2023-08-12,,open,bug,medium,email,marcus.holm,,
2504,TCK-002504,237,245,2026-07-27,,open,how_to,low,email,ava.nguyen,4,
2505,TCK-002505,237,245,2024-09-30,2024-10-01,closed,bug,medium,in_app,jonas.becker,8,
2506,TCK-002506,237,245,2025-02-27,,open,how_to,low,in_app,emma.cole,,
2507,TCK-002507,237,245,2024-05-11,2024-05-11,solved,how_to,medium,in_app,priya.shah,1,
2508,TCK-002508,237,245,2025-02-01,2025-02-01,solved,how_to,medium,email,marcus.holm,1,
2509,TCK-002509,237,245,2025-05-08,2025-05-08,closed,bug,high,email,ava.nguyen,1,
2510,TCK-002510,237,245,2024-08-11,2024-08-11,closed,onboarding,medium,email,emma.cole,5,4
2511,TCK-002511,237,245,2025-10-12,2025-10-12,closed,how_to,medium,in_app,jonas.becker,2,
2512,TCK-002512,237,245,2024-01-19,2024-01-19,solved,outage,high,in_app,ava.nguyen,1,4
2513,TCK-002513,237,245,2023-12-29,2023-12-29,solved,how_to,medium,chat,ava.nguyen,5,
2514,TCK-002514,237,245,2024-05-23,2024-05-23,solved,bug,medium,in_app,priya.shah,5,
2515,TCK-002515,237,245,2024-03-15,2024-03-15,solved,billing,medium,email,emma.cole,2,4
2516,TCK-002516,237,245,2025-09-26,2025-09-26,solved,how_to,medium,email,emma.cole,3,4
2517,TCK-002517,237,245,2025-06-28,2025-06-28,solved,onboarding,medium,email,jonas.becker,3,
2518,TCK-002518,237,245,2024-01-18,2024-01-18,solved,feature_request,low,chat,marcus.holm,3,
2519,TCK-002519,237,245,2025-02-20,2025-02-20,solved,bug,urgent,chat,ava.nguyen,1,5
2520,TCK-002520,237,245,2024-07-10,2024-07-10,solved,feature_request,medium,email,jonas.becker,2,
2521,TCK-002521,237,245,2026-02-01,2026-02-01,solved,how_to,urgent,email,priya.shah,2,
2522,TCK-002522,237,245,2026-06-03,2026-06-03,closed,bug,medium,email,ava.nguyen,5,
2523,TCK-002523,237,245,2024-04-04,2024-04-04,solved,how_to,low,email,ava.nguyen,1,
2524,TCK-002524,237,245,2026-06-26,2026-06-27,solved,how_to,medium,email,emma.cole,6,
2525,TCK-002525,237,245,2023-12-19,2023-12-19,solved,bug,high,chat,ava.nguyen,2,
2526,TCK-002526,237,245,2025-04-21,2025-04-21,solved,feature_request,urgent,email,marcus.holm,1,2
2527,TCK-002527,237,245,2024-12-18,2024-12-19,solved,how_to,medium,in_app,priya.shah,3,5
2528,TCK-002528,237,245,2025-11-03,2025-11-03,solved,bug,urgent,chat,marcus.holm,3,4
2529,TCK-002529,237,245,2024-02-23,,open,bug,urgent,in_app,ava.nguyen,4,
2530,TCK-002530,237,245,2023-09-01,,open,billing,medium,email,priya.shah,8,
2531,TCK-002531,237,245,2026-07-07,2026-07-07,closed,bug,low,email,priya.shah,1,3
2532,TCK-002532,237,245,2026-05-06,2026-05-06,solved,feature_request,low,in_app,marcus.holm,1,5
2533,TCK-002533,237,245,2025-02-09,,open,billing,medium,phone,emma.cole,2,
2534,TCK-002534,237,245,2026-06-17,2026-06-17,closed,bug,medium,chat,priya.shah,2,3
2535,TCK-002535,237,245,2025-08-17,2025-08-17,solved,billing,low,phone,ava.nguyen,1,4
2536,TCK-002536,237,245,2025-11-30,,open,outage,urgent,chat,emma.cole,2,
2537,TCK-002537,237,245,2025-05-10,2025-05-10,solved,bug,low,chat,priya.shah,1,5
2538,TCK-002538,237,245,2025-03-26,2025-03-26,solved,bug,high,in_app,emma.cole,2,
2539,TCK-002539,237,245,2025-08-11,2025-08-11,solved,how_to,medium,email,jonas.becker,1,
2540,TCK-002540,237,245,2024-09-25,2024-09-25,solved,how_to,medium,email,jonas.becker,4,2
2541,TCK-002541,237,245,2023-12-02,,open,feature_request,medium,chat,ava.nguyen,24,
2542,TCK-002542,237,245,2025-06-15,2025-06-16,solved,how_to,low,chat,priya.shah,7,3
2543,TCK-002543,237,245,2026-07-09,2026-07-09,solved,billing,low,in_app,ava.nguyen,1,
2544,TCK-002544,237,245,2024-07-27,2024-07-27,solved,billing,low,in_app,marcus.holm,2,5
2545,TCK-002545,237,245,2023-11-27,2023-11-27,closed,billing,medium,email,emma.cole,3,4
2546,TCK-002546,237,245,2026-03-20,2026-03-20,closed,feature_request,medium,email,marcus.holm,1,4
2547,TCK-002547,237,245,2024-09-14,2024-09-14,solved,bug,medium,email,emma.cole,1,
2548,TCK-002548,237,245,2025-07-11,2025-07-11,closed,outage,high,email,priya.shah,1,
2549,TCK-002549,237,245,2024-04-25,2024-04-25,solved,outage,high,email,priya.shah,1,5
2550,TCK-002550,237,245,2025-01-08,2025-01-08,solved,how_to,high,in_app,ava.nguyen,1,5
2551,TCK-002551,237,245,2023-09-19,2023-09-19,solved,onboarding,medium,chat,priya.shah,1,4
2552,TCK-002552,237,245,2026-02-21,2026-02-22,closed,billing,low,phone,jonas.becker,7,
2553,TCK-002553,237,245,2024-07-19,2024-07-19,solved,how_to,urgent,in_app,priya.shah,1,4
2554,TCK-002554,237,245,2025-11-23,2025-11-23,solved,feature_request,low,email,emma.cole,1,
2555,TCK-002555,237,245,2024-10-03,2024-10-04,solved,bug,medium,email,jonas.becker,3,
2556,TCK-002556,237,245,2024-12-14,2024-12-15,solved,feature_request,medium,in_app,jonas.becker,10,
2557,TCK-002557,237,245,2023-12-17,2023-12-17,solved,outage,high,in_app,jonas.becker,1,5
2558,TCK-002558,237,245,2024-08-08,2024-08-08,closed,how_to,medium,email,marcus.holm,1,
2559,TCK-002559,237,245,2024-10-23,2024-10-23,closed,billing,low,in_app,priya.shah,1,5
2560,TCK-002560,237,245,2025-10-07,2025-10-07,solved,feature_request,high,in_app,priya.shah,1,
2561,TCK-002561,237,245,2024-12-15,2024-12-15,solved,feature_request,medium,email,marcus.holm,1,4
2562,TCK-002562,237,245,2024-02-16,2024-02-16,solved,bug,high,email,marcus.holm,1,
2563,TCK-002563,237,245,2024-10-10,2024-10-10,solved,billing,medium,email,emma.cole,1,
2564,TCK-002564,237,245,2025-12-08,2025-12-08,solved,feature_request,low,email,priya.shah,2,
2565,TCK-002565,237,245,2026-05-05,2026-05-05,closed,how_to,medium,in_app,priya.shah,1,4
2566,TCK-002566,237,245,2024-12-28,2024-12-28,solved,onboarding,medium,email,jonas.becker,1,
2567,TCK-002567,237,245,2024-04-03,2024-04-03,solved,onboarding,medium,email,priya.shah,1,
2568,TCK-002568,237,245,2026-08-22,2026-08-22,solved,bug,low,email,priya.shah,2,
2569,TCK-002569,237,245,2026-07-22,2026-07-22,solved,how_to,medium,email,jonas.becker,1,4
2570,TCK-002570,237,245,2024-04-14,2024-04-14,closed,how_to,medium,in_app,priya.shah,1,
2571,TCK-002571,237,245,2025-10-20,,open,billing,medium,in_app,marcus.holm,24,
2572,TCK-002572,237,245,2026-01-04,2026-01-04,solved,how_to,urgent,in_app,ava.nguyen,1,4
2573,TCK-002573,237,245,2025-05-25,2025-05-25,solved,onboarding,high,in_app,ava.nguyen,1,
2574,TCK-002574,237,245,2024-06-24,2024-06-24,closed,how_to,urgent,email,emma.cole,1,
2575,TCK-002575,237,245,2026-01-09,,open,outage,urgent,email,ava.nguyen,24,
2576,TCK-002576,237,245,2023-09-17,2023-09-17,closed,bug,medium,in_app,marcus.holm,1,
2577,TCK-002577,237,245,2025-09-25,2025-09-25,solved,onboarding,low,chat,ava.nguyen,1,
2578,TCK-002578,237,245,2024-11-17,2024-11-18,solved,how_to,medium,email,emma.cole,1,
2579,TCK-002579,237,245,2023-10-14,2023-10-14,solved,how_to,medium,email,ava.nguyen,2,
2580,TCK-002580,237,245,2025-01-23,2025-01-23,solved,how_to,medium,email,marcus.holm,1,3
2581,TCK-002581,238,246,2026-02-06,2026-02-07,solved,how_to,low,in_app,marcus.holm,7,3
2582,TCK-002582,238,246,2025-08-28,2025-08-28,solved,how_to,medium,email,marcus.holm,1,
2583,TCK-002583,238,246,2026-01-15,2026-01-15,solved,outage,high,email,ava.nguyen,1,
2584,TCK-002584,238,246,2026-02-13,2026-02-13,closed,billing,medium,email,priya.shah,1,
2585,TCK-002585,238,246,2026-06-23,,open,outage,urgent,email,priya.shah,4,
2586,TCK-002586,238,246,2024-09-19,2024-09-19,closed,onboarding,high,chat,priya.shah,2,4
2587,TCK-002587,238,246,2024-08-28,,open,billing,low,in_app,emma.cole,24,
2588,TCK-002588,238,246,2025-12-23,2025-12-24,solved,billing,medium,email,jonas.becker,7,
2589,TCK-002589,238,246,2026-01-17,2026-01-17,closed,bug,medium,in_app,marcus.holm,1,3
2590,TCK-002590,238,246,2025-03-18,2025-03-18,solved,how_to,medium,email,jonas.becker,1,4
2591,TCK-002591,238,246,2025-05-03,2025-05-03,solved,how_to,low,email,jonas.becker,1,3
2592,TCK-002592,238,246,2024-06-26,2024-06-26,solved,bug,medium,email,emma.cole,1,5
2593,TCK-002593,238,246,2025-09-01,2025-09-01,closed,onboarding,medium,in_app,ava.nguyen,3,
2594,TCK-002594,238,246,2026-01-04,,open,onboarding,low,email,unassigned,2,
2595,TCK-002595,239,247,2026-06-30,2026-06-30,closed,how_to,medium,email,priya.shah,1,
2596,TCK-002596,239,247,2026-08-21,2026-08-21,closed,bug,medium,phone,ava.nguyen,1,
2597,TCK-002597,239,247,2026-05-05,2026-05-05,solved,how_to,medium,email,marcus.holm,2,
2598,TCK-002598,239,247,2026-05-24,2026-05-24,solved,feature_request,medium,email,priya.shah,1,
2599,TCK-002599,239,247,2026-06-05,2026-06-05,solved,bug,low,chat,ava.nguyen,1,
2600,TCK-002600,241,249,2023-07-13,2023-07-14,solved,onboarding,low,email,jonas.becker,7,
2601,TCK-002601,241,249,2023-11-14,2023-11-14,solved,bug,low,email,marcus.holm,1,
2602,TCK-002602,241,249,2023-09-04,2023-09-04,closed,bug,medium,email,ava.nguyen,1,
2603,TCK-002603,241,249,2023-07-13,2023-07-13,closed,billing,medium,email,jonas.becker,6,5
2604,TCK-002604,241,249,2023-12-27,,open,how_to,medium,email,unassigned,8,
2605,TCK-002605,242,250,2026-08-09,,open,onboarding,medium,phone,ava.nguyen,,
2606,TCK-002606,244,253,2025-12-05,2025-12-05,solved,feature_request,medium,email,priya.shah,2,5
2607,TCK-002607,244,,2025-06-20,2025-06-20,solved,feature_request,low,chat,marcus.holm,2,
2608,TCK-002608,244,253,2026-01-14,2026-01-14,solved,billing,medium,email,ava.nguyen,1,
2609,TCK-002609,244,253,2026-07-28,2026-07-28,solved,outage,high,phone,jonas.becker,1,5
2610,TCK-002610,244,,2025-07-04,,open,onboarding,high,in_app,jonas.becker,8,
2611,TCK-002611,245,254,2025-05-21,2025-05-21,closed,onboarding,medium,email,jonas.becker,4,
2612,TCK-002612,245,254,2026-08-16,2026-08-16,solved,bug,high,chat,marcus.holm,1,
2613,TCK-002613,245,254,2026-08-30,,open,onboarding,medium,email,marcus.holm,1,
2614,TCK-002614,245,254,2026-08-03,2026-08-03,closed,feature_request,medium,in_app,jonas.becker,1,3
2615,TCK-002615,245,254,2026-03-13,2026-03-14,solved,bug,low,phone,jonas.becker,11,
2616,TCK-002616,245,254,2026-02-16,2026-02-16,solved,feature_request,medium,phone,emma.cole,1,5
2617,TCK-002617,245,254,2026-05-25,2026-05-25,closed,feature_request,medium,email,marcus.holm,1,
2618,TCK-002618,245,254,2025-08-11,2025-08-11,closed,feature_request,low,in_app,jonas.becker,1,
2619,TCK-002619,245,254,2025-08-09,,open,how_to,high,chat,marcus.holm,2,
2620,TCK-002620,245,254,2025-06-23,2025-06-23,solved,how_to,low,chat,marcus.holm,1,
2621,TCK-002621,245,254,2025-10-28,2025-10-29,solved,billing,low,in_app,ava.nguyen,4,
2622,TCK-002622,245,254,2026-03-06,2026-03-06,solved,bug,medium,email,emma.cole,4,
2623,TCK-002623,245,254,2026-06-16,2026-06-16,solved,how_to,medium,email,marcus.holm,1,
2624,TCK-002624,245,254,2025-08-17,2025-08-17,solved,onboarding,high,email,emma.cole,1,5
2625,TCK-002625,245,254,2026-07-04,2026-07-04,closed,feature_request,urgent,in_app,priya.shah,1,4
2626,TCK-002626,245,254,2026-01-01,2026-01-01,solved,feature_request,low,email,emma.cole,2,
2627,TCK-002627,245,254,2025-07-03,2025-07-03,solved,feature_request,medium,in_app,ava.nguyen,1,
2628,TCK-002628,245,254,2026-02-02,2026-02-02,solved,how_to,medium,chat,priya.shah,5,3
2629,TCK-002629,245,254,2025-11-07,2025-11-07,solved,billing,low,email,ava.nguyen,2,
2630,TCK-002630,245,254,2025-08-28,2025-08-28,solved,billing,high,email,ava.nguyen,1,
2631,TCK-002631,245,254,2026-01-15,2026-01-15,solved,onboarding,high,email,emma.cole,2,
2632,TCK-002632,245,254,2025-12-13,2025-12-13,solved,bug,low,in_app,marcus.holm,1,
2633,TCK-002633,245,254,2026-06-08,2026-06-09,solved,billing,low,email,ava.nguyen,4,5
2634,TCK-002634,245,254,2025-06-14,2025-06-14,solved,how_to,high,chat,emma.cole,1,1
2635,TCK-002635,245,254,2026-03-11,2026-03-11,solved,how_to,high,in_app,ava.nguyen,1,
2636,TCK-002636,245,254,2026-04-22,2026-04-22,solved,bug,medium,email,marcus.holm,6,5
2637,TCK-002637,245,254,2025-07-20,2025-07-21,solved,billing,medium,email,emma.cole,4,
2638,TCK-002638,245,254,2026-03-28,2026-03-30,solved,onboarding,low,in_app,ava.nguyen,16,5
2639,TCK-002639,245,254,2025-06-16,,open,bug,high,email,marcus.holm,2,
2640,TCK-002640,245,254,2025-10-31,2025-10-31,solved,how_to,low,in_app,jonas.becker,2,
2641,TCK-002641,245,254,2025-06-17,2025-06-17,solved,feature_request,high,email,emma.cole,1,5
2642,TCK-002642,245,254,2026-04-06,2026-04-06,solved,bug,medium,chat,priya.shah,2,
2643,TCK-002643,245,254,2026-03-06,2026-03-06,closed,how_to,medium,email,priya.shah,1,
2644,TCK-002644,245,254,2026-08-07,2026-08-10,solved,onboarding,low,email,emma.cole,4,4
2645,TCK-002645,246,255,2025-03-24,2025-03-24,solved,how_to,low,chat,priya.shah,1,
2646,TCK-002646,246,255,2025-01-04,2025-01-04,solved,bug,high,email,marcus.holm,1,
2647,TCK-002647,246,255,2025-11-27,2025-11-27,solved,billing,high,email,priya.shah,1,
2648,TCK-002648,246,255,2024-07-19,2024-07-19,solved,outage,high,chat,marcus.holm,1,4
2649,TCK-002649,246,255,2024-11-27,2024-11-27,closed,billing,medium,email,marcus.holm,6,4
2650,TCK-002650,246,255,2025-12-02,2025-12-02,solved,how_to,low,email,ava.nguyen,2,4
2651,TCK-002651,246,255,2025-02-15,2025-02-15,closed,how_to,medium,chat,priya.shah,2,
2652,TCK-002652,246,255,2026-05-15,2026-05-15,closed,feature_request,high,in_app,jonas.becker,1,4
2653,TCK-002653,246,255,2026-03-06,2026-03-06,closed,how_to,medium,email,emma.cole,1,5
2654,TCK-002654,246,255,2026-07-31,2026-07-31,closed,feature_request,medium,email,marcus.holm,1,
2655,TCK-002655,246,255,2024-09-07,2024-09-07,solved,billing,low,in_app,jonas.becker,2,4
2656,TCK-002656,246,255,2025-11-23,2025-11-23,solved,how_to,high,email,emma.cole,1,2
2657,TCK-002657,246,255,2024-09-19,2024-09-19,closed,how_to,medium,email,priya.shah,1,
2658,TCK-002658,246,255,2024-08-09,2024-08-09,closed,how_to,medium,email,priya.shah,1,
2659,TCK-002659,246,255,2025-06-30,2025-07-01,solved,onboarding,low,email,jonas.becker,2,
2660,TCK-002660,246,255,2026-01-26,2026-01-26,solved,outage,high,chat,ava.nguyen,3,
2661,TCK-002661,246,255,2025-12-12,2025-12-12,closed,bug,low,in_app,ava.nguyen,1,
2662,TCK-002662,246,255,2026-03-17,2026-03-17,solved,onboarding,medium,email,emma.cole,1,
2663,TCK-002663,246,255,2026-01-18,2026-01-18,solved,outage,high,in_app,marcus.holm,1,4
2664,TCK-002664,246,255,2024-11-17,2024-11-17,solved,onboarding,medium,in_app,marcus.holm,1,
2665,TCK-002665,246,255,2024-06-24,2024-06-24,closed,feature_request,medium,in_app,jonas.becker,1,
2666,TCK-002666,246,255,2025-06-04,2025-06-04,solved,how_to,medium,in_app,priya.shah,4,4
2667,TCK-002667,246,255,2024-10-12,,open,feature_request,low,email,priya.shah,2,
2668,TCK-002668,246,255,2026-05-09,,open,onboarding,low,phone,emma.cole,2,
2669,TCK-002669,246,255,2025-12-09,2025-12-09,solved,bug,medium,chat,ava.nguyen,3,
2670,TCK-002670,246,255,2025-07-14,2025-07-15,closed,onboarding,medium,in_app,emma.cole,5,4
2671,TCK-002671,246,255,2025-07-01,,open,bug,low,email,ava.nguyen,4,
2672,TCK-002672,246,255,2025-08-24,2025-08-24,closed,how_to,low,email,jonas.becker,3,4
2673,TCK-002673,247,256,2026-06-28,2026-06-28,solved,feature_request,urgent,in_app,emma.cole,1,3
2674,TCK-002674,248,257,2022-12-15,2022-12-16,solved,billing,low,in_app,priya.shah,9,5
2675,TCK-002675,248,257,2023-08-26,2023-08-26,solved,bug,low,chat,marcus.holm,1,
2676,TCK-002676,248,257,2023-07-27,2023-07-27,solved,how_to,high,email,jonas.becker,1,
2677,TCK-002677,248,257,2023-04-17,2023-04-17,solved,onboarding,medium,email,emma.cole,1,5
2678,TCK-002678,249,258,2026-06-16,2026-06-16,solved,onboarding,medium,email,ava.nguyen,1,4
2679,TCK-002679,249,258,2026-04-07,2026-04-07,closed,how_to,high,chat,priya.shah,1,4
2680,TCK-002680,249,258,2023-11-01,2023-11-01,solved,outage,high,email,ava.nguyen,1,
2681,TCK-002681,249,258,2024-05-11,2024-05-11,solved,bug,low,phone,marcus.holm,1,5
2682,TCK-002682,249,258,2023-12-13,2023-12-13,solved,how_to,medium,in_app,ava.nguyen,2,4
2683,TCK-002683,249,258,2024-07-03,2024-07-03,closed,billing,medium,email,ava.nguyen,2,
2684,TCK-002684,249,258,2023-07-19,2023-07-19,solved,outage,high,in_app,priya.shah,3,
2685,TCK-002685,249,258,2026-03-07,,open,bug,medium,email,unassigned,4,
2686,TCK-002686,249,258,2024-10-21,2024-10-21,solved,billing,medium,chat,jonas.becker,1,5
2687,TCK-002687,249,258,2025-02-16,,open,onboarding,high,in_app,unassigned,24,
2688,TCK-002688,249,258,2025-11-10,2025-11-10,solved,onboarding,medium,in_app,priya.shah,1,
2689,TCK-002689,249,258,2023-11-13,2023-11-13,solved,feature_request,urgent,email,emma.cole,1,2
2690,TCK-002690,249,258,2024-08-11,2024-08-11,solved,bug,high,chat,ava.nguyen,1,4
2691,TCK-002691,249,258,2024-04-30,2024-04-30,closed,billing,medium,email,ava.nguyen,1,
2692,TCK-002692,249,258,2025-09-04,2025-09-04,solved,billing,medium,in_app,emma.cole,1,
2693,TCK-002693,249,258,2024-09-11,2024-09-11,solved,bug,medium,email,marcus.holm,1,
2694,TCK-002694,249,258,2025-05-21,2025-05-22,solved,billing,low,email,priya.shah,3,
2695,TCK-002695,249,258,2024-02-24,2024-02-26,closed,how_to,low,chat,jonas.becker,2,3
2696,TCK-002696,249,258,2026-01-01,2026-01-01,solved,onboarding,urgent,chat,marcus.holm,1,
2697,TCK-002697,249,258,2023-06-02,2023-06-03,closed,bug,low,email,jonas.becker,8,
2698,TCK-002698,249,258,2023-09-25,2023-09-25,solved,how_to,medium,email,ava.nguyen,1,5
2699,TCK-002699,249,258,2025-06-02,,open,how_to,medium,in_app,unassigned,2,
2700,TCK-002700,249,258,2026-07-27,2026-07-28,solved,bug,low,in_app,marcus.holm,1,
2701,TCK-002701,250,259,2026-08-12,2026-08-12,solved,how_to,medium,email,emma.cole,1,
2702,TCK-002702,250,259,2026-08-15,2026-08-15,solved,billing,low,in_app,marcus.holm,5,
2703,TCK-002703,250,259,2026-06-29,2026-06-29,solved,how_to,low,email,priya.shah,3,3
2704,TCK-002704,251,260,2025-06-15,2025-06-15,solved,bug,medium,email,ava.nguyen,5,2
2705,TCK-002705,251,260,2025-08-23,2025-08-23,solved,how_to,medium,in_app,emma.cole,1,
2706,TCK-002706,251,260,2026-02-25,,open,how_to,medium,email,ava.nguyen,,
2707,TCK-002707,251,260,2025-06-10,2025-06-10,solved,feature_request,medium,in_app,emma.cole,1,
2708,TCK-002708,251,260,2026-05-09,2026-05-10,closed,how_to,medium,chat,emma.cole,1,3
2709,TCK-002709,253,262,2025-12-24,2025-12-24,solved,bug,high,email,priya.shah,1,1
2710,TCK-002710,253,262,2026-08-01,2026-08-01,solved,feature_request,low,chat,priya.shah,2,4
2711,TCK-002711,254,263,2026-03-30,2026-03-30,solved,how_to,medium,in_app,marcus.holm,1,3
2712,TCK-002712,255,264,2024-06-24,2024-06-24,solved,feature_request,medium,email,ava.nguyen,1,
2713,TCK-002713,255,264,2024-07-26,2024-07-26,closed,how_to,urgent,email,marcus.holm,1,4
2714,TCK-002714,255,264,2024-04-28,2024-04-28,solved,how_to,high,phone,marcus.holm,1,
2715,TCK-002715,255,264,2024-09-04,2024-09-04,closed,feature_request,high,in_app,priya.shah,1,
2716,TCK-002716,256,265,2024-06-02,2024-06-02,solved,onboarding,medium,in_app,priya.shah,5,
2717,TCK-002717,256,265,2023-07-03,2023-07-03,solved,how_to,urgent,email,ava.nguyen,2,
2718,TCK-002718,256,265,2026-07-03,2026-07-05,solved,how_to,low,in_app,jonas.becker,16,
2719,TCK-002719,256,265,2024-07-29,2024-07-29,solved,feature_request,medium,in_app,ava.nguyen,1,4
2720,TCK-002720,256,265,2024-04-07,2024-04-08,closed,feature_request,medium,in_app,emma.cole,5,3
2721,TCK-002721,256,265,2024-10-01,2024-10-01,solved,bug,medium,email,ava.nguyen,3,
2722,TCK-002722,256,265,2023-09-11,2023-09-11,solved,bug,medium,email,jonas.becker,1,4
2723,TCK-002723,256,265,2026-05-19,2026-05-19,solved,billing,low,phone,priya.shah,1,
2724,TCK-002724,256,265,2024-11-08,2024-11-08,solved,onboarding,high,in_app,ava.nguyen,1,
2725,TCK-002725,256,265,2025-02-12,,open,outage,high,chat,marcus.holm,4,
2726,TCK-002726,256,265,2024-07-02,2024-07-02,solved,how_to,low,email,emma.cole,1,4
2727,TCK-002727,256,265,2025-11-12,2025-11-12,solved,bug,low,email,jonas.becker,1,4
2728,TCK-002728,256,265,2023-06-18,2023-06-19,solved,onboarding,medium,email,emma.cole,8,
2729,TCK-002729,256,265,2025-03-19,2025-03-19,solved,how_to,low,email,jonas.becker,1,1
2730,TCK-002730,256,265,2024-02-01,,open,onboarding,low,in_app,ava.nguyen,24,
2731,TCK-002731,257,266,2025-10-09,2025-10-09,solved,bug,medium,phone,marcus.holm,1,
2732,TCK-002732,257,266,2026-04-01,2026-04-02,solved,bug,low,chat,marcus.holm,3,2
2733,TCK-002733,257,266,2025-02-21,2025-02-22,solved,bug,medium,in_app,marcus.holm,12,4
2734,TCK-002734,257,266,2025-06-12,2025-06-12,closed,bug,high,email,priya.shah,1,
2735,TCK-002735,258,267,2026-05-16,2026-05-16,solved,how_to,low,in_app,jonas.becker,1,
2736,TCK-002736,258,267,2026-08-19,2026-08-19,solved,onboarding,medium,chat,priya.shah,1,4
2737,TCK-002737,258,267,2026-01-13,2026-01-13,solved,how_to,medium,in_app,emma.cole,1,
2738,TCK-002738,259,268,2025-10-12,2025-10-12,closed,how_to,high,email,jonas.becker,1,
2739,TCK-002739,259,268,2026-03-15,2026-03-15,closed,how_to,urgent,email,emma.cole,1,
2740,TCK-002740,259,268,2025-05-02,2025-05-02,solved,bug,medium,chat,marcus.holm,6,
2741,TCK-002741,259,268,2025-05-31,2025-05-31,solved,billing,low,chat,priya.shah,1,
2742,TCK-002742,259,268,2026-06-30,2026-07-12,solved,billing,medium,chat,priya.shah,55,2
2743,TCK-002743,259,268,2025-05-08,2025-05-10,solved,bug,low,in_app,marcus.holm,12,2
2744,TCK-002744,259,268,2025-10-02,2025-10-02,solved,how_to,medium,email,marcus.holm,1,
2745,TCK-002745,259,268,2025-12-31,2025-12-31,solved,bug,medium,email,emma.cole,3,
2746,TCK-002746,259,268,2026-06-19,2026-06-20,solved,how_to,medium,in_app,ava.nguyen,4,
2747,TCK-002747,259,268,2025-07-04,2025-07-04,solved,onboarding,medium,chat,jonas.becker,1,
2748,TCK-002748,259,268,2026-02-19,2026-02-19,solved,feature_request,medium,in_app,ava.nguyen,1,2
2749,TCK-002749,259,268,2026-06-07,2026-06-07,closed,how_to,high,email,priya.shah,1,
2750,TCK-002750,259,268,2026-08-02,2026-08-03,solved,how_to,low,chat,priya.shah,2,2
2751,TCK-002751,259,268,2025-02-07,2025-02-08,solved,bug,low,email,jonas.becker,4,
2752,TCK-002752,259,268,2025-05-09,2025-05-09,solved,bug,medium,email,emma.cole,1,4
2753,TCK-002753,259,268,2026-01-29,2026-01-29,solved,bug,low,in_app,jonas.becker,1,
2754,TCK-002754,259,268,2026-06-10,2026-06-10,solved,billing,medium,email,marcus.holm,1,
2755,TCK-002755,259,268,2025-07-11,2025-07-11,solved,onboarding,low,email,jonas.becker,1,
2756,TCK-002756,259,268,2026-05-26,2026-05-26,closed,onboarding,high,chat,ava.nguyen,3,
2757,TCK-002757,259,268,2026-04-06,2026-04-06,closed,billing,medium,in_app,priya.shah,1,2
2758,TCK-002758,259,268,2026-02-20,2026-02-20,solved,how_to,high,email,emma.cole,1,3
2759,TCK-002759,259,268,2025-06-12,2025-06-12,solved,feature_request,low,in_app,priya.shah,1,5
2760,TCK-002760,259,268,2025-02-06,2025-02-08,closed,billing,low,chat,priya.shah,13,3
2761,TCK-002761,259,268,2025-01-24,2025-01-24,solved,billing,high,email,marcus.holm,1,4
2762,TCK-002762,259,268,2025-10-01,2025-10-01,solved,how_to,low,in_app,priya.shah,1,
2763,TCK-002763,259,268,2025-10-13,2025-10-14,solved,how_to,medium,email,jonas.becker,1,
2764,TCK-002764,259,268,2026-06-04,2026-06-04,solved,how_to,medium,in_app,priya.shah,3,
2765,TCK-002765,259,268,2025-12-03,2025-12-03,solved,feature_request,low,in_app,jonas.becker,1,
2766,TCK-002766,259,268,2025-02-18,2025-02-19,solved,outage,urgent,email,priya.shah,2,2
2767,TCK-002767,259,268,2026-03-24,2026-03-24,solved,how_to,low,email,emma.cole,7,5
2768,TCK-002768,259,268,2026-07-20,2026-07-20,closed,feature_request,high,in_app,emma.cole,1,1
2769,TCK-002769,259,268,2026-07-31,2026-07-31,solved,outage,high,in_app,emma.cole,1,
2770,TCK-002770,259,268,2025-04-01,2025-04-01,solved,onboarding,medium,email,marcus.holm,2,1
2771,TCK-002771,259,268,2025-03-06,2025-03-06,solved,feature_request,medium,email,jonas.becker,2,
2772,TCK-002772,259,268,2025-11-04,2025-11-05,closed,how_to,medium,email,marcus.holm,12,
2773,TCK-002773,259,268,2026-04-16,2026-04-16,solved,onboarding,high,chat,ava.nguyen,1,
2774,TCK-002774,259,268,2026-03-18,2026-03-18,solved,bug,medium,in_app,emma.cole,4,4
2775,TCK-002775,259,268,2026-06-29,2026-06-29,closed,feature_request,medium,email,ava.nguyen,1,
2776,TCK-002776,259,268,2025-03-23,2025-03-23,closed,bug,high,email,marcus.holm,1,2
2777,TCK-002777,259,268,2025-02-06,2025-02-08,solved,bug,medium,in_app,marcus.holm,2,
2778,TCK-002778,259,268,2026-03-08,2026-03-08,solved,how_to,medium,in_app,marcus.holm,1,1
2779,TCK-002779,259,268,2026-07-28,2026-07-28,closed,how_to,medium,email,emma.cole,1,4
2780,TCK-002780,259,268,2025-06-30,2025-07-01,solved,how_to,medium,in_app,marcus.holm,5,1
2781,TCK-002781,259,268,2025-03-16,2025-03-16,solved,how_to,medium,in_app,jonas.becker,1,
2782,TCK-002782,259,268,2026-08-19,2026-08-19,solved,how_to,medium,email,emma.cole,1,
2783,TCK-002783,259,268,2026-03-12,2026-03-12,solved,how_to,medium,email,emma.cole,1,1
2784,TCK-002784,259,268,2025-10-22,2025-10-22,solved,onboarding,medium,email,emma.cole,1,5
2785,TCK-002785,259,268,2026-02-02,2026-02-02,closed,how_to,low,email,jonas.becker,3,5
2786,TCK-002786,259,268,2026-07-12,2026-07-12,solved,onboarding,medium,email,ava.nguyen,2,5
2787,TCK-002787,259,268,2026-06-17,2026-06-17,closed,feature_request,high,in_app,priya.shah,1,
2788,TCK-002788,259,268,2026-08-22,2026-08-22,solved,billing,medium,in_app,emma.cole,1,
2789,TCK-002789,259,268,2025-08-28,2025-08-28,solved,onboarding,medium,in_app,jonas.becker,1,3
2790,TCK-002790,259,268,2025-02-01,2025-02-01,solved,feature_request,medium,chat,jonas.becker,1,2
2791,TCK-002791,259,268,2025-10-15,2025-10-15,solved,billing,medium,in_app,emma.cole,1,
2792,TCK-002792,259,268,2025-01-24,2025-01-24,solved,onboarding,low,email,emma.cole,3,3
2793,TCK-002793,259,268,2026-05-01,2026-05-01,solved,how_to,high,email,emma.cole,1,
2794,TCK-002794,259,268,2026-03-08,2026-03-08,solved,billing,medium,chat,ava.nguyen,4,
2795,TCK-002795,259,268,2025-02-21,2025-02-21,solved,bug,medium,chat,emma.cole,4,5
2796,TCK-002796,259,268,2025-08-28,2025-08-28,solved,billing,medium,email,priya.shah,2,3
2797,TCK-002797,259,268,2025-08-23,2025-08-23,solved,how_to,high,email,emma.cole,1,
2798,TCK-002798,259,268,2025-04-27,2025-04-29,solved,how_to,medium,in_app,ava.nguyen,6,
2799,TCK-002799,259,268,2026-07-09,2026-07-09,solved,how_to,medium,in_app,priya.shah,1,
2800,TCK-002800,259,268,2025-08-30,2025-08-30,solved,billing,low,email,marcus.holm,2,4
2801,TCK-002801,259,268,2025-06-03,2025-06-03,solved,bug,medium,email,emma.cole,2,
2802,TCK-002802,259,268,2026-04-04,2026-04-04,solved,how_to,medium,email,priya.shah,1,
2803,TCK-002803,259,268,2025-10-17,2025-10-17,solved,bug,medium,in_app,marcus.holm,1,
2804,TCK-002804,259,268,2026-05-06,2026-05-06,closed,bug,medium,email,marcus.holm,2,
2805,TCK-002805,259,268,2025-11-26,2025-11-26,solved,billing,low,in_app,jonas.becker,6,3
2806,TCK-002806,259,268,2025-05-08,2025-05-08,solved,bug,medium,email,marcus.holm,1,
2807,TCK-002807,259,268,2026-02-17,2026-02-17,closed,bug,medium,in_app,priya.shah,1,4
2808,TCK-002808,259,268,2025-11-21,2025-11-23,solved,how_to,medium,email,priya.shah,20,
2809,TCK-002809,259,268,2026-06-09,2026-06-13,solved,how_to,low,in_app,priya.shah,28,
2810,TCK-002810,260,269,2026-08-26,2026-08-26,solved,how_to,medium,in_app,emma.cole,1,
2811,TCK-002811,260,269,2026-03-13,2026-03-13,solved,how_to,low,in_app,ava.nguyen,1,4
2812,TCK-002812,261,270,2025-11-30,2025-11-30,solved,bug,low,in_app,emma.cole,1,5
2813,TCK-002813,261,270,2026-02-21,2026-02-21,solved,how_to,low,in_app,jonas.becker,6,
2814,TCK-002814,261,270,2026-06-11,2026-06-11,solved,bug,medium,chat,ava.nguyen,2,
2815,TCK-002815,261,270,2024-08-28,2024-08-28,solved,feature_request,urgent,chat,priya.shah,1,
2816,TCK-002816,261,270,2026-01-09,2026-01-10,solved,how_to,low,in_app,emma.cole,7,3
2817,TCK-002817,261,270,2026-01-15,2026-01-15,solved,how_to,low,in_app,jonas.becker,1,
2818,TCK-002818,261,270,2026-08-19,2026-08-19,closed,how_to,medium,in_app,priya.shah,6,
2819,TCK-002819,261,270,2024-11-03,2024-11-03,solved,bug,low,phone,priya.shah,1,
2820,TCK-002820,261,270,2025-09-24,2025-09-24,solved,feature_request,low,email,jonas.becker,1,
2821,TCK-002821,261,270,2024-11-13,2024-11-13,solved,outage,high,email,priya.shah,1,
2822,TCK-002822,262,271,2026-05-15,2026-05-15,closed,bug,medium,email,emma.cole,1,5
2823,TCK-002823,262,271,2026-08-14,2026-08-14,solved,billing,high,email,ava.nguyen,1,4
2824,TCK-002824,262,271,2026-06-03,2026-06-03,solved,bug,low,chat,priya.shah,1,3
2825,TCK-002825,262,271,2026-06-26,2026-06-27,solved,how_to,medium,chat,jonas.becker,8,
2826,TCK-002826,263,272,2025-09-16,2025-09-16,closed,feature_request,urgent,in_app,jonas.becker,1,5
2827,TCK-002827,264,273,2023-06-08,2023-06-08,closed,how_to,medium,email,marcus.holm,1,
2828,TCK-002828,264,273,2026-08-08,2026-08-08,solved,bug,high,email,emma.cole,1,4
2829,TCK-002829,264,273,2024-06-11,2024-06-11,solved,how_to,medium,in_app,emma.cole,1,4
2830,TCK-002830,264,273,2024-08-17,2024-08-17,closed,how_to,urgent,in_app,jonas.becker,4,5
2831,TCK-002831,264,273,2023-04-06,2023-04-06,closed,how_to,medium,chat,marcus.holm,4,4
2832,TCK-002832,264,273,2023-08-29,2023-08-31,solved,bug,medium,chat,jonas.becker,14,2
2833,TCK-002833,264,273,2024-04-08,2024-04-09,closed,how_to,medium,chat,emma.cole,4,4
2834,TCK-002834,264,273,2025-04-16,2025-04-16,solved,billing,high,email,priya.shah,1,5
2835,TCK-002835,264,273,2024-07-10,2024-07-10,solved,onboarding,low,email,emma.cole,1,
2836,TCK-002836,264,273,2025-01-16,2025-01-16,closed,how_to,medium,email,jonas.becker,3,4
2837,TCK-002837,264,273,2022-10-21,2022-10-21,closed,how_to,medium,email,ava.nguyen,1,2
2838,TCK-002838,264,273,2025-01-02,2025-01-02,closed,bug,medium,email,priya.shah,1,
2839,TCK-002839,264,273,2026-08-04,2026-08-04,solved,billing,medium,chat,jonas.becker,1,5
2840,TCK-002840,264,273,2023-10-09,2023-10-09,solved,how_to,low,email,jonas.becker,1,
2841,TCK-002841,264,273,2024-05-17,2024-05-17,solved,onboarding,urgent,chat,jonas.becker,1,5
2842,TCK-002842,264,273,2024-06-12,2024-06-12,solved,feature_request,medium,chat,emma.cole,1,
2843,TCK-002843,264,273,2025-10-05,2025-10-05,closed,bug,high,phone,ava.nguyen,3,5
2844,TCK-002844,264,273,2026-05-16,2026-05-16,solved,feature_request,medium,email,ava.nguyen,1,
2845,TCK-002845,264,273,2025-11-17,2025-11-18,solved,onboarding,low,email,jonas.becker,1,
2846,TCK-002846,264,273,2024-06-11,2024-06-12,closed,onboarding,medium,email,marcus.holm,9,3
2847,TCK-002847,264,273,2026-03-27,2026-03-27,closed,how_to,high,in_app,jonas.becker,1,4
2848,TCK-002848,264,273,2023-08-26,2023-08-26,solved,feature_request,medium,email,ava.nguyen,3,
2849,TCK-002849,264,273,2023-01-18,2023-01-18,closed,how_to,medium,phone,emma.cole,1,3
2850,TCK-002850,264,273,2025-03-03,2025-03-03,solved,how_to,medium,email,ava.nguyen,2,
2851,TCK-002851,264,273,2025-10-24,2025-10-24,closed,onboarding,low,email,marcus.holm,1,
2852,TCK-002852,264,273,2023-04-21,2023-04-21,solved,how_to,low,email,ava.nguyen,1,1
2853,TCK-002853,264,273,2023-05-02,2023-05-02,solved,how_to,high,chat,jonas.becker,1,5
2854,TCK-002854,264,273,2025-12-02,2025-12-03,solved,how_to,medium,in_app,priya.shah,2,
2855,TCK-002855,266,275,2025-08-24,2025-08-27,solved,how_to,medium,in_app,priya.shah,13,4
2856,TCK-002856,266,275,2026-01-14,2026-01-14,closed,how_to,medium,email,jonas.becker,2,
2857,TCK-002857,266,275,2026-01-01,2026-01-01,solved,how_to,medium,chat,priya.shah,1,
2858,TCK-002858,266,275,2025-04-04,2025-04-05,closed,how_to,low,chat,marcus.holm,5,5
2859,TCK-002859,266,275,2025-12-01,2025-12-01,solved,how_to,high,in_app,jonas.becker,1,
2860,TCK-002860,267,276,2025-04-17,2025-04-20,solved,feature_request,medium,email,ava.nguyen,13,
2861,TCK-002861,267,276,2025-04-10,,open,how_to,medium,email,marcus.holm,,
2862,TCK-002862,267,276,2026-05-14,2026-05-14,solved,billing,medium,email,emma.cole,1,4
2863,TCK-002863,267,276,2025-11-19,2025-11-19,closed,bug,low,email,emma.cole,1,
2864,TCK-002864,267,276,2025-09-26,2025-09-26,solved,how_to,low,email,marcus.holm,1,
2865,TCK-002865,267,276,2025-11-24,2025-11-24,solved,bug,high,in_app,ava.nguyen,1,5
2866,TCK-002866,267,276,2026-04-28,2026-04-28,solved,onboarding,medium,chat,jonas.becker,4,
2867,TCK-002867,267,276,2025-06-17,2025-06-17,solved,billing,medium,phone,emma.cole,2,
2868,TCK-002868,267,276,2026-04-29,2026-04-29,solved,how_to,high,email,emma.cole,1,4
2869,TCK-002869,268,277,2025-07-26,2025-07-26,solved,bug,medium,chat,priya.shah,1,
2870,TCK-002870,268,277,2023-11-18,2023-11-18,solved,how_to,low,email,emma.cole,4,
2871,TCK-002871,268,277,2025-10-25,2025-10-25,closed,how_to,low,email,priya.shah,2,
2872,TCK-002872,268,277,2024-11-22,2024-11-22,solved,billing,high,in_app,priya.shah,1,5
2873,TCK-002873,268,277,2024-08-23,2024-08-23,solved,how_to,medium,chat,marcus.holm,1,
2874,TCK-002874,268,277,2025-07-19,2025-07-19,solved,how_to,low,in_app,priya.shah,1,5
2875,TCK-002875,268,277,2024-05-29,2024-05-29,solved,bug,low,in_app,priya.shah,2,
2876,TCK-002876,268,277,2025-07-20,2025-07-20,solved,feature_request,medium,chat,marcus.holm,1,
2877,TCK-002877,268,277,2023-12-26,2023-12-26,solved,feature_request,urgent,in_app,ava.nguyen,1,2
2878,TCK-002878,268,277,2025-10-30,,open,bug,medium,in_app,marcus.holm,,
2879,TCK-002879,268,277,2025-02-26,2025-02-26,solved,bug,low,in_app,emma.cole,1,
2880,TCK-002880,268,277,2025-12-09,2025-12-09,solved,how_to,medium,email,marcus.holm,1,
2881,TCK-002881,268,277,2025-04-30,,open,bug,high,email,ava.nguyen,4,
2882,TCK-002882,268,277,2025-06-11,2025-06-11,solved,how_to,high,email,jonas.becker,1,
2883,TCK-002883,268,277,2025-07-18,2025-07-18,solved,how_to,medium,in_app,priya.shah,1,
2884,TCK-002884,268,277,2025-08-16,2025-08-16,solved,onboarding,medium,in_app,ava.nguyen,1,
2885,TCK-002885,268,277,2024-02-14,2024-02-15,solved,onboarding,medium,email,ava.nguyen,2,4
2886,TCK-002886,268,277,2025-04-05,2025-04-05,solved,how_to,medium,email,emma.cole,1,4
2887,TCK-002887,269,278,2025-12-01,2025-12-02,solved,billing,medium,email,priya.shah,1,
2888,TCK-002888,269,278,2025-03-31,2025-03-31,solved,bug,medium,email,priya.shah,3,5
2889,TCK-002889,269,278,2026-01-31,2026-02-01,solved,onboarding,medium,email,ava.nguyen,3,4
2890,TCK-002890,269,278,2026-01-17,2026-01-17,closed,how_to,low,in_app,ava.nguyen,3,4
2891,TCK-002891,269,278,2026-03-26,2026-03-28,solved,bug,medium,email,ava.nguyen,20,5
2892,TCK-002892,270,279,2026-03-16,2026-03-16,solved,how_to,medium,email,marcus.holm,1,4
2893,TCK-002893,270,279,2025-05-03,2025-05-03,solved,billing,medium,email,marcus.holm,1,
2894,TCK-002894,270,279,2024-12-23,2024-12-23,closed,bug,medium,in_app,emma.cole,4,5
2895,TCK-002895,270,279,2024-10-27,,open,how_to,high,email,emma.cole,4,
2896,TCK-002896,270,279,2026-07-18,2026-07-18,solved,feature_request,high,phone,jonas.becker,1,
2897,TCK-002897,270,279,2026-03-17,2026-03-17,solved,bug,medium,email,ava.nguyen,1,
2898,TCK-002898,270,279,2025-05-20,2025-05-23,closed,bug,low,email,marcus.holm,24,
2899,TCK-002899,270,279,2025-03-06,2025-03-10,solved,how_to,low,phone,jonas.becker,13,3
2900,TCK-002900,270,279,2025-09-14,2025-09-14,solved,bug,urgent,in_app,priya.shah,1,
2901,TCK-002901,270,279,2025-04-30,2025-04-30,solved,how_to,medium,email,ava.nguyen,2,
2902,TCK-002902,270,279,2024-11-01,2024-11-01,closed,bug,high,in_app,jonas.becker,1,
2903,TCK-002903,270,279,2026-06-12,2026-06-12,closed,how_to,low,in_app,ava.nguyen,1,
2904,TCK-002904,270,279,2025-07-22,2025-07-22,solved,how_to,medium,email,jonas.becker,1,
2905,TCK-002905,270,279,2026-08-18,2026-08-18,solved,how_to,high,chat,jonas.becker,2,3
2906,TCK-002906,270,279,2025-01-14,2025-01-14,solved,billing,high,in_app,jonas.becker,1,
2907,TCK-002907,270,279,2024-12-03,2024-12-03,solved,how_to,high,email,marcus.holm,1,4
2908,TCK-002908,270,279,2026-02-12,2026-02-12,solved,feature_request,low,chat,marcus.holm,3,
2909,TCK-002909,270,279,2025-08-28,2025-08-28,closed,bug,medium,in_app,emma.cole,1,5
2910,TCK-002910,270,279,2025-10-22,2025-10-22,solved,how_to,urgent,email,jonas.becker,1,
2911,TCK-002911,270,279,2025-07-24,,open,billing,medium,in_app,jonas.becker,8,
2912,TCK-002912,270,279,2025-09-15,2025-09-15,solved,how_to,low,chat,priya.shah,2,4
2913,TCK-002913,270,279,2024-11-12,2024-11-12,solved,feature_request,medium,in_app,jonas.becker,1,
2914,TCK-002914,270,279,2026-01-23,2026-01-23,solved,onboarding,low,email,ava.nguyen,2,
2915,TCK-002915,270,279,2025-11-30,2025-11-30,solved,feature_request,urgent,in_app,priya.shah,1,
2916,TCK-002916,270,279,2025-10-14,2025-10-14,solved,how_to,high,in_app,ava.nguyen,1,
2917,TCK-002917,270,279,2024-11-10,2024-11-10,solved,how_to,urgent,in_app,ava.nguyen,3,
2918,TCK-002918,270,279,2026-03-30,2026-03-30,solved,bug,medium,in_app,ava.nguyen,1,2
2919,TCK-002919,270,279,2026-05-04,2026-05-04,solved,how_to,medium,email,priya.shah,2,5
2920,TCK-002920,270,279,2026-04-10,2026-04-10,solved,billing,low,email,priya.shah,1,
2921,TCK-002921,270,279,2025-10-23,2025-10-23,solved,how_to,low,in_app,jonas.becker,3,
2922,TCK-002922,270,279,2025-05-11,2025-05-11,solved,how_to,medium,chat,emma.cole,1,
2923,TCK-002923,270,279,2025-04-27,2025-04-28,closed,bug,medium,in_app,marcus.holm,7,
2924,TCK-002924,270,279,2025-08-15,2025-08-15,solved,bug,low,email,ava.nguyen,1,
2925,TCK-002925,270,279,2026-04-25,2026-04-25,solved,bug,medium,in_app,emma.cole,1,
2926,TCK-002926,271,280,2026-05-31,2026-05-31,closed,feature_request,low,chat,emma.cole,2,
2927,TCK-002927,271,280,2026-06-11,2026-06-11,solved,how_to,medium,phone,ava.nguyen,1,
2928,TCK-002928,271,280,2024-06-22,2024-06-23,solved,how_to,medium,email,ava.nguyen,1,3
2929,TCK-002929,271,280,2026-05-07,,open,billing,medium,in_app,emma.cole,24,
2930,TCK-002930,271,280,2025-11-19,2025-11-20,closed,billing,medium,email,emma.cole,12,
2931,TCK-002931,271,280,2023-11-18,2023-11-18,solved,bug,high,chat,ava.nguyen,3,5
2932,TCK-002932,271,280,2026-03-21,2026-03-21,solved,bug,medium,email,ava.nguyen,3,4
2933,TCK-002933,271,280,2025-12-26,2025-12-26,solved,how_to,medium,email,marcus.holm,2,
2934,TCK-002934,271,280,2024-07-19,2024-07-19,solved,how_to,urgent,email,priya.shah,1,
2935,TCK-002935,271,280,2025-12-19,2025-12-19,solved,onboarding,medium,email,ava.nguyen,2,
2936,TCK-002936,271,280,2024-08-21,2024-08-21,closed,how_to,low,email,emma.cole,2,
2937,TCK-002937,271,280,2023-12-16,2023-12-16,solved,bug,urgent,in_app,marcus.holm,1,3
2938,TCK-002938,271,280,2025-07-05,2025-07-05,solved,feature_request,medium,phone,marcus.holm,1,
2939,TCK-002939,271,280,2023-08-25,2023-08-25,solved,feature_request,urgent,email,jonas.becker,1,
2940,TCK-002940,271,280,2024-05-16,2024-05-17,solved,bug,low,chat,priya.shah,9,
2941,TCK-002941,271,280,2025-10-29,2025-10-30,solved,bug,high,email,emma.cole,3,
2942,TCK-002942,271,280,2025-09-17,2025-09-17,solved,how_to,high,email,marcus.holm,1,
2943,TCK-002943,271,280,2024-04-02,2024-04-02,solved,onboarding,high,in_app,ava.nguyen,2,
2944,TCK-002944,271,280,2023-09-11,,open,how_to,medium,in_app,priya.shah,24,
2945,TCK-002945,271,280,2023-09-06,2023-09-06,closed,bug,medium,chat,marcus.holm,4,5
2946,TCK-002946,271,280,2024-02-22,2024-02-22,solved,onboarding,medium,email,emma.cole,2,
2947,TCK-002947,271,280,2025-08-17,2025-08-17,closed,how_to,medium,email,emma.cole,1,5
2948,TCK-002948,271,280,2026-02-07,2026-02-07,solved,feature_request,high,phone,priya.shah,2,
2949,TCK-002949,271,280,2025-09-14,2025-09-14,solved,feature_request,medium,in_app,jonas.becker,2,
2950,TCK-002950,271,280,2024-03-27,2024-03-27,solved,onboarding,medium,email,priya.shah,1,
2951,TCK-002951,271,280,2025-05-02,2025-05-02,closed,billing,low,in_app,marcus.holm,2,2
2952,TCK-002952,271,280,2024-03-02,,open,bug,low,in_app,ava.nguyen,24,
2953,TCK-002953,271,280,2025-03-16,2025-03-16,solved,feature_request,high,email,ava.nguyen,1,
2954,TCK-002954,271,280,2024-11-23,2024-11-23,solved,onboarding,low,email,marcus.holm,4,
2955,TCK-002955,271,280,2024-01-07,,open,how_to,low,email,priya.shah,8,
2956,TCK-002956,271,280,2025-01-15,2025-01-15,solved,how_to,medium,in_app,priya.shah,1,
2957,TCK-002957,271,280,2024-09-28,2024-09-28,solved,feature_request,medium,chat,emma.cole,1,4
2958,TCK-002958,271,280,2023-09-28,2023-09-28,solved,feature_request,low,email,priya.shah,1,
2959,TCK-002959,271,280,2024-03-16,2024-03-16,solved,how_to,medium,email,jonas.becker,2,
2960,TCK-002960,272,281,2025-03-24,2025-03-24,solved,feature_request,low,chat,jonas.becker,1,
2961,TCK-002961,272,281,2025-03-11,2025-03-11,closed,billing,medium,email,marcus.holm,1,
2962,TCK-002962,272,281,2025-03-04,2025-03-04,solved,bug,low,in_app,emma.cole,5,4
2963,TCK-002963,272,281,2025-04-10,2025-04-10,solved,how_to,medium,email,marcus.holm,1,
2964,TCK-002964,274,283,2026-04-10,2026-04-10,closed,billing,medium,in_app,marcus.holm,1,1
2965,TCK-002965,274,283,2026-07-23,2026-07-23,solved,how_to,medium,in_app,priya.shah,4,5
2966,TCK-002966,274,283,2026-07-12,2026-07-12,closed,how_to,medium,email,ava.nguyen,1,5
2967,TCK-002967,274,283,2025-10-11,2025-10-12,solved,outage,high,in_app,ava.nguyen,9,
2968,TCK-002968,274,283,2025-06-05,2025-06-05,closed,bug,low,in_app,marcus.holm,1,
2969,TCK-002969,274,283,2026-06-11,2026-06-11,closed,bug,low,email,jonas.becker,2,3
2970,TCK-002970,274,283,2025-09-01,2025-09-01,solved,feature_request,medium,chat,marcus.holm,1,5
2971,TCK-002971,275,284,2026-06-11,2026-06-11,solved,bug,urgent,email,emma.cole,1,4
2972,TCK-002972,276,285,2026-08-31,2026-08-31,solved,onboarding,medium,in_app,jonas.becker,1,
2973,TCK-002973,277,286,2026-08-05,2026-08-05,solved,onboarding,medium,in_app,emma.cole,1,5
2974,TCK-002974,278,287,2026-01-19,2026-01-19,solved,bug,urgent,chat,priya.shah,1,
2975,TCK-002975,278,287,2025-12-15,2025-12-15,solved,onboarding,high,phone,ava.nguyen,1,5
2976,TCK-002976,278,287,2026-04-06,2026-04-08,solved,bug,low,in_app,ava.nguyen,6,
2977,TCK-002977,278,287,2025-12-03,2025-12-03,solved,outage,urgent,email,emma.cole,1,4
2978,TCK-002978,278,287,2026-05-17,2026-05-17,solved,how_to,high,chat,priya.shah,2,
2979,TCK-002979,278,287,2026-03-06,2026-03-06,solved,bug,medium,email,jonas.becker,1,4
2980,TCK-002980,278,287,2026-08-03,2026-08-03,solved,how_to,medium,email,ava.nguyen,2,
2981,TCK-002981,278,287,2026-06-24,2026-06-24,solved,how_to,medium,chat,marcus.holm,1,
2982,TCK-002982,278,287,2025-12-25,2025-12-25,solved,feature_request,medium,chat,priya.shah,1,5
2983,TCK-002983,279,288,2024-05-26,2024-05-27,closed,how_to,medium,email,emma.cole,6,1
2984,TCK-002984,279,288,2024-04-27,2024-04-28,solved,how_to,low,email,jonas.becker,2,
2985,TCK-002985,279,288,2024-07-10,2024-07-10,solved,bug,medium,email,marcus.holm,2,
2986,TCK-002986,279,288,2024-03-29,2024-03-29,solved,outage,high,email,marcus.holm,1,
2987,TCK-002987,279,288,2024-07-23,2024-07-23,solved,billing,high,in_app,ava.nguyen,1,
2988,TCK-002988,280,289,2025-01-14,2025-01-14,closed,how_to,high,email,marcus.holm,1,5
2989,TCK-002989,281,290,2025-10-25,2025-10-26,solved,bug,low,chat,marcus.holm,7,
2990,TCK-002990,281,290,2025-07-25,2025-07-25,solved,how_to,low,email,priya.shah,1,3
2991,TCK-002991,281,290,2026-03-30,2026-03-30,solved,billing,high,email,priya.shah,1,
2992,TCK-002992,281,290,2025-11-18,2025-11-18,solved,how_to,high,email,marcus.holm,1,4
2993,TCK-002993,281,290,2026-08-14,2026-08-14,solved,bug,high,email,emma.cole,1,
2994,TCK-002994,281,290,2025-05-09,2025-05-09,solved,feature_request,medium,email,jonas.becker,2,
2995,TCK-002995,281,290,2024-12-19,2024-12-19,solved,feature_request,medium,email,priya.shah,3,
2996,TCK-002996,281,290,2024-10-03,2024-10-03,solved,how_to,medium,email,emma.cole,1,
2997,TCK-002997,283,292,2025-10-09,2025-10-09,closed,billing,low,email,ava.nguyen,1,4
2998,TCK-002998,283,292,2025-08-26,2025-08-26,closed,feature_request,high,email,ava.nguyen,1,3
2999,TCK-002999,283,292,2024-02-24,2024-02-24,closed,bug,medium,chat,ava.nguyen,1,4
3000,TCK-003000,283,292,2024-08-13,2024-08-13,closed,onboarding,high,chat,ava.nguyen,1,
3001,TCK-003001,283,292,2025-03-12,2025-03-14,solved,feature_request,medium,in_app,marcus.holm,6,
3002,TCK-003002,284,293,2022-12-30,2022-12-30,solved,bug,medium,email,marcus.holm,3,5
3003,TCK-003003,284,293,2023-09-10,2023-09-11,solved,feature_request,low,chat,ava.nguyen,6,5
3004,TCK-003004,284,293,2022-10-08,2022-10-09,solved,onboarding,low,email,priya.shah,8,3
3005,TCK-003005,284,293,2023-04-30,2023-04-30,closed,feature_request,medium,email,jonas.becker,1,3
3006,TCK-003006,284,293,2023-08-16,2023-08-16,solved,how_to,high,in_app,jonas.becker,1,2
3007,TCK-003007,284,293,2023-11-19,2023-11-19,closed,how_to,medium,email,ava.nguyen,4,
3008,TCK-003008,284,293,2024-04-30,2024-04-30,solved,onboarding,urgent,email,ava.nguyen,1,
3009,TCK-003009,284,293,2024-03-22,2024-03-23,solved,bug,low,in_app,ava.nguyen,11,
3010,TCK-003010,284,293,2024-03-23,2024-03-23,closed,feature_request,medium,in_app,emma.cole,2,3
3011,TCK-003011,284,293,2022-10-09,2022-10-09,solved,feature_request,low,chat,emma.cole,1,
3012,TCK-003012,285,294,2025-08-28,2025-08-28,closed,how_to,urgent,in_app,marcus.holm,1,
3013,TCK-003013,285,294,2025-05-15,2025-05-16,solved,how_to,medium,email,priya.shah,7,5
3014,TCK-003014,285,294,2026-07-23,2026-07-23,solved,bug,high,email,jonas.becker,1,
3015,TCK-003015,285,294,2026-07-29,2026-07-29,closed,how_to,medium,chat,jonas.becker,1,5
3016,TCK-003016,285,294,2025-11-05,2025-11-05,solved,billing,low,chat,priya.shah,1,2
3017,TCK-003017,285,294,2025-12-03,2025-12-03,solved,billing,medium,email,ava.nguyen,7,
3018,TCK-003018,285,294,2026-08-12,2026-08-12,solved,bug,low,chat,jonas.becker,1,5
3019,TCK-003019,285,294,2026-08-11,2026-08-12,solved,feature_request,medium,in_app,priya.shah,7,
3020,TCK-003020,285,294,2026-03-16,2026-03-16,solved,bug,high,email,priya.shah,2,5
3021,TCK-003021,285,294,2026-06-09,2026-06-09,solved,how_to,high,in_app,jonas.becker,1,
3022,TCK-003022,285,294,2025-11-24,2025-11-24,solved,bug,medium,email,ava.nguyen,1,5
3023,TCK-003023,286,295,2026-03-19,2026-03-19,solved,feature_request,medium,email,priya.shah,2,4
3024,TCK-003024,286,295,2026-01-11,2026-01-11,solved,outage,high,email,jonas.becker,1,
3025,TCK-003025,286,295,2026-03-12,2026-03-12,solved,feature_request,high,email,priya.shah,1,
3026,TCK-003026,286,295,2026-04-26,2026-04-26,closed,how_to,high,email,jonas.becker,1,
3027,TCK-003027,286,295,2025-12-27,2025-12-27,solved,bug,high,chat,emma.cole,1,4
3028,TCK-003028,287,296,2026-06-23,2026-06-23,solved,feature_request,high,email,marcus.holm,1,
3029,TCK-003029,287,296,2026-06-24,2026-06-24,solved,onboarding,medium,in_app,jonas.becker,2,
3030,TCK-003030,288,297,2025-05-27,2025-05-27,closed,how_to,low,email,jonas.becker,2,3
3031,TCK-003031,288,297,2025-11-11,2025-11-11,solved,how_to,medium,email,emma.cole,1,5
3032,TCK-003032,288,297,2026-06-13,2026-06-13,solved,how_to,medium,in_app,ava.nguyen,2,2
3033,TCK-003033,288,297,2026-02-28,2026-02-28,solved,how_to,urgent,phone,marcus.holm,1,4
3034,TCK-003034,288,297,2025-09-29,2025-09-29,solved,how_to,low,email,emma.cole,2,
3035,TCK-003035,288,297,2025-07-14,2025-07-14,closed,how_to,medium,email,ava.nguyen,1,1
3036,TCK-003036,288,297,2026-06-18,2026-06-18,solved,how_to,medium,in_app,marcus.holm,1,
3037,TCK-003037,288,297,2026-07-26,2026-07-26,solved,how_to,medium,email,marcus.holm,1,
3038,TCK-003038,288,297,2025-06-28,2025-06-29,solved,outage,urgent,in_app,priya.shah,3,1
3039,TCK-003039,288,297,2026-05-17,2026-05-17,closed,onboarding,medium,in_app,jonas.becker,3,
3040,TCK-003040,288,297,2025-12-02,2025-12-02,solved,how_to,low,in_app,ava.nguyen,1,
3041,TCK-003041,288,297,2025-11-18,2025-11-18,solved,bug,medium,email,ava.nguyen,3,
3042,TCK-003042,288,297,2026-06-04,2026-06-04,closed,onboarding,low,in_app,jonas.becker,1,
3043,TCK-003043,288,297,2026-07-21,,open,billing,medium,email,unassigned,,
3044,TCK-003044,288,297,2026-03-18,2026-03-18,solved,onboarding,high,email,emma.cole,2,3
3045,TCK-003045,288,297,2025-11-06,2025-11-06,solved,how_to,medium,chat,priya.shah,4,5
3046,TCK-003046,288,297,2026-03-21,2026-03-21,solved,billing,medium,phone,priya.shah,1,
3047,TCK-003047,288,297,2025-11-06,2025-11-07,solved,how_to,urgent,email,priya.shah,3,
3048,TCK-003048,288,297,2026-08-29,,open,feature_request,high,in_app,unassigned,1,
3049,TCK-003049,288,297,2025-12-25,2025-12-25,closed,how_to,medium,chat,emma.cole,5,4
3050,TCK-003050,288,297,2025-08-29,2025-08-29,closed,feature_request,medium,chat,ava.nguyen,2,1
3051,TCK-003051,288,297,2026-03-23,2026-03-23,solved,outage,urgent,in_app,emma.cole,3,
3052,TCK-003052,288,297,2025-09-17,2025-09-17,solved,how_to,medium,email,priya.shah,1,2
3053,TCK-003053,288,297,2026-05-05,2026-05-05,closed,how_to,medium,in_app,emma.cole,1,
3054,TCK-003054,288,297,2026-03-12,2026-03-12,closed,how_to,high,chat,priya.shah,1,5
3055,TCK-003055,288,297,2025-07-05,,open,onboarding,medium,email,emma.cole,,
3056,TCK-003056,288,297,2026-01-29,2026-01-29,solved,feature_request,high,chat,marcus.holm,1,3
3057,TCK-003057,288,297,2025-07-12,2025-07-12,solved,onboarding,high,email,jonas.becker,1,
3058,TCK-003058,288,297,2025-12-30,2025-12-31,solved,billing,low,email,priya.shah,5,4
3059,TCK-003059,288,297,2026-07-17,2026-07-17,solved,billing,low,in_app,priya.shah,2,
3060,TCK-003060,288,297,2026-02-17,2026-02-17,closed,billing,high,in_app,emma.cole,1,5
3061,TCK-003061,288,297,2025-07-05,2025-07-05,closed,how_to,high,email,jonas.becker,1,5
3062,TCK-003062,289,298,2025-10-24,2025-10-24,solved,how_to,medium,in_app,marcus.holm,1,
3063,TCK-003063,289,298,2026-06-04,2026-06-04,solved,onboarding,low,email,marcus.holm,1,
3064,TCK-003064,289,298,2026-07-11,2026-07-11,closed,how_to,medium,email,priya.shah,1,5
3065,TCK-003065,289,298,2026-01-26,,open,feature_request,low,in_app,priya.shah,24,
3066,TCK-003066,289,298,2025-06-08,2025-06-08,solved,bug,medium,in_app,emma.cole,1,5
3067,TCK-003067,289,298,2026-02-27,2026-02-27,solved,how_to,medium,chat,marcus.holm,1,2
3068,TCK-003068,290,299,2026-03-25,,open,bug,low,chat,unassigned,,
3069,TCK-003069,290,299,2025-05-04,2025-05-05,closed,how_to,medium,chat,priya.shah,9,
3070,TCK-003070,290,299,2025-06-25,2025-06-25,solved,how_to,medium,in_app,emma.cole,1,
3071,TCK-003071,290,299,2026-02-10,2026-02-11,closed,feature_request,medium,email,ava.nguyen,12,
3072,TCK-003072,290,299,2025-08-12,2025-08-12,solved,how_to,medium,email,priya.shah,2,
3073,TCK-003073,290,299,2025-11-27,2025-11-27,solved,onboarding,medium,chat,priya.shah,2,
3074,TCK-003074,290,299,2025-06-25,2025-06-25,solved,bug,medium,in_app,marcus.holm,1,4
3075,TCK-003075,290,299,2026-03-20,,open,bug,low,email,jonas.becker,4,
3076,TCK-003076,290,299,2026-05-08,2026-05-08,solved,feature_request,low,in_app,jonas.becker,1,3
3077,TCK-003077,290,299,2026-08-25,2026-08-25,solved,onboarding,medium,email,jonas.becker,1,5
3078,TCK-003078,290,299,2025-07-09,,open,billing,medium,phone,ava.nguyen,8,
3079,TCK-003079,291,300,2026-01-31,2026-01-31,solved,onboarding,medium,email,jonas.becker,1,
3080,TCK-003080,291,300,2026-01-04,2026-01-04,closed,billing,medium,email,jonas.becker,3,4
3081,TCK-003081,291,300,2026-07-30,2026-07-30,solved,how_to,low,chat,marcus.holm,1,
3082,TCK-003082,291,300,2026-05-30,2026-05-30,closed,how_to,low,in_app,ava.nguyen,1,
3083,TCK-003083,291,300,2026-01-07,2026-01-07,closed,billing,high,email,jonas.becker,1,5
3084,TCK-003084,291,300,2025-12-31,2025-12-31,solved,billing,medium,email,ava.nguyen,1,
3085,TCK-003085,291,300,2025-11-04,2025-11-04,solved,outage,high,email,priya.shah,1,
3086,TCK-003086,292,301,2024-07-18,,open,bug,low,in_app,emma.cole,24,
3087,TCK-003087,292,301,2024-04-05,2024-04-05,solved,onboarding,medium,in_app,ava.nguyen,1,
3088,TCK-003088,292,301,2025-12-12,2025-12-13,solved,how_to,medium,phone,marcus.holm,3,
3089,TCK-003089,292,301,2024-02-16,2024-02-16,solved,bug,medium,email,jonas.becker,1,5
3090,TCK-003090,292,301,2024-08-11,2024-08-11,closed,how_to,medium,in_app,priya.shah,1,
3091,TCK-003091,292,301,2024-04-16,2024-04-16,solved,billing,low,email,priya.shah,4,3
3092,TCK-003092,292,301,2024-07-14,2024-07-15,solved,feature_request,low,in_app,marcus.holm,1,1
3093,TCK-003093,292,301,2024-11-06,2024-11-06,closed,how_to,medium,chat,emma.cole,3,4
3094,TCK-003094,292,301,2024-01-29,2024-01-29,solved,feature_request,high,email,emma.cole,1,2
3095,TCK-003095,292,301,2024-10-23,2024-10-25,solved,how_to,low,in_app,ava.nguyen,16,3
3096,TCK-003096,292,301,2024-05-13,2024-05-13,solved,how_to,medium,email,priya.shah,1,
3097,TCK-003097,292,301,2025-09-19,2025-09-19,solved,bug,medium,in_app,marcus.holm,1,5
3098,TCK-003098,292,301,2025-01-30,2025-01-30,solved,how_to,low,chat,emma.cole,6,
3099,TCK-003099,292,301,2024-12-04,2024-12-04,closed,feature_request,medium,chat,jonas.becker,1,
3100,TCK-003100,292,301,2025-03-24,2025-03-24,solved,bug,high,phone,jonas.becker,1,
3101,TCK-003101,292,301,2025-07-20,2025-07-20,solved,bug,medium,email,ava.nguyen,2,4
3102,TCK-003102,292,301,2023-12-05,2023-12-05,solved,billing,high,email,priya.shah,1,5
3103,TCK-003103,292,301,2025-08-23,2025-08-23,solved,feature_request,low,email,jonas.becker,2,4
3104,TCK-003104,292,301,2023-12-17,2023-12-17,solved,onboarding,high,chat,emma.cole,1,
3105,TCK-003105,292,301,2025-12-05,2025-12-07,solved,how_to,medium,email,emma.cole,16,
3106,TCK-003106,292,301,2025-07-15,2025-07-15,solved,how_to,medium,email,jonas.becker,3,5
3107,TCK-003107,292,301,2025-05-04,2025-05-04,solved,onboarding,urgent,in_app,ava.nguyen,1,
3108,TCK-003108,292,301,2024-06-01,2024-06-01,solved,feature_request,medium,in_app,priya.shah,2,5
3109,TCK-003109,292,301,2024-10-06,2024-10-06,solved,feature_request,medium,in_app,marcus.holm,6,
3110,TCK-003110,292,301,2025-09-13,2025-09-13,solved,bug,low,chat,ava.nguyen,2,4
3111,TCK-003111,292,301,2024-11-18,2024-11-18,solved,feature_request,urgent,email,emma.cole,1,
3112,TCK-003112,292,301,2025-04-23,2025-04-23,solved,bug,low,in_app,priya.shah,1,3
3113,TCK-003113,292,301,2024-09-15,2024-09-15,solved,bug,medium,email,jonas.becker,2,
3114,TCK-003114,292,301,2024-08-26,2024-08-27,closed,how_to,medium,chat,emma.cole,5,3
3115,TCK-003115,292,301,2024-04-01,2024-04-01,solved,billing,high,email,jonas.becker,1,2
3116,TCK-003116,292,301,2024-01-25,2024-01-25,solved,outage,urgent,in_app,priya.shah,1,5
3117,TCK-003117,292,301,2024-07-27,2024-07-27,solved,feature_request,medium,in_app,priya.shah,2,
3118,TCK-003118,293,302,2026-04-02,2026-04-02,solved,onboarding,medium,in_app,ava.nguyen,1,4
3119,TCK-003119,293,302,2024-10-29,2024-10-29,closed,how_to,medium,in_app,marcus.holm,1,
3120,TCK-003120,293,302,2025-07-04,2025-07-04,solved,billing,high,chat,marcus.holm,1,
3121,TCK-003121,293,302,2025-09-24,2025-09-24,solved,bug,medium,email,marcus.holm,1,
3122,TCK-003122,293,302,2025-11-20,2025-11-20,closed,billing,medium,email,emma.cole,2,
3123,TCK-003123,293,302,2025-05-06,2025-05-06,solved,how_to,medium,in_app,ava.nguyen,3,5
3124,TCK-003124,293,302,2026-04-29,2026-04-29,solved,bug,low,email,priya.shah,1,5
3125,TCK-003125,293,302,2024-09-11,2024-09-11,solved,feature_request,high,email,ava.nguyen,1,
3126,TCK-003126,293,302,2026-06-24,2026-06-24,closed,bug,medium,in_app,emma.cole,1,4
3127,TCK-003127,293,302,2026-08-23,2026-08-25,closed,how_to,medium,email,emma.cole,7,4
3128,TCK-003128,293,302,2026-04-02,2026-04-02,solved,billing,low,email,ava.nguyen,1,
3129,TCK-003129,293,302,2025-06-22,2025-06-22,solved,how_to,urgent,chat,marcus.holm,1,4
3130,TCK-003130,293,302,2025-08-02,2025-08-02,solved,bug,medium,in_app,jonas.becker,1,
3131,TCK-003131,293,302,2024-11-30,2024-11-30,solved,billing,low,chat,jonas.becker,5,5
3132,TCK-003132,294,303,2023-11-04,2023-11-06,solved,billing,low,in_app,marcus.holm,4,
3133,TCK-003133,294,303,2024-08-09,2024-08-09,solved,bug,medium,email,emma.cole,1,3
3134,TCK-003134,294,303,2025-05-07,2025-05-07,solved,how_to,high,in_app,emma.cole,1,
3135,TCK-003135,294,303,2024-11-19,2024-11-19,solved,how_to,medium,in_app,jonas.becker,1,4
3136,TCK-003136,294,303,2023-08-14,2023-08-14,solved,how_to,medium,email,jonas.becker,1,4
3137,TCK-003137,294,303,2025-05-10,2025-05-10,solved,how_to,high,in_app,marcus.holm,1,5
3138,TCK-003138,294,303,2024-02-08,2024-02-08,solved,billing,medium,email,priya.shah,4,4
3139,TCK-003139,294,303,2024-07-09,2024-07-09,solved,how_to,medium,in_app,emma.cole,1,5
3140,TCK-003140,295,304,2025-10-03,2025-10-03,solved,how_to,medium,phone,priya.shah,5,
3141,TCK-003141,295,304,2026-02-25,2026-02-25,solved,feature_request,medium,in_app,priya.shah,7,
3142,TCK-003142,295,304,2026-08-08,2026-08-08,solved,bug,low,in_app,marcus.holm,1,
3143,TCK-003143,295,304,2026-02-16,2026-02-16,solved,how_to,high,email,ava.nguyen,1,
3144,TCK-003144,295,304,2025-07-03,2025-07-03,solved,bug,low,in_app,jonas.becker,1,
3145,TCK-003145,296,,2025-08-07,2025-08-07,closed,billing,low,email,jonas.becker,1,5
3146,TCK-003146,296,,2025-08-31,2025-08-31,closed,bug,low,chat,priya.shah,1,4
3147,TCK-003147,296,306,2026-06-22,2026-06-22,solved,how_to,high,in_app,jonas.becker,1,1
3148,TCK-003148,296,306,2026-01-29,2026-01-29,solved,billing,medium,email,jonas.becker,1,
3149,TCK-003149,296,306,2026-04-03,2026-04-03,solved,bug,medium,chat,priya.shah,2,4
3150,TCK-003150,296,305,2024-12-03,2024-12-03,solved,bug,medium,email,priya.shah,1,4
3151,TCK-003151,296,,2025-09-20,2025-09-20,closed,how_to,high,in_app,ava.nguyen,1,
3152,TCK-003152,296,306,2026-01-11,2026-01-11,closed,bug,low,email,ava.nguyen,1,
3153,TCK-003153,296,305,2024-12-06,2024-12-07,solved,how_to,medium,email,emma.cole,9,
3154,TCK-003154,296,305,2024-12-26,2024-12-26,solved,feature_request,low,chat,emma.cole,1,
3155,TCK-003155,296,306,2025-10-27,2025-10-27,solved,feature_request,medium,email,priya.shah,1,
3156,TCK-003156,296,306,2025-12-17,2025-12-18,closed,how_to,medium,in_app,ava.nguyen,4,5
3157,TCK-003157,296,306,2026-03-29,2026-03-29,solved,how_to,medium,in_app,marcus.holm,3,
3158,TCK-003158,296,,2025-04-06,2025-04-06,solved,feature_request,medium,chat,ava.nguyen,1,
3159,TCK-003159,296,,2025-05-08,2025-05-09,solved,bug,medium,in_app,priya.shah,5,5
3160,TCK-003160,296,,2025-08-16,2025-08-16,solved,onboarding,urgent,email,emma.cole,1,4
3161,TCK-003161,296,306,2026-03-15,2026-03-15,solved,onboarding,low,chat,ava.nguyen,2,
3162,TCK-003162,296,,2025-06-03,,open,how_to,low,chat,priya.shah,4,
3163,TCK-003163,296,306,2025-10-24,2025-10-24,closed,feature_request,medium,email,priya.shah,2,
3164,TCK-003164,296,,2025-05-23,2025-05-23,solved,how_to,high,email,priya.shah,1,
3165,TCK-003165,296,306,2026-01-27,2026-01-27,closed,how_to,low,email,jonas.becker,1,
3166,TCK-003166,296,305,2024-12-30,,open,bug,medium,email,marcus.holm,24,
3167,TCK-003167,296,306,2025-10-04,2025-10-05,solved,billing,medium,phone,emma.cole,5,
3168,TCK-003168,296,306,2025-10-09,2025-10-09,closed,feature_request,medium,in_app,jonas.becker,1,5
3169,TCK-003169,296,305,2024-10-21,2024-10-21,solved,bug,medium,email,marcus.holm,1,1
3170,TCK-003170,296,306,2026-01-27,,open,bug,medium,email,priya.shah,,
3171,TCK-003171,296,306,2025-10-13,2025-10-13,closed,feature_request,low,in_app,marcus.holm,1,5
3172,TCK-003172,296,306,2026-07-12,2026-07-13,solved,how_to,medium,email,marcus.holm,3,3
3173,TCK-003173,296,,2025-07-22,2025-07-22,solved,bug,high,email,priya.shah,1,3
3174,TCK-003174,296,305,2024-12-08,2024-12-08,closed,feature_request,medium,phone,jonas.becker,3,2
3175,TCK-003175,296,305,2024-11-06,2024-11-06,closed,bug,medium,email,marcus.holm,1,1
3176,TCK-003176,296,306,2026-05-08,2026-05-08,closed,how_to,medium,email,marcus.holm,1,
3177,TCK-003177,296,,2025-09-18,2025-09-18,solved,feature_request,high,email,jonas.becker,1,
3178,TCK-003178,296,306,2026-01-26,2026-01-26,solved,how_to,medium,email,jonas.becker,1,
3179,TCK-003179,296,306,2026-06-14,2026-06-14,closed,how_to,urgent,in_app,marcus.holm,2,
3180,TCK-003180,296,306,2026-04-28,,open,bug,low,in_app,jonas.becker,2,
3181,TCK-003181,296,306,2026-06-25,2026-06-25,solved,billing,low,in_app,emma.cole,2,4
3182,TCK-003182,298,308,2024-12-31,2025-01-01,solved,bug,low,in_app,marcus.holm,9,
3183,TCK-003183,298,308,2023-12-09,2023-12-09,solved,onboarding,low,phone,emma.cole,1,
3184,TCK-003184,298,308,2025-04-03,2025-04-04,solved,outage,high,email,marcus.holm,8,5
3185,TCK-003185,298,308,2024-06-24,2024-06-24,solved,how_to,high,in_app,ava.nguyen,1,5
3186,TCK-003186,298,308,2026-02-23,2026-02-23,solved,outage,high,in_app,ava.nguyen,1,
3187,TCK-003187,298,308,2026-05-06,2026-05-06,closed,how_to,low,email,emma.cole,1,
3188,TCK-003188,298,308,2025-01-15,2025-01-15,solved,bug,low,email,priya.shah,1,4
3189,TCK-003189,298,308,2025-10-03,2025-10-03,solved,outage,high,email,emma.cole,1,
3190,TCK-003190,298,308,2024-05-03,2024-05-03,closed,bug,medium,chat,priya.shah,3,4
3191,TCK-003191,298,308,2026-07-25,,open,bug,low,email,jonas.becker,2,
3192,TCK-003192,298,308,2024-12-19,2024-12-19,solved,billing,low,email,ava.nguyen,1,5
3193,TCK-003193,299,309,2026-08-05,2026-08-06,solved,feature_request,low,email,marcus.holm,6,3
3194,TCK-003194,299,309,2026-05-17,2026-05-17,solved,how_to,medium,in_app,emma.cole,1,
3195,TCK-003195,299,309,2026-06-02,2026-06-03,closed,how_to,medium,in_app,jonas.becker,8,
3196,TCK-003196,299,309,2026-02-03,2026-02-04,solved,billing,medium,in_app,jonas.becker,3,
3197,TCK-003197,299,309,2026-01-27,2026-01-28,closed,bug,medium,email,priya.shah,9,5
3198,TCK-003198,299,309,2025-09-14,2025-09-14,solved,billing,medium,email,emma.cole,6,5
3199,TCK-003199,299,309,2025-12-09,2025-12-10,solved,billing,medium,chat,ava.nguyen,11,
3200,TCK-003200,299,309,2026-04-01,2026-04-01,solved,how_to,low,in_app,marcus.holm,1,4
3201,TCK-003201,300,310,2025-12-06,2025-12-06,solved,feature_request,high,email,marcus.holm,3,
3202,TCK-003202,300,310,2026-01-24,2026-01-25,solved,bug,medium,email,marcus.holm,8,
3203,TCK-003203,300,310,2024-10-05,2024-10-05,solved,feature_request,low,email,jonas.becker,1,4
3204,TCK-003204,300,310,2025-09-25,2025-09-26,solved,how_to,medium,email,ava.nguyen,8,
3205,TCK-003205,300,310,2026-08-05,,open,onboarding,medium,chat,emma.cole,24,
3206,TCK-003206,300,310,2026-01-11,2026-01-11,solved,how_to,medium,in_app,priya.shah,2,5
3207,TCK-003207,300,310,2024-09-20,2024-09-21,closed,how_to,low,email,emma.cole,11,4
3208,TCK-003208,300,310,2025-12-31,2026-01-01,solved,how_to,medium,chat,jonas.becker,7,
3209,TCK-003209,300,310,2025-04-06,2025-04-06,solved,bug,high,in_app,emma.cole,1,5
3210,TCK-003210,300,310,2025-06-03,2025-06-03,solved,bug,medium,in_app,jonas.becker,2,
3211,TCK-003211,300,310,2024-10-12,2024-10-12,solved,billing,low,in_app,priya.shah,1,
3212,TCK-003212,300,310,2026-03-15,,open,feature_request,medium,chat,jonas.becker,,
3213,TCK-003213,300,310,2024-08-01,2024-08-01,solved,how_to,medium,in_app,priya.shah,4,5
3214,TCK-003214,300,310,2026-04-10,2026-04-10,solved,how_to,medium,email,jonas.becker,1,
3215,TCK-003215,300,310,2024-10-02,2024-10-04,closed,billing,low,in_app,marcus.holm,6,
3216,TCK-003216,300,310,2025-06-13,2025-06-13,solved,how_to,medium,email,priya.shah,1,2
3217,TCK-003217,300,310,2024-11-08,2024-11-08,solved,how_to,medium,in_app,priya.shah,1,4
3218,TCK-003218,300,310,2026-06-17,2026-06-19,solved,billing,medium,email,priya.shah,5,
3219,TCK-003219,300,310,2026-01-19,2026-01-19,solved,feature_request,urgent,email,jonas.becker,1,5
3220,TCK-003220,300,310,2024-08-08,,open,how_to,low,email,marcus.holm,8,
3221,TCK-003221,300,310,2026-02-10,2026-02-10,solved,how_to,low,in_app,emma.cole,1,
3222,TCK-003222,300,310,2025-07-03,2025-07-03,solved,feature_request,urgent,in_app,priya.shah,1,
3223,TCK-003223,300,310,2024-12-13,2024-12-13,closed,how_to,low,in_app,jonas.becker,1,5
3224,TCK-003224,300,310,2025-11-19,2025-11-19,closed,how_to,low,phone,emma.cole,1,
3225,TCK-003225,300,310,2025-08-12,2025-08-12,solved,billing,low,email,emma.cole,2,
3226,TCK-003226,300,310,2025-02-11,2025-02-11,solved,how_to,high,email,ava.nguyen,1,
3227,TCK-003227,300,310,2025-11-27,2025-11-28,closed,bug,medium,email,priya.shah,6,5
3228,TCK-003228,300,310,2024-11-14,2024-11-17,solved,how_to,low,chat,emma.cole,14,5
3229,TCK-003229,300,310,2025-09-24,2025-09-24,closed,how_to,medium,email,jonas.becker,1,
3230,TCK-003230,300,310,2024-07-09,2024-07-09,solved,billing,low,email,emma.cole,2,3
3231,TCK-003231,301,311,2026-01-12,2026-01-12,solved,onboarding,low,chat,ava.nguyen,2,4
3232,TCK-003232,301,311,2024-06-09,2024-06-09,closed,bug,medium,in_app,ava.nguyen,1,4
3233,TCK-003233,301,311,2024-10-12,2024-10-12,solved,onboarding,low,email,priya.shah,3,5
3234,TCK-003234,301,311,2025-04-03,2025-04-03,solved,how_to,medium,phone,jonas.becker,1,2
3235,TCK-003235,301,311,2024-11-03,2024-11-03,solved,feature_request,medium,in_app,priya.shah,1,
3236,TCK-003236,301,311,2025-03-05,2025-03-05,solved,bug,medium,chat,ava.nguyen,1,
3237,TCK-003237,301,311,2025-03-16,,open,how_to,urgent,email,unassigned,4,
3238,TCK-003238,301,311,2024-04-03,2024-04-03,solved,bug,medium,chat,emma.cole,1,
3239,TCK-003239,301,311,2024-11-23,2024-11-23,closed,bug,low,chat,priya.shah,1,
3240,TCK-003240,301,311,2026-01-05,2026-01-05,closed,bug,urgent,email,priya.shah,1,5
3241,TCK-003241,301,311,2025-11-21,2025-11-21,closed,billing,low,in_app,marcus.holm,1,3
3242,TCK-003242,301,311,2025-04-23,,open,onboarding,low,email,priya.shah,2,
3243,TCK-003243,301,311,2024-07-02,2024-07-02,closed,bug,high,email,emma.cole,1,
3244,TCK-003244,301,311,2025-09-21,2025-09-21,closed,how_to,medium,email,marcus.holm,1,2
3245,TCK-003245,301,311,2024-04-12,2024-04-12,solved,onboarding,low,email,jonas.becker,1,5
3246,TCK-003246,301,311,2025-10-05,2025-10-05,solved,feature_request,medium,chat,marcus.holm,1,3
3247,TCK-003247,301,311,2025-05-01,2025-05-01,closed,onboarding,medium,chat,priya.shah,1,
3248,TCK-003248,301,311,2025-12-30,2025-12-30,closed,how_to,medium,in_app,ava.nguyen,1,
3249,TCK-003249,301,311,2026-07-31,2026-07-31,closed,how_to,high,in_app,priya.shah,1,
3250,TCK-003250,301,311,2025-07-30,2025-07-30,solved,how_to,urgent,email,priya.shah,1,5
3251,TCK-003251,301,311,2024-08-21,2024-08-21,solved,onboarding,medium,email,priya.shah,1,
3252,TCK-003252,301,311,2026-03-23,2026-03-23,solved,feature_request,medium,email,priya.shah,1,
3253,TCK-003253,302,312,2025-08-19,2025-08-19,solved,bug,high,chat,priya.shah,1,5
3254,TCK-003254,303,313,2025-10-25,2025-10-25,solved,how_to,medium,in_app,ava.nguyen,2,
3255,TCK-003255,303,313,2023-01-22,2023-01-22,solved,feature_request,medium,email,ava.nguyen,2,
3256,TCK-003256,303,313,2023-08-24,2023-08-24,solved,how_to,medium,in_app,priya.shah,2,
3257,TCK-003257,303,313,2023-07-25,2023-07-28,solved,billing,medium,in_app,marcus.holm,17,
3258,TCK-003258,303,313,2023-02-06,2023-02-06,solved,billing,low,email,ava.nguyen,1,
3259,TCK-003259,303,313,2024-06-29,2024-06-29,closed,feature_request,low,chat,ava.nguyen,3,
3260,TCK-003260,303,313,2024-01-01,2024-01-01,closed,bug,low,email,priya.shah,1,
3261,TCK-003261,303,313,2025-10-15,2025-10-15,solved,billing,high,in_app,marcus.holm,1,5
3262,TCK-003262,303,313,2024-04-17,2024-04-19,solved,bug,medium,email,marcus.holm,5,4
3263,TCK-003263,303,313,2023-06-13,2023-06-13,solved,outage,high,chat,priya.shah,1,1
3264,TCK-003264,303,313,2024-02-26,2024-02-26,solved,bug,high,phone,jonas.becker,1,3
3265,TCK-003265,303,313,2023-05-02,2023-05-03,solved,bug,low,in_app,emma.cole,2,
3266,TCK-003266,303,313,2025-12-15,2025-12-15,solved,bug,medium,in_app,ava.nguyen,2,
3267,TCK-003267,303,313,2024-04-03,2024-04-03,solved,feature_request,medium,email,marcus.holm,1,
3268,TCK-003268,303,313,2023-09-11,2023-09-12,solved,how_to,low,in_app,emma.cole,7,
3269,TCK-003269,303,313,2023-08-24,2023-08-24,closed,bug,urgent,email,ava.nguyen,1,2
3270,TCK-003270,303,313,2024-04-08,2024-04-08,closed,billing,low,email,ava.nguyen,5,4
3271,TCK-003271,303,313,2025-03-19,2025-03-19,solved,onboarding,medium,email,jonas.becker,3,5
3272,TCK-003272,303,313,2024-11-24,2024-11-24,solved,onboarding,low,email,marcus.holm,1,4
3273,TCK-003273,303,313,2026-01-14,2026-01-14,solved,how_to,low,in_app,emma.cole,3,
3274,TCK-003274,303,313,2023-09-23,2023-09-23,solved,onboarding,medium,email,priya.shah,2,
3275,TCK-003275,303,313,2023-01-16,2023-01-16,solved,how_to,high,in_app,jonas.becker,1,
3276,TCK-003276,303,313,2024-01-13,2024-01-14,solved,how_to,high,in_app,ava.nguyen,10,4
3277,TCK-003277,304,314,2026-03-26,2026-03-26,solved,how_to,urgent,in_app,marcus.holm,1,
3278,TCK-003278,304,314,2024-11-21,2024-11-21,closed,billing,low,chat,jonas.becker,2,
3279,TCK-003279,304,314,2026-06-27,2026-06-27,solved,bug,medium,in_app,marcus.holm,6,
3280,TCK-003280,304,314,2025-07-17,2025-07-17,solved,bug,medium,email,marcus.holm,4,
3281,TCK-003281,304,314,2025-09-08,2025-09-08,closed,outage,urgent,email,ava.nguyen,1,
3282,TCK-003282,304,314,2023-05-04,2023-05-04,closed,how_to,low,phone,emma.cole,3,5
3283,TCK-003283,304,314,2025-04-22,2025-04-22,solved,billing,high,chat,emma.cole,1,
3284,TCK-003284,304,314,2025-01-15,2025-01-15,solved,how_to,low,email,emma.cole,2,5
3285,TCK-003285,304,314,2025-03-23,,open,onboarding,low,chat,priya.shah,2,
3286,TCK-003286,304,314,2025-03-22,2025-03-22,closed,bug,low,email,priya.shah,2,
3287,TCK-003287,304,314,2025-11-25,2025-11-25,solved,bug,low,in_app,ava.nguyen,1,5
3288,TCK-003288,304,314,2024-02-11,2024-02-12,closed,how_to,medium,in_app,priya.shah,7,
3289,TCK-003289,304,314,2023-12-02,2023-12-02,closed,feature_request,medium,chat,jonas.becker,1,
3290,TCK-003290,304,314,2023-07-17,2023-07-17,closed,how_to,low,chat,jonas.becker,3,5
3291,TCK-003291,304,314,2023-08-20,2023-08-21,solved,feature_request,medium,chat,ava.nguyen,8,
3292,TCK-003292,304,314,2024-06-01,2024-06-02,solved,how_to,low,chat,marcus.holm,3,5
3293,TCK-003293,304,314,2026-03-08,2026-03-08,solved,onboarding,low,in_app,marcus.holm,1,2
3294,TCK-003294,304,314,2026-07-06,2026-07-06,solved,how_to,high,email,priya.shah,4,4
3295,TCK-003295,304,314,2023-06-13,2023-06-13,solved,feature_request,high,in_app,marcus.holm,1,4
3296,TCK-003296,304,314,2025-08-22,2025-08-23,solved,bug,medium,email,jonas.becker,7,5
3297,TCK-003297,304,314,2025-11-27,2025-11-27,closed,how_to,low,in_app,marcus.holm,2,4
3298,TCK-003298,304,314,2025-11-19,,open,bug,high,chat,jonas.becker,24,
3299,TCK-003299,304,314,2025-02-01,2025-02-01,solved,bug,high,in_app,priya.shah,1,4
3300,TCK-003300,304,314,2025-02-17,2025-02-17,solved,how_to,urgent,email,priya.shah,1,
3301,TCK-003301,304,314,2026-02-08,,open,onboarding,high,phone,emma.cole,8,
3302,TCK-003302,304,314,2026-01-05,2026-01-05,closed,bug,high,in_app,ava.nguyen,1,5
3303,TCK-003303,304,314,2024-12-22,2024-12-22,solved,bug,medium,email,ava.nguyen,4,
3304,TCK-003304,304,314,2026-06-07,2026-06-07,closed,how_to,medium,in_app,ava.nguyen,1,
3305,TCK-003305,304,314,2026-02-07,2026-02-07,solved,billing,low,in_app,jonas.becker,1,3
3306,TCK-003306,304,314,2023-11-02,2023-11-02,solved,feature_request,high,email,jonas.becker,4,
3307,TCK-003307,304,314,2025-06-08,2025-06-08,solved,billing,low,email,ava.nguyen,1,
3308,TCK-003308,304,314,2023-04-24,2023-04-24,solved,bug,urgent,phone,marcus.holm,1,
3309,TCK-003309,304,314,2026-01-26,2026-01-26,solved,how_to,medium,email,jonas.becker,5,4
3310,TCK-003310,304,314,2026-04-12,2026-04-12,solved,feature_request,low,chat,jonas.becker,1,
3311,TCK-003311,304,314,2023-12-08,2023-12-08,solved,how_to,high,phone,emma.cole,1,
3312,TCK-003312,304,314,2022-10-20,2022-10-20,closed,onboarding,medium,in_app,marcus.holm,1,
3313,TCK-003313,304,314,2023-04-29,2023-04-29,closed,onboarding,high,email,jonas.becker,1,5
3314,TCK-003314,304,314,2024-08-26,2024-08-26,solved,bug,medium,in_app,emma.cole,2,
3315,TCK-003315,304,314,2024-06-05,2024-06-05,solved,bug,high,phone,marcus.holm,1,
3316,TCK-003316,304,314,2025-09-26,2025-09-26,solved,how_to,low,email,ava.nguyen,6,
3317,TCK-003317,304,314,2024-02-17,2024-02-17,solved,feature_request,medium,in_app,marcus.holm,5,
3318,TCK-003318,304,314,2025-10-26,2025-10-26,solved,onboarding,low,email,priya.shah,1,
3319,TCK-003319,304,314,2026-06-26,2026-06-26,closed,bug,low,email,marcus.holm,2,4
3320,TCK-003320,304,314,2023-02-25,2023-02-25,solved,feature_request,medium,email,marcus.holm,1,
3321,TCK-003321,304,314,2026-02-24,2026-02-24,solved,bug,medium,email,priya.shah,1,
3322,TCK-003322,304,314,2022-12-11,2022-12-11,solved,bug,low,email,ava.nguyen,1,
3323,TCK-003323,304,314,2024-01-28,2024-01-28,solved,bug,medium,email,jonas.becker,1,4
3324,TCK-003324,304,314,2025-05-21,2025-05-21,solved,billing,medium,email,jonas.becker,1,
3325,TCK-003325,304,314,2026-08-26,2026-08-26,solved,bug,low,chat,priya.shah,1,5
3326,TCK-003326,304,314,2025-07-19,2025-07-20,solved,onboarding,low,in_app,ava.nguyen,2,4
3327,TCK-003327,304,314,2026-07-16,2026-07-16,closed,billing,medium,email,priya.shah,2,
3328,TCK-003328,304,314,2025-05-13,2025-05-13,solved,how_to,medium,in_app,emma.cole,3,
3329,TCK-003329,304,314,2024-10-01,2024-10-01,solved,how_to,high,in_app,jonas.becker,1,
3330,TCK-003330,304,314,2023-03-27,2023-03-27,solved,bug,high,in_app,priya.shah,1,5
3331,TCK-003331,304,314,2024-06-28,2024-06-28,solved,feature_request,medium,chat,emma.cole,1,
3332,TCK-003332,304,314,2024-03-15,2024-03-15,solved,bug,medium,email,ava.nguyen,1,
3333,TCK-003333,304,314,2023-02-12,,open,how_to,medium,in_app,unassigned,2,
3334,TCK-003334,304,314,2022-12-26,2022-12-26,solved,outage,high,in_app,ava.nguyen,1,
3335,TCK-003335,304,314,2024-12-04,2024-12-04,solved,onboarding,medium,email,ava.nguyen,2,
3336,TCK-003336,304,314,2024-08-05,2024-08-05,solved,feature_request,high,phone,priya.shah,1,5
3337,TCK-003337,304,314,2025-10-02,2025-10-02,solved,onboarding,low,email,jonas.becker,3,
3338,TCK-003338,304,314,2024-02-04,2024-02-04,solved,feature_request,low,chat,marcus.holm,1,5
3339,TCK-003339,304,314,2023-10-28,2023-10-28,solved,feature_request,medium,email,emma.cole,5,5
3340,TCK-003340,305,315,2024-12-30,2024-12-30,closed,bug,high,phone,ava.nguyen,1,
3341,TCK-003341,305,315,2024-10-09,2024-10-09,solved,how_to,medium,in_app,ava.nguyen,1,3
3342,TCK-003342,305,315,2024-12-09,2024-12-09,closed,feature_request,high,in_app,emma.cole,1,4
3343,TCK-003343,306,316,2026-08-30,2026-08-30,closed,billing,low,in_app,marcus.holm,1,
3344,TCK-003344,306,316,2026-07-27,2026-08-01,solved,feature_request,medium,chat,jonas.becker,47,5
3345,TCK-003345,306,316,2026-08-11,2026-08-11,closed,how_to,medium,email,jonas.becker,1,
3346,TCK-003346,306,316,2026-07-31,2026-08-01,closed,onboarding,low,in_app,ava.nguyen,4,4
3347,TCK-003347,307,317,2026-07-13,2026-07-14,solved,bug,medium,email,ava.nguyen,2,5
3348,TCK-003348,307,317,2026-07-28,2026-07-28,solved,how_to,low,email,priya.shah,1,3
3349,TCK-003349,308,318,2026-03-01,2026-03-01,closed,bug,high,email,priya.shah,1,4
3350,TCK-003350,308,318,2026-08-27,2026-08-27,closed,how_to,low,in_app,marcus.holm,2,
3351,TCK-003351,308,318,2026-05-12,2026-05-14,solved,bug,medium,email,priya.shah,5,
3352,TCK-003352,308,318,2026-01-02,2026-01-02,solved,how_to,high,email,jonas.becker,1,4
3353,TCK-003353,308,318,2025-05-21,2025-05-21,solved,bug,high,email,marcus.holm,1,5
3354,TCK-003354,308,318,2025-11-15,2025-11-15,solved,how_to,medium,email,ava.nguyen,1,5
3355,TCK-003355,308,318,2026-08-23,2026-08-23,closed,how_to,medium,phone,emma.cole,5,5
3356,TCK-003356,308,318,2026-03-26,2026-03-26,solved,bug,high,chat,priya.shah,1,
3357,TCK-003357,308,318,2026-01-08,2026-01-08,closed,onboarding,high,chat,ava.nguyen,2,
3358,TCK-003358,308,318,2025-05-09,,open,how_to,medium,email,priya.shah,4,
3359,TCK-003359,309,319,2026-02-11,2026-02-11,solved,bug,medium,in_app,marcus.holm,1,5
3360,TCK-003360,309,319,2026-05-08,2026-05-08,solved,how_to,high,email,emma.cole,1,1
3361,TCK-003361,309,319,2026-07-18,2026-07-18,solved,how_to,low,email,ava.nguyen,4,
3362,TCK-003362,310,320,2026-02-13,2026-02-13,solved,feature_request,low,in_app,marcus.holm,1,4
3363,TCK-003363,310,320,2025-10-23,2025-10-23,solved,outage,high,in_app,marcus.holm,1,
3364,TCK-003364,310,320,2026-03-03,2026-03-03,solved,how_to,urgent,in_app,priya.shah,1,5
3365,TCK-003365,310,320,2026-03-08,2026-03-09,closed,onboarding,medium,email,emma.cole,9,5
3366,TCK-003366,310,320,2026-07-19,2026-07-19,solved,bug,high,email,priya.shah,1,
3367,TCK-003367,310,320,2026-03-03,2026-03-03,solved,how_to,medium,in_app,ava.nguyen,4,3
3368,TCK-003368,310,320,2025-08-14,2025-08-14,solved,how_to,medium,email,ava.nguyen,1,
3369,TCK-003369,310,320,2026-02-25,2026-02-25,solved,bug,medium,in_app,jonas.becker,6,
3370,TCK-003370,310,320,2025-10-26,2025-10-26,solved,how_to,high,email,jonas.becker,1,4
3371,TCK-003371,310,320,2025-08-21,2025-08-21,closed,bug,medium,phone,ava.nguyen,3,
3372,TCK-003372,310,320,2026-02-26,2026-02-26,closed,how_to,urgent,email,emma.cole,1,5
3373,TCK-003373,310,320,2026-08-11,2026-08-11,solved,how_to,medium,phone,priya.shah,1,5
3374,TCK-003374,310,320,2026-08-02,,open,bug,medium,email,jonas.becker,8,
3375,TCK-003375,310,320,2026-02-24,2026-02-24,closed,outage,high,chat,ava.nguyen,1,
3376,TCK-003376,310,320,2025-11-25,2025-11-25,solved,how_to,high,in_app,ava.nguyen,3,
3377,TCK-003377,310,320,2026-03-17,2026-03-17,solved,how_to,medium,chat,emma.cole,1,
3378,TCK-003378,311,321,2025-12-21,2025-12-21,solved,feature_request,medium,in_app,emma.cole,2,
3379,TCK-003379,311,321,2026-03-02,2026-03-02,solved,feature_request,low,in_app,emma.cole,1,5
3380,TCK-003380,311,321,2025-10-16,2025-10-16,closed,how_to,low,email,priya.shah,2,
3381,TCK-003381,311,321,2026-07-02,2026-07-02,solved,feature_request,high,chat,marcus.holm,1,2
3382,TCK-003382,311,321,2026-03-27,2026-03-27,closed,feature_request,urgent,email,ava.nguyen,1,5
3383,TCK-003383,311,321,2025-12-18,2025-12-18,solved,feature_request,medium,in_app,ava.nguyen,1,1
3384,TCK-003384,311,321,2026-05-05,2026-05-05,solved,bug,medium,email,ava.nguyen,4,
3385,TCK-003385,311,321,2025-12-31,2025-12-31,solved,how_to,medium,email,emma.cole,1,
3386,TCK-003386,311,321,2026-06-04,2026-06-04,solved,bug,high,in_app,marcus.holm,1,
3387,TCK-003387,311,321,2026-05-31,2026-05-31,solved,how_to,low,in_app,ava.nguyen,1,
3388,TCK-003388,311,321,2026-06-09,,open,how_to,medium,chat,emma.cole,4,
3389,TCK-003389,311,321,2026-03-02,,open,how_to,medium,chat,priya.shah,2,
3390,TCK-003390,311,321,2026-08-20,2026-08-21,solved,bug,medium,in_app,marcus.holm,5,5
3391,TCK-003391,311,321,2026-07-05,2026-07-05,closed,how_to,high,email,priya.shah,1,
3392,TCK-003392,311,321,2025-11-16,2025-11-17,closed,feature_request,high,chat,emma.cole,8,
3393,TCK-003393,311,321,2026-02-19,,open,billing,low,chat,unassigned,2,
3394,TCK-003394,311,321,2025-10-28,2025-10-28,solved,feature_request,medium,email,emma.cole,1,2
3395,TCK-003395,311,321,2026-07-05,2026-07-05,closed,how_to,medium,email,ava.nguyen,3,4
3396,TCK-003396,311,321,2025-11-17,2025-11-18,solved,bug,low,email,jonas.becker,9,4
3397,TCK-003397,311,321,2026-05-24,2026-05-24,solved,onboarding,low,phone,priya.shah,2,
3398,TCK-003398,312,322,2026-07-27,2026-07-27,solved,how_to,urgent,chat,priya.shah,1,5
3399,TCK-003399,312,322,2026-04-25,2026-04-25,closed,how_to,medium,email,ava.nguyen,1,5
3400,TCK-003400,312,322,2026-07-28,2026-07-28,solved,how_to,urgent,phone,ava.nguyen,2,5
3401,TCK-003401,312,322,2026-04-11,2026-04-11,solved,onboarding,medium,in_app,ava.nguyen,3,5
3402,TCK-003402,312,322,2026-03-14,2026-03-14,solved,billing,low,email,emma.cole,1,5
3403,TCK-003403,312,322,2026-05-09,2026-05-09,closed,bug,high,chat,jonas.becker,1,
3404,TCK-003404,313,323,2026-07-22,2026-07-22,solved,outage,high,in_app,jonas.becker,1,5
3405,TCK-003405,313,323,2026-05-07,2026-05-08,solved,bug,medium,chat,priya.shah,4,5
3406,TCK-003406,313,323,2026-08-05,2026-08-05,solved,bug,medium,email,marcus.holm,1,4
3407,TCK-003407,313,323,2024-03-04,2024-03-04,closed,how_to,high,in_app,priya.shah,1,
3408,TCK-003408,313,323,2025-08-20,2025-08-20,solved,billing,low,phone,priya.shah,1,
3409,TCK-003409,313,323,2024-08-17,2024-08-17,closed,onboarding,high,email,priya.shah,3,
3410,TCK-003410,313,323,2024-08-23,2024-08-23,solved,feature_request,medium,chat,ava.nguyen,2,
3411,TCK-003411,313,323,2026-06-03,2026-06-03,solved,feature_request,medium,in_app,priya.shah,1,
3412,TCK-003412,313,323,2024-10-14,2024-10-14,solved,bug,high,in_app,emma.cole,2,
3413,TCK-003413,313,323,2024-03-15,2024-03-15,solved,feature_request,medium,in_app,ava.nguyen,1,
3414,TCK-003414,313,323,2025-04-01,2025-04-01,closed,onboarding,medium,in_app,priya.shah,2,
3415,TCK-003415,313,323,2026-03-13,2026-03-13,solved,bug,medium,in_app,emma.cole,2,
3416,TCK-003416,313,323,2026-04-19,2026-04-19,solved,how_to,high,email,jonas.becker,1,5
3417,TCK-003417,313,323,2026-05-31,2026-06-01,solved,how_to,low,in_app,marcus.holm,6,
3418,TCK-003418,313,323,2024-05-09,2024-05-09,solved,how_to,medium,email,ava.nguyen,1,4
3419,TCK-003419,314,324,2026-01-07,2026-01-08,solved,billing,medium,email,priya.shah,9,5
3420,TCK-003420,314,324,2026-06-23,2026-06-23,solved,how_to,medium,in_app,ava.nguyen,2,4
3421,TCK-003421,314,324,2026-03-27,2026-03-28,closed,bug,medium,email,ava.nguyen,4,5
3422,TCK-003422,314,324,2026-01-14,2026-01-14,closed,billing,high,email,priya.shah,1,3
3423,TCK-003423,315,325,2024-06-28,2024-06-28,solved,billing,low,in_app,ava.nguyen,1,5
3424,TCK-003424,315,325,2024-07-21,2024-07-21,solved,bug,high,in_app,ava.nguyen,1,5
3425,TCK-003425,315,325,2024-01-15,2024-01-15,solved,how_to,medium,email,jonas.becker,1,
3426,TCK-003426,315,325,2024-05-23,2024-05-23,solved,bug,high,in_app,ava.nguyen,3,2
3427,TCK-003427,315,325,2024-02-04,,open,how_to,medium,in_app,marcus.holm,,
3428,TCK-003428,315,325,2024-02-20,2024-02-20,solved,how_to,high,in_app,ava.nguyen,1,
3429,TCK-003429,315,325,2024-01-29,2024-01-29,solved,billing,high,in_app,priya.shah,1,
3430,TCK-003430,316,326,2024-02-24,2024-02-24,closed,bug,medium,chat,ava.nguyen,3,
3431,TCK-003431,316,326,2025-02-17,2025-02-17,closed,bug,low,email,ava.nguyen,1,5
3432,TCK-003432,316,326,2025-06-14,,open,how_to,low,email,unassigned,8,
3433,TCK-003433,316,326,2023-05-13,,open,bug,low,email,ava.nguyen,24,
3434,TCK-003434,316,326,2026-05-02,2026-05-02,closed,how_to,high,in_app,ava.nguyen,1,
3435,TCK-003435,316,326,2025-11-26,2025-11-26,solved,feature_request,medium,in_app,marcus.holm,5,
3436,TCK-003436,316,326,2024-08-20,2024-08-20,closed,how_to,high,email,priya.shah,1,
3437,TCK-003437,316,326,2023-03-21,,open,billing,medium,email,jonas.becker,8,
3438,TCK-003438,316,326,2025-08-12,2025-08-12,closed,bug,high,phone,marcus.holm,1,
3439,TCK-003439,316,326,2025-09-15,2025-09-15,solved,bug,medium,email,priya.shah,1,4
3440,TCK-003440,316,326,2023-11-29,2023-11-29,solved,billing,low,email,priya.shah,3,
3441,TCK-003441,316,326,2025-10-02,2025-10-03,solved,bug,low,email,ava.nguyen,4,5
3442,TCK-003442,316,326,2024-02-09,2024-02-13,solved,feature_request,medium,in_app,emma.cole,19,3
3443,TCK-003443,316,326,2023-12-04,2023-12-04,solved,billing,high,email,ava.nguyen,5,
3444,TCK-003444,316,326,2024-12-10,2024-12-10,solved,onboarding,medium,email,ava.nguyen,5,
3445,TCK-003445,316,326,2023-05-29,2023-05-29,solved,how_to,low,in_app,marcus.holm,1,
3446,TCK-003446,316,326,2025-09-13,2025-09-13,closed,how_to,urgent,email,marcus.holm,1,
3447,TCK-003447,316,326,2024-02-10,2024-02-10,solved,billing,medium,email,marcus.holm,4,
3448,TCK-003448,316,326,2024-01-13,2024-01-13,solved,how_to,medium,in_app,priya.shah,1,
3449,TCK-003449,316,326,2024-10-28,2024-10-28,closed,how_to,medium,in_app,priya.shah,1,5
3450,TCK-003450,316,326,2024-05-29,2024-05-29,solved,bug,low,email,marcus.holm,1,
3451,TCK-003451,316,326,2023-05-19,2023-05-19,closed,bug,low,in_app,jonas.becker,2,
3452,TCK-003452,316,326,2024-05-09,2024-05-09,solved,how_to,low,in_app,emma.cole,1,
3453,TCK-003453,316,326,2024-10-07,,open,billing,low,in_app,ava.nguyen,,
3454,TCK-003454,316,326,2024-05-05,,open,onboarding,medium,in_app,marcus.holm,24,
3455,TCK-003455,316,326,2026-05-01,2026-05-01,solved,bug,medium,email,marcus.holm,1,
3456,TCK-003456,316,326,2023-04-16,2023-04-16,solved,billing,medium,email,emma.cole,1,3
3457,TCK-003457,316,326,2024-09-26,2024-09-26,solved,bug,high,email,ava.nguyen,1,5
3458,TCK-003458,316,326,2023-04-25,2023-04-26,closed,billing,medium,in_app,marcus.holm,11,
3459,TCK-003459,316,326,2025-10-18,2025-10-18,solved,bug,low,in_app,priya.shah,1,4
3460,TCK-003460,316,326,2025-12-22,2025-12-22,solved,how_to,medium,in_app,jonas.becker,1,4
3461,TCK-003461,317,327,2024-12-06,2024-12-06,solved,onboarding,high,email,priya.shah,1,4
3462,TCK-003462,317,327,2024-12-01,2024-12-01,closed,how_to,medium,email,ava.nguyen,1,4
3463,TCK-003463,317,327,2024-10-24,2024-10-24,closed,feature_request,medium,chat,marcus.holm,2,
3464,TCK-003464,318,328,2024-09-05,2024-09-05,closed,outage,high,in_app,marcus.holm,1,3
3465,TCK-003465,318,328,2025-02-15,2025-02-15,closed,onboarding,urgent,in_app,jonas.becker,1,5
3466,TCK-003466,318,328,2025-01-02,2025-01-02,solved,how_to,high,in_app,marcus.holm,1,5
3467,TCK-003467,318,328,2024-12-14,2024-12-14,closed,how_to,high,email,jonas.becker,6,
3468,TCK-003468,318,328,2025-01-31,2025-01-31,closed,bug,high,chat,emma.cole,2,
3469,TCK-003469,318,328,2025-02-02,2025-02-02,solved,onboarding,low,email,priya.shah,1,4
3470,TCK-003470,318,328,2025-02-11,2025-02-11,solved,billing,medium,email,jonas.becker,1,
3471,TCK-003471,319,329,2026-01-22,2026-01-22,solved,bug,low,in_app,marcus.holm,1,4
3472,TCK-003472,319,329,2025-11-09,2025-11-09,solved,bug,high,email,priya.shah,1,
3473,TCK-003473,319,329,2025-07-25,2025-07-25,solved,how_to,medium,in_app,jonas.becker,6,
3474,TCK-003474,319,329,2026-02-03,2026-02-03,solved,how_to,low,email,marcus.holm,4,
3475,TCK-003475,319,329,2026-01-13,2026-01-13,closed,how_to,medium,email,jonas.becker,1,4
3476,TCK-003476,319,329,2025-10-17,2025-10-17,solved,billing,medium,email,ava.nguyen,6,
3477,TCK-003477,319,329,2025-09-04,2025-09-04,solved,feature_request,high,email,marcus.holm,1,4
3478,TCK-003478,319,329,2025-04-24,2025-04-25,solved,bug,low,email,emma.cole,2,
3479,TCK-003479,319,329,2026-02-13,2026-02-14,solved,how_to,low,in_app,priya.shah,6,4
3480,TCK-003480,319,329,2025-08-06,2025-08-06,closed,how_to,high,chat,marcus.holm,1,1
3481,TCK-003481,319,329,2025-10-25,2025-10-25,solved,how_to,medium,email,marcus.holm,1,
3482,TCK-003482,319,329,2025-06-11,2025-06-12,closed,onboarding,medium,in_app,priya.shah,8,4
3483,TCK-003483,319,329,2026-01-09,2026-01-10,solved,onboarding,low,email,marcus.holm,8,5
3484,TCK-003484,320,330,2025-06-06,2025-06-06,solved,bug,medium,email,jonas.becker,2,
3485,TCK-003485,320,330,2024-11-19,2024-11-19,solved,bug,medium,in_app,priya.shah,5,
3486,TCK-003486,320,330,2025-10-21,2025-10-21,solved,billing,low,email,emma.cole,2,
3487,TCK-003487,320,330,2026-02-19,2026-02-19,solved,bug,medium,email,priya.shah,1,
3488,TCK-003488,320,330,2025-06-15,2025-06-15,closed,onboarding,low,in_app,jonas.becker,4,4
3489,TCK-003489,321,331,2025-09-27,2025-09-27,solved,feature_request,medium,chat,marcus.holm,1,
3490,TCK-003490,321,331,2025-08-09,2025-08-09,solved,feature_request,medium,email,priya.shah,2,3
3491,TCK-003491,321,331,2025-06-26,2025-06-26,solved,onboarding,medium,in_app,emma.cole,1,3
3492,TCK-003492,321,331,2025-10-25,2025-10-25,closed,billing,low,in_app,marcus.holm,1,4
3493,TCK-003493,321,331,2026-04-04,2026-04-05,solved,feature_request,medium,in_app,emma.cole,16,
3494,TCK-003494,321,331,2025-09-28,2025-09-29,solved,how_to,medium,email,priya.shah,3,
3495,TCK-003495,321,331,2025-02-18,2025-02-18,solved,bug,medium,in_app,ava.nguyen,6,
3496,TCK-003496,322,332,2026-07-15,2026-07-16,solved,billing,medium,in_app,priya.shah,3,5
3497,TCK-003497,322,332,2024-09-03,2024-09-03,solved,bug,urgent,in_app,ava.nguyen,2,
3498,TCK-003498,322,332,2026-03-29,2026-03-29,solved,bug,medium,email,marcus.holm,1,5
3499,TCK-003499,322,332,2024-11-25,2024-11-25,solved,onboarding,low,email,jonas.becker,4,3
3500,TCK-003500,322,332,2026-03-21,2026-03-21,solved,how_to,low,chat,ava.nguyen,1,
3501,TCK-003501,322,332,2025-12-29,2025-12-29,solved,how_to,low,in_app,emma.cole,1,
3502,TCK-003502,322,332,2026-02-27,2026-02-27,closed,how_to,urgent,chat,priya.shah,1,
3503,TCK-003503,322,332,2024-01-12,2024-01-13,solved,how_to,low,email,priya.shah,1,
3504,TCK-003504,322,332,2024-09-01,2024-09-01,solved,billing,medium,email,marcus.holm,1,
3505,TCK-003505,322,332,2024-08-10,2024-08-11,solved,how_to,medium,email,emma.cole,9,
3506,TCK-003506,322,332,2025-01-07,2025-01-07,solved,billing,medium,in_app,marcus.holm,1,
3507,TCK-003507,322,332,2025-06-10,2025-06-10,solved,how_to,low,in_app,jonas.becker,2,4
3508,TCK-003508,322,332,2024-09-23,2024-09-23,solved,how_to,medium,in_app,priya.shah,1,
3509,TCK-003509,322,332,2025-02-14,2025-02-14,solved,billing,high,email,ava.nguyen,1,
3510,TCK-003510,322,332,2024-09-29,2024-09-29,solved,onboarding,medium,in_app,marcus.holm,3,
3511,TCK-003511,322,332,2025-02-26,2025-02-26,closed,how_to,low,email,emma.cole,1,5
3512,TCK-003512,322,332,2024-08-04,2024-08-04,solved,onboarding,low,in_app,marcus.holm,3,5
3513,TCK-003513,322,332,2026-05-09,2026-05-10,solved,outage,high,in_app,priya.shah,8,
3514,TCK-003514,322,332,2026-03-09,2026-03-09,solved,how_to,medium,email,ava.nguyen,1,
3515,TCK-003515,322,332,2025-10-02,2025-10-02,solved,billing,medium,email,ava.nguyen,1,4
3516,TCK-003516,322,332,2025-10-01,,open,onboarding,medium,in_app,jonas.becker,4,
3517,TCK-003517,322,332,2026-02-08,2026-02-09,solved,how_to,medium,chat,emma.cole,2,
3518,TCK-003518,322,332,2026-03-15,2026-03-15,solved,outage,urgent,in_app,marcus.holm,1,
3519,TCK-003519,323,333,2026-02-10,2026-02-10,solved,bug,low,email,marcus.holm,1,5
3520,TCK-003520,323,333,2025-12-18,2025-12-18,closed,bug,low,email,jonas.becker,1,
3521,TCK-003521,324,334,2026-05-22,2026-05-22,solved,feature_request,high,chat,emma.cole,1,
3522,TCK-003522,324,334,2026-08-02,2026-08-02,solved,feature_request,medium,in_app,marcus.holm,3,
3523,TCK-003523,324,334,2026-01-19,2026-01-19,solved,bug,high,phone,priya.shah,1,
3524,TCK-003524,324,334,2026-06-10,,open,outage,urgent,phone,jonas.becker,4,
3525,TCK-003525,324,334,2026-02-13,2026-02-13,solved,how_to,medium,email,ava.nguyen,1,4
3526,TCK-003526,324,334,2026-05-28,2026-05-28,solved,billing,low,chat,marcus.holm,3,5
3527,TCK-003527,325,335,2026-01-06,2026-01-08,solved,how_to,medium,email,jonas.becker,11,
3528,TCK-003528,325,335,2026-05-20,2026-05-21,solved,how_to,medium,chat,emma.cole,2,
3529,TCK-003529,326,336,2025-12-21,2025-12-21,closed,feature_request,high,phone,jonas.becker,1,4
3530,TCK-003530,326,336,2025-10-31,2025-10-31,solved,how_to,high,email,ava.nguyen,1,
3531,TCK-003531,326,336,2026-01-16,2026-01-16,solved,outage,urgent,in_app,marcus.holm,3,
3532,TCK-003532,326,336,2025-09-04,2025-09-04,solved,how_to,low,email,priya.shah,1,
3533,TCK-003533,326,336,2026-01-01,2026-01-01,solved,feature_request,low,email,priya.shah,1,
3534,TCK-003534,326,336,2026-05-09,2026-05-09,solved,bug,low,chat,marcus.holm,1,
3535,TCK-003535,326,336,2025-08-24,2025-08-24,solved,bug,low,email,jonas.becker,2,
3536,TCK-003536,326,336,2025-10-03,2025-10-03,solved,bug,low,in_app,priya.shah,1,
3537,TCK-003537,326,336,2026-05-25,2026-05-25,closed,feature_request,medium,chat,ava.nguyen,1,2
3538,TCK-003538,326,336,2026-07-28,2026-07-30,solved,how_to,low,in_app,ava.nguyen,20,
3539,TCK-003539,326,336,2025-11-11,2025-11-11,solved,feature_request,low,in_app,marcus.holm,2,5
3540,TCK-003540,326,336,2025-08-16,2025-08-16,solved,billing,medium,email,marcus.holm,1,
3541,TCK-003541,326,336,2025-11-22,2025-11-22,solved,billing,medium,phone,ava.nguyen,1,
3542,TCK-003542,326,336,2026-06-19,2026-06-19,solved,bug,low,in_app,ava.nguyen,2,5
3543,TCK-003543,326,336,2025-08-12,2025-08-14,solved,billing,medium,chat,marcus.holm,11,5
3544,TCK-003544,326,336,2026-07-20,2026-07-20,solved,how_to,medium,in_app,jonas.becker,1,4
3545,TCK-003545,326,336,2026-08-29,2026-08-29,solved,bug,medium,email,emma.cole,3,4
3546,TCK-003546,328,338,2023-10-27,2023-10-29,solved,bug,medium,email,marcus.holm,19,5
3547,TCK-003547,328,338,2023-02-20,2023-02-20,solved,how_to,medium,in_app,priya.shah,1,4
3548,TCK-003548,328,338,2023-03-19,2023-03-19,closed,how_to,medium,in_app,emma.cole,1,
3549,TCK-003549,328,338,2023-03-29,2023-03-29,closed,bug,medium,email,ava.nguyen,1,5
3550,TCK-003550,328,338,2025-07-23,2025-07-23,solved,how_to,low,chat,jonas.becker,1,4
3551,TCK-003551,328,338,2024-12-20,2024-12-20,solved,bug,medium,phone,emma.cole,1,4
3552,TCK-003552,328,338,2025-01-10,2025-01-10,solved,how_to,medium,email,priya.shah,5,
3553,TCK-003553,328,338,2025-04-20,2025-04-20,solved,how_to,low,email,marcus.holm,1,4
3554,TCK-003554,328,338,2024-02-12,2024-02-12,solved,bug,high,phone,ava.nguyen,1,4
3555,TCK-003555,328,338,2023-08-23,2023-08-23,solved,feature_request,high,in_app,marcus.holm,2,
3556,TCK-003556,328,338,2025-10-17,2025-10-17,closed,how_to,medium,in_app,emma.cole,2,4
3557,TCK-003557,328,338,2025-11-05,2025-11-05,solved,onboarding,low,chat,priya.shah,1,
3558,TCK-003558,328,338,2025-03-02,2025-03-02,solved,billing,medium,phone,jonas.becker,2,5
3559,TCK-003559,328,338,2025-08-02,2025-08-03,solved,onboarding,medium,email,priya.shah,5,5
3560,TCK-003560,328,338,2024-09-05,2024-09-05,solved,how_to,high,chat,priya.shah,1,1
3561,TCK-003561,328,338,2025-02-13,2025-02-13,solved,feature_request,low,in_app,ava.nguyen,1,
3562,TCK-003562,328,338,2025-10-19,2025-10-19,solved,feature_request,medium,email,emma.cole,1,
3563,TCK-003563,328,338,2025-09-03,2025-09-03,solved,onboarding,low,in_app,priya.shah,1,5
3564,TCK-003564,328,338,2023-04-15,2023-04-15,closed,how_to,medium,chat,marcus.holm,1,4
3565,TCK-003565,328,338,2025-03-19,2025-03-19,closed,feature_request,high,in_app,ava.nguyen,1,5
3566,TCK-003566,328,338,2025-02-24,,open,bug,medium,chat,marcus.holm,8,
3567,TCK-003567,328,338,2024-04-08,2024-04-08,solved,how_to,low,chat,ava.nguyen,1,
3568,TCK-003568,328,338,2024-04-08,2024-04-08,solved,how_to,urgent,email,priya.shah,1,
3569,TCK-003569,328,338,2023-05-11,2023-05-12,solved,how_to,medium,in_app,marcus.holm,7,
3570,TCK-003570,328,338,2025-08-20,2025-08-20,closed,billing,low,email,marcus.holm,1,
3571,TCK-003571,328,338,2025-06-13,2025-06-13,solved,how_to,low,in_app,ava.nguyen,1,1
3572,TCK-003572,328,338,2025-03-16,2025-03-16,solved,bug,low,in_app,priya.shah,1,2
3573,TCK-003573,328,338,2025-12-10,2025-12-10,solved,how_to,urgent,in_app,emma.cole,1,4
3574,TCK-003574,329,339,2025-04-14,2025-04-14,solved,how_to,low,chat,ava.nguyen,1,
3575,TCK-003575,329,339,2025-03-01,2025-03-02,solved,feature_request,low,email,jonas.becker,6,
3576,TCK-003576,329,339,2025-04-13,2025-04-13,solved,feature_request,low,chat,marcus.holm,1,5
3577,TCK-003577,329,339,2025-03-12,2025-03-12,solved,bug,medium,in_app,jonas.becker,1,
3578,TCK-003578,329,339,2025-03-08,2025-03-08,solved,outage,high,in_app,jonas.becker,3,
3579,TCK-003579,329,339,2024-11-27,2024-11-27,solved,outage,urgent,in_app,ava.nguyen,1,
3580,TCK-003580,329,339,2025-03-23,2025-03-23,solved,bug,high,phone,priya.shah,1,
3581,TCK-003581,330,340,2026-08-15,2026-08-15,solved,how_to,medium,email,emma.cole,5,
3582,TCK-003582,330,340,2026-02-20,2026-02-21,closed,bug,medium,in_app,priya.shah,8,2
3583,TCK-003583,330,340,2024-02-15,2024-02-15,solved,outage,urgent,email,jonas.becker,1,
3584,TCK-003584,330,340,2024-07-20,2024-07-20,solved,bug,medium,email,ava.nguyen,1,5
3585,TCK-003585,330,340,2026-02-18,2026-02-18,solved,how_to,medium,email,priya.shah,2,
3586,TCK-003586,330,340,2025-10-29,2025-10-29,closed,billing,low,email,priya.shah,4,
3587,TCK-003587,331,341,2026-05-26,2026-05-26,solved,feature_request,medium,email,priya.shah,1,1
3588,TCK-003588,331,341,2026-06-06,2026-06-06,closed,how_to,medium,phone,priya.shah,1,
3589,TCK-003589,331,341,2026-08-31,2026-08-31,closed,how_to,medium,chat,marcus.holm,2,
3590,TCK-003590,331,341,2026-08-10,2026-08-10,solved,how_to,medium,in_app,jonas.becker,1,1
3591,TCK-003591,331,341,2026-06-26,2026-06-26,solved,how_to,medium,in_app,priya.shah,2,4
3592,TCK-003592,331,341,2026-08-12,2026-08-12,solved,outage,high,email,priya.shah,1,
3593,TCK-003593,331,341,2026-08-11,2026-08-11,solved,how_to,medium,in_app,emma.cole,2,4
3594,TCK-003594,331,341,2026-06-02,2026-06-02,solved,bug,high,in_app,priya.shah,1,5
3595,TCK-003595,332,342,2026-07-11,2026-07-11,solved,billing,medium,chat,marcus.holm,1,
3596,TCK-003596,333,343,2026-08-28,2026-08-28,solved,how_to,high,email,ava.nguyen,1,
3597,TCK-003597,333,343,2026-08-22,2026-08-22,solved,feature_request,medium,chat,ava.nguyen,1,
3598,TCK-003598,333,343,2026-08-18,2026-08-18,closed,how_to,medium,in_app,priya.shah,1,
3599,TCK-003599,333,343,2026-08-17,2026-08-17,solved,onboarding,medium,in_app,ava.nguyen,1,5
3600,TCK-003600,334,344,2024-08-23,2024-08-23,solved,bug,medium,email,emma.cole,2,5
3601,TCK-003601,334,344,2023-09-10,2023-09-10,solved,outage,high,in_app,jonas.becker,1,
3602,TCK-003602,334,344,2024-02-12,,open,how_to,urgent,email,emma.cole,2,
3603,TCK-003603,334,344,2025-12-30,2025-12-30,solved,outage,high,email,priya.shah,2,4
3604,TCK-003604,334,344,2024-04-01,2024-04-01,solved,bug,high,email,marcus.holm,1,
3605,TCK-003605,334,344,2024-08-27,2024-08-29,solved,how_to,low,in_app,jonas.becker,4,
3606,TCK-003606,334,344,2025-11-01,2025-11-01,solved,bug,low,phone,ava.nguyen,1,
3607,TCK-003607,334,344,2024-01-13,2024-01-13,solved,how_to,high,phone,marcus.holm,1,
3608,TCK-003608,334,344,2023-11-02,2023-11-02,solved,feature_request,medium,email,jonas.becker,3,3
3609,TCK-003609,334,344,2026-05-05,2026-05-05,solved,billing,medium,email,priya.shah,7,4
3610,TCK-003610,334,344,2024-03-07,2024-03-07,solved,bug,medium,chat,ava.nguyen,1,5
3611,TCK-003611,334,344,2025-01-18,2025-01-18,solved,outage,high,phone,priya.shah,1,4
3612,TCK-003612,334,344,2026-08-31,,pending,billing,low,email,jonas.becker,4,
3613,TCK-003613,334,344,2024-07-15,2024-07-15,solved,bug,high,in_app,jonas.becker,1,
3614,TCK-003614,334,344,2024-12-22,2024-12-22,solved,how_to,low,email,emma.cole,2,
3615,TCK-003615,334,344,2026-05-31,,open,onboarding,low,in_app,ava.nguyen,8,
3616,TCK-003616,334,344,2023-09-06,2023-09-06,closed,billing,low,email,priya.shah,1,2
3617,TCK-003617,334,344,2026-03-05,2026-03-05,closed,outage,high,email,ava.nguyen,4,
3618,TCK-003618,334,344,2024-12-11,2024-12-11,solved,how_to,high,chat,jonas.becker,1,4
3619,TCK-003619,334,344,2023-10-05,2023-10-05,solved,bug,urgent,email,priya.shah,1,
3620,TCK-003620,334,344,2025-11-30,2025-11-30,solved,bug,medium,email,priya.shah,4,5
3621,TCK-003621,334,344,2024-07-27,2024-07-27,solved,how_to,high,email,jonas.becker,4,
3622,TCK-003622,334,344,2023-04-29,2023-04-29,solved,bug,high,email,priya.shah,1,
3623,TCK-003623,334,344,2025-10-09,2025-10-09,solved,billing,low,in_app,marcus.holm,4,5
3624,TCK-003624,334,344,2024-04-06,2024-04-06,closed,how_to,medium,phone,ava.nguyen,1,3
3625,TCK-003625,334,344,2023-05-10,2023-05-10,solved,how_to,high,in_app,emma.cole,1,
3626,TCK-003626,334,344,2024-09-16,2024-09-16,solved,how_to,medium,in_app,emma.cole,1,5
3627,TCK-003627,334,344,2023-09-04,,open,billing,medium,phone,emma.cole,24,
3628,TCK-003628,334,344,2023-07-12,2023-07-12,solved,onboarding,medium,email,emma.cole,1,
3629,TCK-003629,334,344,2024-06-29,2024-06-29,solved,how_to,low,email,jonas.becker,7,3
3630,TCK-003630,334,344,2024-02-05,2024-02-05,solved,how_to,medium,in_app,emma.cole,1,
3631,TCK-003631,334,344,2025-09-30,2025-09-30,solved,how_to,medium,email,priya.shah,4,
3632,TCK-003632,334,344,2023-05-15,2023-05-15,solved,feature_request,high,in_app,priya.shah,1,
3633,TCK-003633,334,344,2024-08-18,2024-08-18,closed,billing,high,in_app,ava.nguyen,1,4
3634,TCK-003634,334,344,2025-05-15,2025-05-16,solved,how_to,low,phone,ava.nguyen,2,
3635,TCK-003635,334,344,2024-12-03,2024-12-03,solved,how_to,medium,in_app,jonas.becker,1,
3636,TCK-003636,334,344,2024-10-06,2024-10-06,closed,how_to,medium,in_app,jonas.becker,1,
3637,TCK-003637,334,344,2025-12-12,2025-12-12,solved,how_to,low,email,ava.nguyen,3,
3638,TCK-003638,334,344,2025-04-06,2025-04-06,solved,bug,high,in_app,ava.nguyen,1,4
3639,TCK-003639,334,344,2026-04-14,2026-04-14,solved,bug,high,email,jonas.becker,1,
3640,TCK-003640,334,344,2025-04-27,2025-04-28,solved,billing,medium,in_app,jonas.becker,5,
3641,TCK-003641,334,344,2023-05-01,2023-05-01,solved,billing,medium,in_app,marcus.holm,1,5
3642,TCK-003642,334,344,2024-10-09,2024-10-09,solved,outage,high,email,ava.nguyen,1,
3643,TCK-003643,334,344,2023-06-14,2023-06-14,solved,how_to,high,chat,emma.cole,1,4
3644,TCK-003644,334,344,2025-08-14,2025-08-14,solved,feature_request,low,in_app,jonas.becker,3,
3645,TCK-003645,334,344,2023-09-16,2023-09-16,solved,billing,medium,in_app,priya.shah,3,
3646,TCK-003646,335,345,2025-09-22,2025-09-23,solved,billing,low,in_app,priya.shah,3,4
3647,TCK-003647,335,345,2025-11-28,2025-11-28,solved,onboarding,medium,email,marcus.holm,7,
3648,TCK-003648,335,345,2026-02-08,2026-02-08,solved,bug,medium,email,priya.shah,1,5
3649,TCK-003649,335,345,2025-11-09,2025-11-09,solved,how_to,medium,chat,ava.nguyen,1,3
3650,TCK-003650,335,345,2025-12-23,2025-12-23,solved,bug,low,email,priya.shah,2,2
3651,TCK-003651,335,345,2026-01-03,2026-01-04,solved,onboarding,low,email,ava.nguyen,1,
3652,TCK-003652,335,345,2026-02-17,2026-02-18,solved,billing,low,email,priya.shah,3,
3653,TCK-003653,335,345,2025-08-18,2025-08-18,closed,billing,high,email,priya.shah,1,1
3654,TCK-003654,335,345,2025-08-25,2025-08-25,solved,feature_request,medium,email,ava.nguyen,1,
3655,TCK-003655,335,345,2025-10-17,2025-10-17,solved,billing,low,chat,jonas.becker,1,3
3656,TCK-003656,335,345,2025-12-10,2025-12-10,solved,feature_request,low,email,jonas.becker,1,
3657,TCK-003657,335,345,2025-08-18,2025-08-18,solved,bug,medium,in_app,marcus.holm,1,
3658,TCK-003658,335,345,2026-02-07,2026-02-07,solved,how_to,medium,chat,emma.cole,1,3
3659,TCK-003659,335,345,2025-09-19,2025-09-19,solved,bug,medium,in_app,emma.cole,1,1
3660,TCK-003660,337,347,2026-01-09,2026-01-09,closed,how_to,medium,in_app,ava.nguyen,1,
3661,TCK-003661,337,347,2026-04-17,2026-04-17,solved,how_to,medium,phone,ava.nguyen,2,4
3662,TCK-003662,338,348,2025-05-31,2025-06-01,solved,billing,medium,email,jonas.becker,10,5
3663,TCK-003663,338,348,2025-01-15,2025-01-15,closed,how_to,high,email,ava.nguyen,1,
3664,TCK-003664,338,348,2025-08-28,2025-08-28,solved,feature_request,high,chat,marcus.holm,1,
3665,TCK-003665,338,348,2024-10-10,2024-10-10,solved,bug,urgent,email,priya.shah,1,
3666,TCK-003666,338,348,2024-05-15,2024-05-16,solved,bug,low,in_app,marcus.holm,3,
3667,TCK-003667,338,348,2025-03-04,2025-03-04,closed,billing,low,in_app,jonas.becker,4,
3668,TCK-003668,338,348,2024-06-10,2024-06-10,solved,billing,medium,in_app,ava.nguyen,3,
3669,TCK-003669,338,348,2025-05-15,2025-05-15,solved,billing,medium,email,emma.cole,1,
3670,TCK-003670,338,348,2025-05-29,2025-05-29,solved,how_to,low,in_app,marcus.holm,2,
3671,TCK-003671,338,348,2025-11-14,2025-11-14,solved,onboarding,high,email,emma.cole,5,
3672,TCK-003672,338,348,2025-10-14,2025-10-14,solved,feature_request,medium,in_app,marcus.holm,1,
3673,TCK-003673,338,348,2025-01-03,2025-01-03,solved,bug,low,email,emma.cole,5,
3674,TCK-003674,338,348,2026-01-05,2026-01-05,solved,how_to,high,email,emma.cole,1,
3675,TCK-003675,338,348,2024-04-21,2024-04-21,solved,how_to,high,chat,marcus.holm,1,
3676,TCK-003676,338,348,2024-05-09,2024-05-09,solved,how_to,high,email,jonas.becker,1,
3677,TCK-003677,338,348,2025-11-27,2025-11-27,closed,bug,medium,chat,ava.nguyen,2,3
3678,TCK-003678,338,348,2024-07-06,2024-07-06,solved,how_to,low,in_app,jonas.becker,1,3
3679,TCK-003679,338,348,2026-01-27,2026-01-27,closed,feature_request,medium,email,priya.shah,1,
3680,TCK-003680,338,348,2024-07-21,2024-07-22,solved,how_to,medium,in_app,jonas.becker,6,
3681,TCK-003681,338,348,2024-04-13,2024-04-13,solved,how_to,medium,email,emma.cole,1,
3682,TCK-003682,338,348,2025-10-09,2025-10-13,solved,billing,low,chat,marcus.holm,16,
3683,TCK-003683,338,348,2025-06-30,2025-06-30,solved,billing,medium,in_app,jonas.becker,4,5
3684,TCK-003684,338,348,2025-04-25,2025-04-26,solved,bug,medium,email,marcus.holm,3,4
3685,TCK-003685,338,348,2025-03-09,2025-03-09,closed,onboarding,low,email,jonas.becker,1,
3686,TCK-003686,338,348,2025-02-11,2025-02-12,closed,how_to,low,phone,priya.shah,6,
3687,TCK-003687,338,348,2025-01-15,2025-01-15,solved,bug,urgent,email,jonas.becker,1,3
3688,TCK-003688,338,348,2024-11-13,2024-11-13,solved,how_to,high,in_app,emma.cole,1,4
3689,TCK-003689,338,348,2025-12-29,2025-12-29,solved,bug,low,phone,jonas.becker,1,4
3690,TCK-003690,338,348,2024-03-03,2024-03-03,solved,feature_request,urgent,email,emma.cole,1,3
3691,TCK-003691,338,348,2024-06-03,2024-06-03,closed,billing,medium,in_app,marcus.holm,6,
3692,TCK-003692,338,348,2026-03-09,2026-03-09,solved,billing,medium,in_app,priya.shah,4,
3693,TCK-003693,338,348,2025-01-17,2025-01-17,solved,outage,high,email,priya.shah,4,
3694,TCK-003694,338,348,2026-03-14,2026-03-14,solved,how_to,high,email,jonas.becker,1,
3695,TCK-003695,339,349,2025-08-30,2025-08-30,solved,how_to,high,email,jonas.becker,1,
3696,TCK-003696,339,349,2026-06-09,2026-06-09,closed,bug,low,chat,ava.nguyen,1,3
3697,TCK-003697,339,349,2025-08-17,2025-08-17,closed,how_to,medium,email,emma.cole,2,
3698,TCK-003698,339,349,2025-11-21,2025-11-23,solved,onboarding,low,in_app,marcus.holm,12,
3699,TCK-003699,339,349,2026-05-13,2026-05-17,closed,feature_request,medium,chat,marcus.holm,8,
3700,TCK-003700,339,349,2026-07-05,2026-07-05,closed,bug,medium,email,priya.shah,6,
3701,TCK-003701,339,349,2026-01-15,2026-01-15,solved,billing,high,in_app,jonas.becker,1,
3702,TCK-003702,339,349,2026-06-28,2026-06-28,solved,bug,medium,phone,priya.shah,4,
3703,TCK-003703,339,349,2026-06-10,2026-06-10,solved,how_to,medium,email,ava.nguyen,1,
3704,TCK-003704,340,350,2024-06-03,2024-06-04,closed,billing,low,phone,ava.nguyen,4,
3705,TCK-003705,341,351,2025-02-11,2025-02-11,closed,how_to,medium,email,marcus.holm,1,
3706,TCK-003706,341,351,2025-02-26,2025-02-26,solved,billing,low,email,ava.nguyen,1,4
3707,TCK-003707,341,351,2025-05-13,2025-05-13,solved,how_to,high,chat,ava.nguyen,6,
3708,TCK-003708,341,351,2025-07-16,2025-07-16,closed,outage,urgent,email,priya.shah,2,3
3709,TCK-003709,341,351,2025-07-25,2025-07-25,solved,feature_request,medium,in_app,priya.shah,1,
3710,TCK-003710,341,351,2025-06-13,,open,bug,low,email,priya.shah,2,
3711,TCK-003711,341,351,2025-05-05,2025-05-05,solved,how_to,urgent,email,jonas.becker,2,
3712,TCK-003712,341,351,2025-05-17,2025-05-17,solved,how_to,urgent,in_app,emma.cole,1,5
3713,TCK-003713,341,351,2025-05-09,2025-05-09,solved,billing,low,chat,emma.cole,1,
3714,TCK-003714,341,351,2025-02-26,2025-02-26,solved,feature_request,high,in_app,priya.shah,1,4
3715,TCK-003715,341,351,2025-07-06,2025-07-06,solved,how_to,medium,email,ava.nguyen,1,
3716,TCK-003716,341,351,2025-03-24,2025-03-24,solved,bug,low,in_app,priya.shah,1,5
3717,TCK-003717,341,351,2025-02-22,,open,billing,low,chat,unassigned,2,
3718,TCK-003718,341,351,2025-07-23,2025-07-23,solved,how_to,low,email,marcus.holm,1,4
3719,TCK-003719,341,351,2025-07-12,,open,how_to,medium,email,ava.nguyen,4,
3720,TCK-003720,341,351,2025-04-14,2025-04-14,solved,how_to,high,in_app,jonas.becker,3,4
3721,TCK-003721,341,351,2025-07-25,2025-07-25,closed,outage,urgent,in_app,marcus.holm,1,5
3722,TCK-003722,341,351,2025-02-11,2025-02-13,closed,onboarding,medium,in_app,ava.nguyen,9,
3723,TCK-003723,341,351,2025-04-30,,open,billing,low,in_app,unassigned,24,
3724,TCK-003724,341,351,2025-06-30,2025-06-30,closed,how_to,medium,email,emma.cole,3,
3725,TCK-003725,342,352,2026-07-19,2026-07-19,solved,how_to,low,chat,priya.shah,1,4
3726,TCK-003726,342,352,2025-06-07,2025-06-07,solved,how_to,low,email,jonas.becker,6,5
3727,TCK-003727,342,352,2026-07-23,2026-07-23,solved,onboarding,medium,email,ava.nguyen,2,1
3728,TCK-003728,342,352,2025-06-05,2025-06-05,closed,how_to,medium,email,jonas.becker,1,2
3729,TCK-003729,342,352,2025-09-30,2025-09-30,solved,how_to,low,email,jonas.becker,1,
3730,TCK-003730,342,352,2025-08-15,2025-08-15,closed,how_to,low,email,ava.nguyen,1,
3731,TCK-003731,342,352,2025-11-29,,open,how_to,medium,in_app,emma.cole,,
3732,TCK-003732,342,352,2025-10-10,2025-10-10,closed,how_to,medium,email,emma.cole,1,
3733,TCK-003733,342,352,2025-09-07,2025-09-07,solved,bug,low,chat,emma.cole,3,5
3734,TCK-003734,342,352,2025-07-23,2025-07-23,solved,billing,medium,email,jonas.becker,4,
3735,TCK-003735,342,352,2026-05-23,2026-05-23,solved,feature_request,medium,email,jonas.becker,3,4
3736,TCK-003736,342,352,2025-10-23,2025-10-23,solved,feature_request,low,email,marcus.holm,5,5
3737,TCK-003737,342,352,2025-12-04,2025-12-04,solved,how_to,high,email,jonas.becker,1,5
3738,TCK-003738,342,352,2025-07-27,,open,billing,low,in_app,emma.cole,2,
3739,TCK-003739,342,352,2025-11-08,2025-11-08,solved,bug,medium,email,priya.shah,1,5
3740,TCK-003740,342,352,2025-06-29,,open,how_to,low,email,priya.shah,8,
3741,TCK-003741,343,353,2026-01-04,2026-01-05,solved,how_to,medium,chat,emma.cole,13,
3742,TCK-003742,343,353,2026-05-29,2026-05-29,solved,feature_request,low,chat,ava.nguyen,1,
3743,TCK-003743,343,353,2026-02-06,2026-02-06,solved,bug,medium,email,priya.shah,1,5
3744,TCK-003744,343,353,2026-03-31,2026-03-31,closed,bug,low,email,emma.cole,3,
3745,TCK-003745,343,353,2026-06-08,2026-06-08,solved,billing,low,chat,ava.nguyen,1,
3746,TCK-003746,343,353,2026-05-08,2026-05-08,closed,feature_request,low,phone,emma.cole,1,4
3747,TCK-003747,343,353,2026-02-17,2026-02-17,solved,how_to,high,chat,priya.shah,1,
3748,TCK-003748,343,353,2026-08-30,,pending,feature_request,medium,email,priya.shah,4,
3749,TCK-003749,343,353,2026-05-04,2026-05-05,solved,billing,low,chat,jonas.becker,3,
3750,TCK-003750,344,354,2025-09-16,2025-09-16,solved,onboarding,high,email,jonas.becker,1,4
3751,TCK-003751,344,354,2026-03-21,2026-03-21,solved,bug,medium,in_app,jonas.becker,2,
3752,TCK-003752,344,354,2025-01-15,2025-01-15,solved,bug,medium,chat,ava.nguyen,1,
3753,TCK-003753,344,354,2024-07-15,2024-07-15,solved,feature_request,medium,phone,emma.cole,4,4
3754,TCK-003754,344,354,2026-06-27,2026-06-27,solved,feature_request,urgent,email,jonas.becker,1,
3755,TCK-003755,344,354,2023-12-21,2023-12-22,solved,how_to,low,email,marcus.holm,9,5
3756,TCK-003756,344,354,2024-05-18,2024-05-18,solved,how_to,high,email,marcus.holm,1,
3757,TCK-003757,344,354,2025-08-23,,open,how_to,medium,in_app,jonas.becker,4,
3758,TCK-003758,344,354,2026-06-09,2026-06-09,solved,bug,high,email,marcus.holm,1,
3759,TCK-003759,344,354,2024-07-30,2024-07-30,solved,feature_request,medium,in_app,marcus.holm,1,4
3760,TCK-003760,344,354,2024-12-05,2024-12-05,solved,feature_request,medium,email,emma.cole,1,
3761,TCK-003761,344,354,2023-09-30,2023-09-30,solved,billing,low,in_app,jonas.becker,1,5
3762,TCK-003762,344,354,2023-10-09,2023-10-09,closed,bug,medium,chat,ava.nguyen,1,5
3763,TCK-003763,344,354,2025-08-26,2025-08-26,solved,billing,low,in_app,marcus.holm,1,
3764,TCK-003764,344,354,2024-03-23,2024-03-23,closed,billing,medium,email,jonas.becker,3,5
3765,TCK-003765,344,354,2023-07-30,2023-07-30,solved,billing,medium,chat,priya.shah,5,2
3766,TCK-003766,344,354,2024-11-26,2024-11-27,solved,how_to,medium,in_app,emma.cole,4,
3767,TCK-003767,344,354,2026-01-24,2026-01-24,solved,bug,high,email,jonas.becker,1,
3768,TCK-003768,344,354,2024-12-05,2024-12-05,solved,feature_request,low,email,ava.nguyen,1,4
3769,TCK-003769,344,354,2025-01-01,2025-01-01,solved,how_to,medium,in_app,jonas.becker,1,5
3770,TCK-003770,344,354,2025-06-13,2025-06-13,solved,how_to,medium,email,emma.cole,3,
3771,TCK-003771,344,354,2024-10-17,2024-10-17,closed,bug,low,in_app,emma.cole,2,5
3772,TCK-003772,344,354,2025-10-24,2025-10-24,solved,bug,high,chat,ava.nguyen,4,
3773,TCK-003773,344,354,2024-12-01,2024-12-01,closed,how_to,medium,email,marcus.holm,5,5
3774,TCK-003774,344,354,2026-06-30,2026-06-30,solved,feature_request,medium,email,jonas.becker,3,
3775,TCK-003775,344,354,2025-12-21,2025-12-21,solved,feature_request,high,email,priya.shah,1,
3776,TCK-003776,344,354,2025-07-17,2025-07-17,solved,bug,high,email,jonas.becker,2,
3777,TCK-003777,344,354,2025-11-03,2025-11-03,closed,how_to,medium,email,emma.cole,1,
3778,TCK-003778,345,355,2026-01-22,2026-01-22,solved,feature_request,medium,email,jonas.becker,3,5
3779,TCK-003779,345,355,2026-08-24,2026-08-25,solved,bug,medium,chat,ava.nguyen,7,
3780,TCK-003780,345,355,2026-05-20,2026-05-20,solved,onboarding,medium,email,emma.cole,1,
3781,TCK-003781,345,355,2025-03-20,2025-03-20,solved,bug,medium,in_app,priya.shah,1,
3782,TCK-003782,345,355,2026-08-26,2026-08-26,solved,bug,medium,in_app,priya.shah,2,5
3783,TCK-003783,345,355,2026-01-05,2026-01-05,solved,bug,low,email,ava.nguyen,1,
3784,TCK-003784,345,355,2026-01-10,2026-01-10,closed,billing,low,chat,priya.shah,1,
3785,TCK-003785,345,355,2025-04-07,2025-04-07,solved,billing,medium,chat,emma.cole,2,4
3786,TCK-003786,345,355,2026-03-15,2026-03-15,solved,billing,high,in_app,jonas.becker,1,
3787,TCK-003787,345,355,2025-06-21,2025-06-21,closed,billing,medium,chat,ava.nguyen,3,4
3788,TCK-003788,345,355,2026-06-01,2026-06-01,solved,how_to,urgent,email,priya.shah,1,
3789,TCK-003789,345,355,2026-08-01,2026-08-01,solved,bug,urgent,in_app,emma.cole,1,
3790,TCK-003790,345,355,2026-01-16,2026-01-16,closed,how_to,low,in_app,emma.cole,1,
3791,TCK-003791,345,355,2026-05-18,2026-05-18,solved,bug,low,email,emma.cole,2,5
3792,TCK-003792,345,355,2026-08-24,2026-08-24,solved,bug,high,in_app,marcus.holm,1,5
3793,TCK-003793,345,355,2026-07-12,2026-07-12,solved,onboarding,high,email,marcus.holm,1,
3794,TCK-003794,345,355,2025-07-10,2025-07-10,solved,onboarding,medium,email,jonas.becker,2,
3795,TCK-003795,345,355,2026-02-16,2026-02-16,closed,how_to,medium,chat,priya.shah,7,5
3796,TCK-003796,346,356,2024-05-07,2024-05-07,solved,how_to,high,in_app,emma.cole,1,4
3797,TCK-003797,346,357,2025-12-01,2025-12-01,closed,onboarding,medium,in_app,marcus.holm,4,
3798,TCK-003798,346,356,2024-01-30,2024-01-30,solved,how_to,urgent,in_app,priya.shah,1,
3799,TCK-003799,346,356,2023-11-20,2023-11-20,solved,bug,low,in_app,jonas.becker,1,
3800,TCK-003800,346,357,2026-03-16,2026-03-16,solved,bug,urgent,email,priya.shah,1,
3801,TCK-003801,346,357,2026-05-05,2026-05-05,solved,how_to,low,email,jonas.becker,1,5
3802,TCK-003802,346,,2025-04-15,2025-04-15,solved,onboarding,medium,email,ava.nguyen,1,
3803,TCK-003803,346,,2025-03-29,2025-03-29,solved,bug,medium,chat,ava.nguyen,1,
3804,TCK-003804,346,356,2024-02-23,2024-02-23,solved,bug,medium,email,emma.cole,1,5
3805,TCK-003805,346,,2025-03-05,2025-03-05,solved,bug,low,in_app,priya.shah,1,
3806,TCK-003806,346,357,2026-08-15,2026-08-15,solved,how_to,low,in_app,marcus.holm,2,
3807,TCK-003807,346,,2025-07-04,2025-07-04,solved,how_to,medium,phone,jonas.becker,1,4
3808,TCK-003808,346,357,2026-02-07,2026-02-08,solved,how_to,medium,email,ava.nguyen,4,
3809,TCK-003809,346,,2025-05-23,2025-05-23,closed,outage,high,email,priya.shah,1,
3810,TCK-003810,346,356,2024-05-02,2024-05-02,solved,feature_request,high,email,priya.shah,1,4
3811,TCK-003811,346,357,2026-05-29,2026-05-29,solved,how_to,low,email,jonas.becker,1,
3812,TCK-003812,346,357,2026-01-05,2026-01-06,solved,how_to,medium,chat,emma.cole,1,3
3813,TCK-003813,346,357,2026-06-14,2026-06-14,closed,outage,urgent,in_app,emma.cole,6,
3814,TCK-003814,346,,2025-05-09,2025-05-09,closed,feature_request,low,email,priya.shah,3,4
3815,TCK-003815,346,357,2026-06-02,2026-06-02,solved,how_to,medium,in_app,ava.nguyen,1,5
3816,TCK-003816,346,357,2025-10-06,2025-10-06,solved,how_to,urgent,in_app,emma.cole,1,4
3817,TCK-003817,346,356,2024-07-18,2024-07-19,solved,bug,low,in_app,ava.nguyen,3,
3818,TCK-003818,346,,2025-03-02,2025-03-02,solved,how_to,medium,in_app,emma.cole,1,
3819,TCK-003819,346,357,2025-10-15,2025-10-15,solved,outage,urgent,chat,emma.cole,1,
3820,TCK-003820,346,356,2024-10-02,2024-10-02,closed,feature_request,low,email,ava.nguyen,1,
3821,TCK-003821,346,,2025-05-17,2025-05-17,solved,bug,low,email,jonas.becker,4,
3822,TCK-003822,346,356,2024-08-05,2024-08-05,closed,how_to,urgent,email,ava.nguyen,1,2
3823,TCK-003823,346,356,2023-10-30,2023-10-30,solved,feature_request,medium,in_app,ava.nguyen,1,5
3824,TCK-003824,346,357,2026-05-21,2026-05-21,solved,feature_request,medium,email,priya.shah,4,
3825,TCK-003825,346,357,2025-11-26,,open,onboarding,high,email,emma.cole,2,
3826,TCK-003826,346,,2025-05-01,2025-05-01,closed,how_to,low,in_app,ava.nguyen,2,4
3827,TCK-003827,346,,2025-05-30,2025-05-30,solved,bug,low,chat,jonas.becker,1,
3828,TCK-003828,346,,2025-02-27,2025-02-27,closed,bug,low,email,jonas.becker,4,
3829,TCK-003829,346,357,2025-09-25,2025-09-25,solved,how_to,medium,chat,ava.nguyen,4,
3830,TCK-003830,347,358,2025-05-28,2025-05-28,solved,how_to,medium,email,ava.nguyen,1,
3831,TCK-003831,347,358,2025-05-22,2025-05-22,solved,feature_request,high,email,ava.nguyen,1,
3832,TCK-003832,348,359,2025-06-22,2025-06-22,solved,how_to,high,in_app,ava.nguyen,1,
3833,TCK-003833,348,359,2026-03-08,2026-03-08,solved,billing,medium,in_app,priya.shah,1,3
3834,TCK-003834,348,359,2025-01-27,2025-01-27,solved,how_to,medium,in_app,priya.shah,1,5
3835,TCK-003835,348,359,2024-08-28,2024-08-28,solved,how_to,medium,in_app,priya.shah,3,5
3836,TCK-003836,348,359,2026-03-26,2026-03-27,solved,billing,low,in_app,ava.nguyen,6,
3837,TCK-003837,348,359,2024-08-16,2024-08-16,solved,bug,high,email,priya.shah,1,
3838,TCK-003838,348,359,2026-06-17,2026-06-17,solved,bug,medium,email,emma.cole,4,
3839,TCK-003839,348,359,2026-08-01,2026-08-04,solved,how_to,low,email,marcus.holm,24,
3840,TCK-003840,348,359,2025-12-12,2025-12-12,closed,feature_request,high,email,priya.shah,1,
3841,TCK-003841,348,359,2025-07-06,2025-07-06,solved,bug,medium,chat,ava.nguyen,1,4
3842,TCK-003842,348,359,2025-04-01,2025-04-02,closed,how_to,medium,in_app,ava.nguyen,9,5
3843,TCK-003843,348,359,2025-10-08,2025-10-08,solved,billing,high,in_app,priya.shah,3,
3844,TCK-003844,348,359,2026-06-05,2026-06-05,closed,how_to,high,email,jonas.becker,1,
3845,TCK-003845,348,359,2026-01-19,2026-01-19,solved,bug,medium,in_app,marcus.holm,2,
3846,TCK-003846,348,359,2025-10-20,2025-10-20,solved,billing,medium,chat,priya.shah,5,3
3847,TCK-003847,348,359,2025-01-05,2025-01-06,closed,how_to,medium,email,emma.cole,4,
3848,TCK-003848,348,359,2024-07-29,2024-07-29,closed,onboarding,high,email,emma.cole,1,4
3849,TCK-003849,348,359,2024-12-22,,open,bug,medium,in_app,jonas.becker,8,
3850,TCK-003850,348,359,2025-11-18,2025-11-18,solved,onboarding,medium,chat,priya.shah,3,
3851,TCK-003851,348,359,2024-09-25,2024-09-25,solved,how_to,medium,email,priya.shah,1,4
3852,TCK-003852,348,359,2025-05-12,2025-05-12,solved,billing,medium,phone,ava.nguyen,1,2
3853,TCK-003853,348,359,2024-12-05,2024-12-05,closed,outage,urgent,chat,marcus.holm,1,
3854,TCK-003854,348,359,2024-11-15,2024-11-15,solved,how_to,medium,email,ava.nguyen,1,
3855,TCK-003855,349,360,2026-08-16,2026-08-17,solved,billing,medium,email,marcus.holm,2,5
3856,TCK-003856,350,361,2026-03-25,2026-03-25,solved,onboarding,medium,email,ava.nguyen,1,4
3857,TCK-003857,350,361,2026-07-17,2026-07-17,closed,how_to,medium,in_app,jonas.becker,1,5
3858,TCK-003858,350,361,2026-02-20,2026-02-20,solved,billing,medium,in_app,marcus.holm,4,5
3859,TCK-003859,350,361,2026-03-13,2026-03-13,closed,how_to,medium,email,ava.nguyen,1,3
3860,TCK-003860,351,362,2025-06-27,2025-06-27,solved,how_to,medium,email,jonas.becker,3,
3861,TCK-003861,351,362,2025-07-04,2025-07-04,solved,feature_request,medium,email,marcus.holm,1,
3862,TCK-003862,352,363,2024-03-12,2024-03-12,solved,how_to,medium,email,marcus.holm,2,
3863,TCK-003863,352,363,2024-01-18,2024-01-18,solved,how_to,low,in_app,jonas.becker,1,
3864,TCK-003864,352,363,2024-01-21,2024-01-21,solved,billing,low,chat,ava.nguyen,1,3
3865,TCK-003865,352,363,2023-11-04,2023-11-04,solved,how_to,high,chat,marcus.holm,1,
3866,TCK-003866,352,363,2023-10-28,2023-10-28,solved,onboarding,high,in_app,marcus.holm,1,5
3867,TCK-003867,352,363,2024-01-30,2024-01-30,solved,how_to,medium,email,ava.nguyen,1,
3868,TCK-003868,352,363,2023-12-03,2023-12-07,solved,billing,high,in_app,marcus.holm,14,4
3869,TCK-003869,352,363,2023-11-25,2023-11-25,solved,billing,low,in_app,marcus.holm,1,
3870,TCK-003870,352,363,2024-02-03,2024-02-03,solved,how_to,medium,in_app,marcus.holm,2,
3871,TCK-003871,352,363,2023-09-18,2023-09-18,solved,feature_request,medium,email,emma.cole,1,
3872,TCK-003872,353,364,2026-06-03,2026-06-04,solved,how_to,low,in_app,priya.shah,6,3
3873,TCK-003873,353,364,2026-08-23,2026-08-23,closed,onboarding,low,in_app,ava.nguyen,1,
3874,TCK-003874,353,364,2026-06-30,2026-06-30,solved,outage,urgent,email,emma.cole,1,
3875,TCK-003875,353,364,2026-05-22,2026-05-22,solved,how_to,low,chat,marcus.holm,1,5
3876,TCK-003876,353,364,2026-06-09,2026-06-09,solved,billing,medium,email,ava.nguyen,1,
3877,TCK-003877,353,364,2026-04-26,2026-04-26,solved,how_to,low,email,emma.cole,5,
3878,TCK-003878,353,364,2026-08-12,2026-08-12,solved,outage,urgent,chat,jonas.becker,1,
3879,TCK-003879,353,364,2026-07-09,2026-07-09,solved,how_to,medium,in_app,ava.nguyen,1,3
3880,TCK-003880,353,364,2026-08-06,2026-08-06,solved,feature_request,low,email,marcus.holm,1,
3881,TCK-003881,353,364,2026-07-02,2026-07-02,solved,feature_request,medium,email,marcus.holm,1,
3882,TCK-003882,354,365,2026-07-01,2026-07-01,solved,how_to,low,phone,jonas.becker,2,
3883,TCK-003883,354,365,2026-08-28,2026-08-29,closed,bug,medium,email,ava.nguyen,3,
3884,TCK-003884,355,366,2026-06-24,2026-06-24,solved,billing,low,in_app,jonas.becker,1,3
3885,TCK-003885,356,367,2024-08-07,2024-08-07,solved,bug,medium,email,ava.nguyen,1,
3886,TCK-003886,356,367,2025-04-14,2025-04-14,closed,how_to,medium,in_app,priya.shah,1,5
3887,TCK-003887,356,367,2025-09-03,2025-09-03,solved,outage,high,phone,emma.cole,1,
3888,TCK-003888,356,367,2024-09-30,2024-09-30,closed,billing,medium,email,emma.cole,1,
3889,TCK-003889,356,367,2026-02-21,2026-02-21,solved,feature_request,medium,in_app,emma.cole,3,
3890,TCK-003890,356,367,2026-01-30,2026-01-30,closed,how_to,low,in_app,ava.nguyen,1,5
3891,TCK-003891,356,367,2024-11-21,2024-11-21,closed,onboarding,medium,in_app,marcus.holm,4,
3892,TCK-003892,356,367,2026-05-17,,open,feature_request,low,phone,marcus.holm,24,
3893,TCK-003893,356,367,2024-12-23,2024-12-23,solved,how_to,low,in_app,emma.cole,2,
3894,TCK-003894,356,367,2024-03-28,2024-03-28,solved,onboarding,medium,phone,priya.shah,1,
3895,TCK-003895,356,367,2025-09-26,,open,bug,low,email,emma.cole,2,
3896,TCK-003896,356,367,2024-11-02,2024-11-02,solved,how_to,urgent,phone,ava.nguyen,1,3
3897,TCK-003897,356,367,2024-09-25,2024-09-25,solved,feature_request,low,email,priya.shah,1,
3898,TCK-003898,356,367,2024-09-10,2024-09-10,solved,feature_request,low,in_app,ava.nguyen,1,4
3899,TCK-003899,356,367,2024-08-09,2024-08-09,solved,onboarding,low,email,emma.cole,1,4
3900,TCK-003900,356,367,2024-08-12,2024-08-12,solved,how_to,medium,email,emma.cole,1,
3901,TCK-003901,356,367,2025-11-09,2025-11-09,closed,bug,low,email,marcus.holm,2,
3902,TCK-003902,356,367,2024-07-27,2024-07-27,solved,feature_request,medium,chat,priya.shah,1,
3903,TCK-003903,356,367,2024-12-13,2024-12-13,solved,onboarding,low,email,emma.cole,5,
3904,TCK-003904,356,367,2025-11-13,2025-11-14,solved,billing,medium,in_app,ava.nguyen,6,
3905,TCK-003905,356,367,2026-06-29,2026-06-29,solved,bug,high,chat,priya.shah,1,4
3906,TCK-003906,356,367,2026-03-14,2026-03-14,solved,billing,medium,phone,jonas.becker,2,5
3907,TCK-003907,356,367,2025-02-16,2025-02-16,solved,how_to,medium,email,emma.cole,4,
3908,TCK-003908,356,367,2025-08-18,2025-08-18,solved,onboarding,low,email,priya.shah,1,
3909,TCK-003909,356,367,2025-12-03,2025-12-03,closed,how_to,medium,email,jonas.becker,1,
3910,TCK-003910,356,367,2024-06-05,2024-06-05,solved,how_to,high,chat,marcus.holm,1,1
3911,TCK-003911,356,367,2026-01-19,2026-01-19,solved,bug,high,email,priya.shah,2,3
3912,TCK-003912,356,367,2025-11-17,2025-11-17,solved,bug,high,in_app,marcus.holm,1,
3913,TCK-003913,356,367,2024-05-25,2024-05-25,closed,how_to,high,email,ava.nguyen,1,
3914,TCK-003914,356,367,2025-02-14,2025-02-14,solved,onboarding,low,chat,emma.cole,2,
3915,TCK-003915,356,367,2026-06-29,2026-06-29,closed,outage,high,chat,emma.cole,1,
3916,TCK-003916,356,367,2024-07-21,,open,billing,low,in_app,jonas.becker,8,
3917,TCK-003917,356,367,2025-05-22,2025-05-22,solved,billing,low,phone,marcus.holm,1,
3918,TCK-003918,356,367,2024-07-30,2024-07-30,closed,feature_request,high,email,marcus.holm,1,3
3919,TCK-003919,356,367,2026-04-22,2026-04-22,solved,billing,high,chat,priya.shah,1,
3920,TCK-003920,356,367,2025-08-14,2025-08-14,closed,outage,urgent,chat,marcus.holm,1,
3921,TCK-003921,356,367,2025-01-04,2025-01-04,solved,how_to,medium,chat,jonas.becker,6,
3922,TCK-003922,356,367,2025-05-23,2025-05-23,solved,bug,high,email,priya.shah,1,5
3923,TCK-003923,356,367,2024-08-20,2024-08-21,solved,how_to,medium,in_app,priya.shah,7,
3924,TCK-003924,356,367,2025-07-17,2025-07-17,solved,billing,low,chat,marcus.holm,1,5
3925,TCK-003925,356,367,2026-03-21,,open,billing,high,email,ava.nguyen,2,
3926,TCK-003926,357,368,2025-07-17,2025-07-17,solved,billing,medium,email,ava.nguyen,1,
3927,TCK-003927,357,368,2026-04-01,,open,onboarding,high,email,jonas.becker,4,
3928,TCK-003928,357,368,2026-05-25,2026-05-25,solved,how_to,low,in_app,jonas.becker,4,
3929,TCK-003929,357,368,2026-04-28,2026-04-28,solved,how_to,high,phone,marcus.holm,1,2
3930,TCK-003930,357,368,2026-03-03,2026-03-03,solved,how_to,high,email,jonas.becker,2,
3931,TCK-003931,357,368,2026-06-30,2026-06-30,solved,how_to,medium,in_app,emma.cole,1,
3932,TCK-003932,357,368,2026-04-03,2026-04-03,closed,how_to,medium,email,jonas.becker,1,5
3933,TCK-003933,357,368,2026-01-15,2026-01-17,solved,bug,medium,in_app,marcus.holm,11,
3934,TCK-003934,357,368,2026-02-28,2026-02-28,closed,feature_request,low,email,priya.shah,4,
3935,TCK-003935,358,369,2023-12-25,2023-12-25,solved,outage,high,email,marcus.holm,1,5
3936,TCK-003936,358,369,2023-09-01,2023-09-01,closed,how_to,medium,in_app,ava.nguyen,2,
3937,TCK-003937,358,369,2023-06-08,2023-06-08,solved,how_to,high,email,emma.cole,1,
3938,TCK-003938,358,369,2023-12-28,2023-12-28,solved,how_to,high,in_app,marcus.holm,1,
3939,TCK-003939,358,369,2023-02-25,2023-02-25,solved,billing,high,email,emma.cole,1,3
3940,TCK-003940,358,369,2023-02-16,2023-02-16,solved,how_to,medium,email,emma.cole,3,4
3941,TCK-003941,359,370,2023-07-15,2023-07-16,solved,billing,low,email,jonas.becker,7,1
3942,TCK-003942,359,370,2025-01-03,2025-01-03,solved,onboarding,medium,in_app,jonas.becker,2,
3943,TCK-003943,359,370,2025-06-16,2025-06-16,closed,bug,medium,email,marcus.holm,1,1
3944,TCK-003944,359,370,2023-10-28,2023-10-28,solved,bug,medium,chat,jonas.becker,1,
3945,TCK-003945,359,370,2026-06-10,2026-06-10,solved,billing,low,in_app,marcus.holm,2,5
3946,TCK-003946,359,370,2025-09-25,2025-09-25,solved,feature_request,medium,in_app,priya.shah,1,
3947,TCK-003947,359,370,2024-10-25,2024-10-25,solved,billing,low,email,ava.nguyen,1,
3948,TCK-003948,359,370,2026-05-10,2026-05-10,solved,onboarding,low,in_app,marcus.holm,1,4
3949,TCK-003949,359,370,2024-01-23,2024-01-23,closed,feature_request,low,chat,marcus.holm,1,
3950,TCK-003950,359,370,2025-01-24,2025-01-24,solved,how_to,low,email,emma.cole,1,5
3951,TCK-003951,359,370,2023-09-11,,open,bug,low,email,ava.nguyen,,
3952,TCK-003952,359,370,2023-05-23,2023-05-26,closed,billing,low,email,jonas.becker,16,5
3953,TCK-003953,359,370,2024-11-26,2024-11-26,solved,onboarding,medium,chat,marcus.holm,2,5
3954,TCK-003954,359,370,2025-05-03,2025-05-03,solved,how_to,medium,in_app,priya.shah,1,
3955,TCK-003955,359,370,2024-04-21,2024-04-21,solved,bug,low,in_app,ava.nguyen,1,
3956,TCK-003956,359,370,2022-11-25,2022-11-25,solved,how_to,medium,chat,ava.nguyen,1,4
3957,TCK-003957,359,370,2026-05-19,2026-05-19,solved,feature_request,medium,email,emma.cole,1,5
3958,TCK-003958,360,371,2025-09-07,2025-09-10,solved,feature_request,medium,email,jonas.becker,16,5
3959,TCK-003959,360,371,2025-10-05,2025-10-07,solved,feature_request,medium,email,jonas.becker,13,
3960,TCK-003960,360,371,2026-06-05,2026-06-05,closed,billing,medium,in_app,priya.shah,2,
3961,TCK-003961,360,371,2025-12-18,2025-12-18,closed,outage,urgent,email,emma.cole,4,5
3962,TCK-003962,360,371,2026-02-03,2026-02-03,solved,how_to,high,in_app,ava.nguyen,2,
3963,TCK-003963,360,371,2025-05-18,2025-05-18,closed,how_to,medium,email,ava.nguyen,1,
3964,TCK-003964,360,371,2025-11-24,2025-11-24,closed,onboarding,high,chat,emma.cole,1,
3965,TCK-003965,360,371,2026-02-17,2026-02-17,solved,outage,high,email,ava.nguyen,1,
3966,TCK-003966,360,371,2026-08-03,2026-08-03,solved,bug,low,email,jonas.becker,2,
3967,TCK-003967,361,372,2026-05-29,2026-05-29,closed,outage,high,email,priya.shah,1,4
3968,TCK-003968,362,373,2025-06-14,2025-06-14,solved,onboarding,medium,chat,priya.shah,3,5
3969,TCK-003969,362,373,2024-12-20,2024-12-20,solved,bug,medium,in_app,marcus.holm,3,3
3970,TCK-003970,362,373,2024-12-24,2024-12-24,solved,onboarding,medium,email,ava.nguyen,2,
3971,TCK-003971,362,373,2025-02-11,2025-02-11,solved,bug,low,in_app,ava.nguyen,1,5
3972,TCK-003972,362,373,2025-05-15,2025-05-17,closed,bug,medium,chat,emma.cole,9,
3973,TCK-003973,362,373,2025-03-15,2025-03-15,closed,how_to,medium,chat,emma.cole,3,1
3974,TCK-003974,364,375,2025-07-08,2025-07-08,solved,bug,low,email,jonas.becker,4,5
3975,TCK-003975,364,375,2025-05-15,,open,feature_request,medium,in_app,marcus.holm,4,
3976,TCK-003976,364,375,2026-07-26,2026-07-26,closed,how_to,medium,email,jonas.becker,1,
3977,TCK-003977,364,375,2025-12-31,2025-12-31,closed,how_to,low,email,ava.nguyen,1,
3978,TCK-003978,364,375,2025-12-09,2025-12-09,closed,bug,low,email,ava.nguyen,5,3
3979,TCK-003979,364,375,2025-09-28,,open,outage,urgent,email,marcus.holm,4,
3980,TCK-003980,364,375,2025-06-05,2025-06-05,solved,billing,low,in_app,marcus.holm,2,
3981,TCK-003981,364,375,2025-09-29,2025-09-29,solved,bug,medium,in_app,jonas.becker,3,5
3982,TCK-003982,364,375,2025-09-08,2025-09-08,solved,feature_request,medium,in_app,emma.cole,1,5
3983,TCK-003983,364,375,2025-04-18,2025-04-18,solved,billing,medium,in_app,emma.cole,1,4
3984,TCK-003984,364,375,2026-01-27,2026-01-28,closed,how_to,medium,chat,marcus.holm,6,5
3985,TCK-003985,364,375,2026-07-13,2026-07-14,solved,how_to,low,chat,emma.cole,12,3
3986,TCK-003986,364,375,2025-03-09,2025-03-09,closed,bug,low,chat,emma.cole,1,
3987,TCK-003987,364,375,2025-07-13,2025-07-13,closed,how_to,medium,in_app,jonas.becker,1,
3988,TCK-003988,364,375,2025-09-13,2025-09-13,solved,onboarding,low,email,ava.nguyen,1,
3989,TCK-003989,364,375,2026-05-18,2026-05-18,solved,billing,high,in_app,priya.shah,1,5
3990,TCK-003990,364,375,2026-07-21,2026-07-21,solved,bug,urgent,email,priya.shah,3,4
3991,TCK-003991,364,375,2025-12-14,2025-12-14,closed,bug,medium,chat,jonas.becker,1,3
3992,TCK-003992,364,375,2025-06-18,2025-06-19,solved,bug,low,in_app,ava.nguyen,5,
3993,TCK-003993,364,375,2026-07-25,2026-07-25,closed,how_to,urgent,email,marcus.holm,2,3
3994,TCK-003994,364,375,2025-07-18,2025-07-18,solved,how_to,urgent,email,ava.nguyen,2,5
3995,TCK-003995,364,375,2026-08-02,2026-08-02,solved,how_to,medium,email,ava.nguyen,5,5
3996,TCK-003996,364,375,2026-04-23,2026-04-23,solved,feature_request,medium,in_app,ava.nguyen,3,4
3997,TCK-003997,364,375,2025-02-16,2025-02-17,closed,feature_request,low,email,emma.cole,7,5
3998,TCK-003998,364,375,2026-05-05,2026-05-05,closed,bug,medium,email,emma.cole,1,5
3999,TCK-003999,364,375,2025-08-14,2025-08-14,solved,bug,low,in_app,emma.cole,2,
4000,TCK-004000,364,375,2026-08-26,2026-08-26,solved,how_to,high,email,priya.shah,1,
4001,TCK-004001,364,375,2025-07-23,2025-07-23,solved,bug,high,in_app,marcus.holm,1,
4002,TCK-004002,364,375,2025-09-29,2025-09-29,closed,feature_request,medium,in_app,priya.shah,1,
4003,TCK-004003,364,375,2025-04-11,2025-04-11,closed,how_to,low,in_app,jonas.becker,1,
4004,TCK-004004,365,376,2026-05-22,2026-05-22,solved,bug,medium,chat,emma.cole,2,
4005,TCK-004005,365,376,2025-11-10,2025-11-10,solved,how_to,low,email,priya.shah,1,
4006,TCK-004006,365,376,2026-01-14,2026-01-14,solved,how_to,low,email,marcus.holm,1,4
4007,TCK-004007,365,376,2025-12-24,2025-12-24,closed,billing,low,in_app,ava.nguyen,5,
4008,TCK-004008,365,376,2025-10-13,2025-10-13,solved,onboarding,low,chat,emma.cole,4,
4009,TCK-004009,365,376,2026-08-16,2026-08-16,solved,bug,urgent,in_app,ava.nguyen,1,4
4010,TCK-004010,366,377,2025-09-17,2025-09-17,solved,how_to,high,in_app,marcus.holm,2,5
4011,TCK-004011,366,377,2026-05-27,2026-05-27,closed,bug,medium,email,marcus.holm,6,
4012,TCK-004012,366,377,2025-02-01,2025-02-02,solved,feature_request,low,email,emma.cole,4,
4013,TCK-004013,366,377,2025-01-10,2025-01-11,closed,feature_request,low,in_app,ava.nguyen,4,3
4014,TCK-004014,366,377,2024-10-08,2024-10-08,solved,outage,urgent,chat,priya.shah,4,5
4015,TCK-004015,366,377,2025-05-26,2025-05-26,solved,billing,medium,email,jonas.becker,1,
4016,TCK-004016,366,377,2026-03-18,2026-03-18,solved,bug,low,email,jonas.becker,5,5
4017,TCK-004017,366,377,2025-10-16,2025-10-16,solved,onboarding,medium,email,priya.shah,1,5
4018,TCK-004018,366,377,2025-03-01,2025-03-01,closed,feature_request,urgent,phone,ava.nguyen,1,
4019,TCK-004019,366,377,2025-01-15,2025-01-15,solved,bug,medium,email,marcus.holm,2,
4020,TCK-004020,366,377,2026-02-15,2026-02-15,solved,billing,high,email,marcus.holm,1,
4021,TCK-004021,366,377,2025-11-29,2025-11-29,solved,how_to,high,email,emma.cole,1,4
4022,TCK-004022,366,377,2025-01-23,,open,onboarding,high,email,marcus.holm,8,
4023,TCK-004023,366,377,2026-05-23,2026-05-23,solved,outage,high,email,jonas.becker,1,
4024,TCK-004024,366,377,2025-04-27,2025-04-27,solved,feature_request,medium,email,ava.nguyen,4,5
4025,TCK-004025,366,377,2024-09-20,2024-09-20,closed,feature_request,medium,email,ava.nguyen,2,4
4026,TCK-004026,366,377,2026-06-09,2026-06-09,closed,how_to,medium,email,emma.cole,1,4
4027,TCK-004027,366,377,2025-01-31,2025-01-31,solved,how_to,high,email,jonas.becker,1,
4028,TCK-004028,366,377,2025-12-08,2025-12-08,solved,how_to,low,email,marcus.holm,1,
4029,TCK-004029,366,377,2024-11-18,2024-11-18,solved,how_to,medium,email,ava.nguyen,1,
4030,TCK-004030,366,377,2024-09-27,2024-09-27,solved,outage,urgent,email,emma.cole,1,3
4031,TCK-004031,366,377,2024-12-28,2024-12-28,closed,how_to,low,email,emma.cole,1,
4032,TCK-004032,366,377,2024-10-28,2024-10-28,solved,how_to,high,email,priya.shah,1,5
4033,TCK-004033,367,378,2023-08-11,,open,onboarding,medium,email,jonas.becker,4,
4034,TCK-004034,367,378,2023-09-17,2023-09-17,solved,onboarding,low,email,marcus.holm,2,4
4035,TCK-004035,368,379,2024-09-29,2024-09-29,closed,outage,high,in_app,jonas.becker,1,
4036,TCK-004036,368,379,2025-03-27,2025-03-28,solved,feature_request,medium,email,priya.shah,2,
4037,TCK-004037,368,379,2026-06-29,,open,bug,high,in_app,priya.shah,2,
4038,TCK-004038,368,379,2026-06-26,2026-06-26,closed,how_to,low,in_app,emma.cole,6,4
4039,TCK-004039,368,379,2024-04-21,,open,how_to,high,in_app,marcus.holm,24,
4040,TCK-004040,368,379,2024-07-18,2024-07-18,solved,how_to,low,chat,jonas.becker,1,
4041,TCK-004041,368,379,2025-09-18,2025-09-18,solved,onboarding,medium,email,priya.shah,1,
4042,TCK-004042,368,379,2024-10-04,2024-10-04,solved,feature_request,low,in_app,emma.cole,1,4
4043,TCK-004043,368,379,2024-03-20,2024-03-24,solved,how_to,low,in_app,priya.shah,16,
4044,TCK-004044,369,380,2023-06-29,2023-06-29,closed,feature_request,high,email,priya.shah,1,
4045,TCK-004045,369,381,2025-06-04,,open,billing,low,in_app,emma.cole,2,
4046,TCK-004046,369,381,2026-02-08,2026-02-08,closed,how_to,high,chat,emma.cole,2,4
4047,TCK-004047,369,381,2025-11-25,2025-11-27,solved,how_to,medium,email,ava.nguyen,13,3
4048,TCK-004048,369,381,2025-05-16,2025-05-16,solved,feature_request,medium,email,ava.nguyen,1,5
4049,TCK-004049,369,381,2025-03-18,2025-03-18,solved,how_to,low,in_app,jonas.becker,1,
4050,TCK-004050,369,381,2024-11-07,2024-11-07,solved,billing,medium,email,emma.cole,1,2
4051,TCK-004051,369,381,2025-12-15,2025-12-15,solved,billing,high,email,marcus.holm,1,5
4052,TCK-004052,369,380,2023-06-29,2023-06-29,solved,how_to,medium,email,ava.nguyen,1,4
4053,TCK-004053,369,381,2025-03-12,2025-03-12,solved,billing,medium,email,emma.cole,1,
4054,TCK-004054,369,,2023-10-12,2023-10-12,solved,how_to,high,in_app,jonas.becker,1,
4055,TCK-004055,369,381,2024-09-06,2024-09-06,solved,how_to,medium,in_app,marcus.holm,1,
4056,TCK-004056,369,381,2025-01-07,,open,feature_request,medium,email,priya.shah,8,
4057,TCK-004057,369,381,2026-05-25,2026-05-25,solved,feature_request,high,email,jonas.becker,1,
4058,TCK-004058,369,380,2023-08-05,2023-08-05,solved,feature_request,urgent,in_app,ava.nguyen,1,
4059,TCK-004059,369,381,2025-03-31,2025-03-31,solved,onboarding,medium,in_app,ava.nguyen,5,
4060,TCK-004060,369,381,2024-09-10,2024-09-12,closed,onboarding,medium,in_app,ava.nguyen,8,4
4061,TCK-004061,369,,2023-10-04,2023-10-04,solved,bug,high,email,ava.nguyen,1,
4062,TCK-004062,370,382,2025-05-09,,open,bug,medium,email,emma.cole,24,
4063,TCK-004063,370,382,2025-05-11,2025-05-11,solved,billing,low,in_app,emma.cole,1,
4064,TCK-004064,370,382,2025-05-25,,open,onboarding,low,email,emma.cole,8,
4065,TCK-004065,370,382,2025-05-01,2025-05-01,solved,how_to,medium,email,ava.nguyen,3,
4066,TCK-004066,371,383,2025-07-04,2025-07-04,solved,bug,urgent,in_app,emma.cole,1,
4067,TCK-004067,371,383,2025-04-21,2025-04-21,solved,bug,low,in_app,emma.cole,1,5
4068,TCK-004068,371,383,2026-01-09,2026-01-09,solved,feature_request,medium,in_app,jonas.becker,1,2
4069,TCK-004069,371,383,2025-06-23,2025-06-23,solved,onboarding,low,email,ava.nguyen,1,3
4070,TCK-004070,371,383,2026-07-20,2026-07-20,solved,how_to,medium,email,marcus.holm,3,2
4071,TCK-004071,371,383,2026-07-13,2026-07-13,closed,how_to,medium,email,ava.nguyen,1,
4072,TCK-004072,371,383,2025-08-04,2025-08-04,solved,how_to,medium,email,jonas.becker,2,5
4073,TCK-004073,372,384,2026-08-16,,open,bug,low,email,priya.shah,8,
4074,TCK-004074,372,384,2026-08-23,2026-08-23,solved,billing,medium,email,jonas.becker,1,5
4075,TCK-004075,372,384,2026-08-13,2026-08-14,closed,how_to,high,email,jonas.becker,8,
4076,TCK-004076,373,385,2025-10-18,,open,outage,urgent,chat,ava.nguyen,4,
4077,TCK-004077,373,385,2025-08-04,2025-08-04,closed,billing,low,email,marcus.holm,1,5
4078,TCK-004078,374,386,2026-04-16,,open,how_to,high,in_app,ava.nguyen,24,
4079,TCK-004079,374,386,2026-03-23,2026-03-23,closed,billing,high,in_app,emma.cole,2,5
4080,TCK-004080,374,386,2026-08-28,2026-08-29,solved,bug,medium,email,emma.cole,2,
4081,TCK-004081,374,386,2026-04-18,2026-04-18,solved,billing,medium,email,marcus.holm,1,
4082,TCK-004082,374,386,2026-01-17,,open,how_to,medium,email,jonas.becker,8,
4083,TCK-004083,374,386,2026-03-11,2026-03-11,solved,billing,medium,email,emma.cole,3,5
4084,TCK-004084,374,386,2026-05-27,2026-05-27,solved,bug,low,email,priya.shah,1,
4085,TCK-004085,374,386,2026-02-25,2026-02-25,solved,bug,high,email,marcus.holm,1,1
4086,TCK-004086,374,386,2026-06-16,2026-06-16,solved,how_to,medium,email,marcus.holm,2,
4087,TCK-004087,374,386,2026-04-20,2026-04-21,solved,how_to,low,chat,priya.shah,10,4
4088,TCK-004088,374,386,2026-07-11,2026-07-12,solved,how_to,medium,email,priya.shah,11,
4089,TCK-004089,375,387,2025-06-27,2025-06-27,closed,how_to,medium,email,jonas.becker,2,
4090,TCK-004090,375,387,2024-12-18,2024-12-18,solved,feature_request,medium,email,priya.shah,1,
4091,TCK-004091,375,387,2025-08-08,2025-08-08,solved,feature_request,medium,chat,jonas.becker,1,
4092,TCK-004092,375,387,2025-02-28,2025-03-01,solved,feature_request,medium,chat,marcus.holm,7,4
4093,TCK-004093,375,387,2025-12-04,2025-12-04,solved,bug,low,email,marcus.holm,2,
4094,TCK-004094,375,387,2025-06-13,,open,how_to,low,in_app,priya.shah,2,
4095,TCK-004095,376,388,2025-02-12,2025-02-12,closed,feature_request,high,in_app,ava.nguyen,1,3
4096,TCK-004096,376,388,2025-10-11,2025-10-11,solved,bug,low,email,priya.shah,2,5
4097,TCK-004097,376,388,2025-07-14,2025-07-14,solved,onboarding,medium,in_app,jonas.becker,3,
4098,TCK-004098,376,388,2025-10-03,2025-10-03,closed,how_to,low,email,ava.nguyen,1,
4099,TCK-004099,376,388,2025-06-13,2025-06-13,solved,billing,medium,in_app,marcus.holm,1,
4100,TCK-004100,376,388,2025-08-13,2025-08-13,solved,how_to,high,email,jonas.becker,1,
4101,TCK-004101,376,388,2025-07-27,2025-07-28,closed,how_to,low,in_app,emma.cole,6,5
4102,TCK-004102,376,388,2025-04-26,2025-04-26,solved,how_to,medium,chat,priya.shah,1,5
4103,TCK-004103,376,388,2025-07-24,2025-07-24,solved,billing,low,email,priya.shah,1,
4104,TCK-004104,376,388,2025-09-25,2025-09-25,solved,bug,urgent,chat,priya.shah,1,5
4105,TCK-004105,376,388,2025-03-06,2025-03-06,solved,onboarding,medium,email,ava.nguyen,3,3
4106,TCK-004106,377,389,2025-12-12,2025-12-12,closed,feature_request,medium,email,emma.cole,1,5
4107,TCK-004107,377,389,2026-03-24,2026-03-24,solved,billing,low,phone,priya.shah,1,1
4108,TCK-004108,377,389,2024-10-31,2024-10-31,solved,how_to,medium,email,marcus.holm,1,3
4109,TCK-004109,377,389,2025-05-05,2025-05-05,solved,billing,high,email,jonas.becker,2,
4110,TCK-004110,377,389,2024-10-30,2024-10-30,closed,bug,low,in_app,marcus.holm,4,
4111,TCK-004111,377,389,2024-03-29,2024-03-29,solved,bug,low,email,ava.nguyen,5,
4112,TCK-004112,377,389,2024-10-26,2024-10-29,solved,billing,low,phone,emma.cole,25,
4113,TCK-004113,377,389,2023-11-26,2023-11-26,solved,how_to,medium,email,priya.shah,1,
4114,TCK-004114,377,389,2025-12-13,2025-12-13,solved,how_to,medium,email,marcus.holm,1,5
4115,TCK-004115,377,389,2023-04-27,2023-04-29,solved,onboarding,low,email,ava.nguyen,5,4
4116,TCK-004116,377,389,2024-11-01,2024-11-01,solved,bug,high,phone,jonas.becker,2,1
4117,TCK-004117,377,389,2026-08-11,2026-08-13,solved,bug,medium,email,ava.nguyen,16,5
4118,TCK-004118,377,389,2023-11-25,2023-11-25,solved,how_to,high,email,ava.nguyen,1,5
4119,TCK-004119,377,389,2024-02-15,2024-02-15,closed,feature_request,high,in_app,emma.cole,2,1
4120,TCK-004120,377,389,2025-03-24,2025-03-24,solved,how_to,urgent,email,marcus.holm,1,
4121,TCK-004121,377,389,2023-05-19,2023-05-19,solved,onboarding,low,chat,priya.shah,3,
4122,TCK-004122,377,389,2026-06-27,2026-06-27,solved,feature_request,high,phone,emma.cole,1,
4123,TCK-004123,377,389,2023-08-30,2023-08-31,solved,how_to,low,email,priya.shah,1,3
4124,TCK-004124,377,389,2023-10-11,2023-10-11,solved,bug,medium,email,emma.cole,1,3
4125,TCK-004125,377,389,2026-01-28,2026-01-28,solved,how_to,high,email,marcus.holm,1,
4126,TCK-004126,377,389,2022-11-01,2022-11-01,closed,bug,low,email,priya.shah,2,
4127,TCK-004127,377,389,2026-08-19,2026-08-19,closed,billing,low,chat,emma.cole,1,3
4128,TCK-004128,377,389,2022-12-31,2022-12-31,solved,how_to,low,in_app,emma.cole,1,5
4129,TCK-004129,377,389,2023-10-30,2023-10-30,solved,onboarding,medium,email,marcus.holm,1,2
4130,TCK-004130,377,389,2023-03-02,2023-03-04,closed,bug,low,in_app,priya.shah,15,
4131,TCK-004131,377,389,2025-10-12,2025-10-13,solved,billing,low,email,jonas.becker,7,
4132,TCK-004132,377,389,2022-11-09,2022-11-09,solved,bug,high,in_app,marcus.holm,1,4
4133,TCK-004133,377,389,2025-01-16,2025-01-18,solved,how_to,medium,in_app,ava.nguyen,11,5
4134,TCK-004134,377,389,2023-07-23,2023-07-23,solved,how_to,medium,chat,priya.shah,1,3
4135,TCK-004135,377,389,2023-05-08,2023-05-08,solved,how_to,medium,chat,ava.nguyen,1,
4136,TCK-004136,377,389,2024-02-22,2024-02-22,solved,billing,low,chat,priya.shah,1,3
4137,TCK-004137,377,389,2023-06-26,2023-06-28,solved,billing,low,chat,ava.nguyen,6,3
4138,TCK-004138,377,389,2023-07-22,2023-07-22,closed,billing,low,in_app,priya.shah,1,5
4139,TCK-004139,377,389,2025-11-25,2025-11-25,solved,feature_request,medium,phone,priya.shah,2,
4140,TCK-004140,377,389,2023-11-08,2023-11-08,solved,bug,medium,in_app,marcus.holm,1,
4141,TCK-004141,377,389,2024-04-05,2024-04-05,solved,outage,urgent,email,emma.cole,1,
4142,TCK-004142,377,389,2025-04-22,2025-04-22,solved,how_to,low,email,jonas.becker,5,
4143,TCK-004143,377,389,2023-12-12,2023-12-12,solved,bug,high,email,jonas.becker,1,1
4144,TCK-004144,377,389,2026-06-13,2026-06-14,solved,how_to,medium,chat,priya.shah,7,
4145,TCK-004145,377,389,2024-11-29,2024-11-29,solved,billing,low,in_app,priya.shah,1,
4146,TCK-004146,377,389,2024-04-02,2024-04-02,solved,how_to,low,chat,priya.shah,1,
4147,TCK-004147,377,389,2024-02-22,2024-02-22,solved,how_to,low,email,priya.shah,2,
4148,TCK-004148,377,389,2026-01-20,2026-01-20,solved,feature_request,medium,email,marcus.holm,1,
4149,TCK-004149,377,389,2025-08-11,2025-08-11,solved,onboarding,medium,email,jonas.becker,1,
4150,TCK-004150,377,389,2023-05-30,2023-05-30,solved,bug,medium,in_app,ava.nguyen,1,
4151,TCK-004151,377,389,2023-05-10,2023-05-10,solved,how_to,medium,in_app,priya.shah,2,2
4152,TCK-004152,377,389,2025-07-11,2025-07-11,solved,bug,medium,in_app,priya.shah,2,
4153,TCK-004153,377,389,2022-11-14,2022-11-14,solved,how_to,low,chat,jonas.becker,1,
4154,TCK-004154,377,389,2025-08-30,2025-08-31,solved,onboarding,medium,email,emma.cole,4,
4155,TCK-004155,377,389,2024-07-25,2024-07-25,solved,feature_request,low,email,ava.nguyen,1,
4156,TCK-004156,377,389,2023-12-20,2023-12-20,solved,bug,medium,phone,priya.shah,2,
4157,TCK-004157,377,389,2024-09-13,2024-09-13,solved,feature_request,medium,email,jonas.becker,1,2
4158,TCK-004158,377,389,2022-11-01,2022-11-01,solved,how_to,high,in_app,emma.cole,1,
4159,TCK-004159,377,389,2026-06-03,2026-06-03,closed,how_to,medium,email,ava.nguyen,2,2
4160,TCK-004160,377,389,2023-10-09,2023-10-09,solved,bug,medium,in_app,ava.nguyen,2,
4161,TCK-004161,377,389,2024-08-14,2024-08-14,solved,how_to,medium,in_app,jonas.becker,2,
4162,TCK-004162,377,389,2025-05-13,2025-05-13,solved,how_to,low,chat,ava.nguyen,2,
4163,TCK-004163,377,389,2025-08-03,2025-08-03,closed,feature_request,medium,in_app,jonas.becker,1,
4164,TCK-004164,377,389,2026-04-17,2026-04-17,solved,feature_request,medium,chat,priya.shah,2,
4165,TCK-004165,377,389,2025-05-07,2025-05-07,closed,outage,high,in_app,ava.nguyen,1,2
4166,TCK-004166,377,389,2023-08-24,2023-08-25,solved,bug,low,email,emma.cole,5,1
4167,TCK-004167,377,389,2025-11-03,2025-11-03,solved,onboarding,low,in_app,jonas.becker,4,
4168,TCK-004168,377,389,2024-08-18,,open,how_to,low,email,marcus.holm,4,
4169,TCK-004169,377,389,2026-06-22,2026-06-23,closed,bug,low,in_app,emma.cole,5,5
4170,TCK-004170,377,389,2023-04-12,2023-04-12,solved,onboarding,medium,email,ava.nguyen,1,
4171,TCK-004171,377,389,2026-05-16,2026-05-16,solved,onboarding,medium,in_app,jonas.becker,1,
4172,TCK-004172,377,389,2022-12-15,2022-12-15,solved,feature_request,high,chat,priya.shah,1,
4173,TCK-004173,377,389,2024-03-17,2024-03-17,solved,billing,medium,in_app,jonas.becker,3,5
4174,TCK-004174,377,389,2025-07-27,2025-07-27,solved,onboarding,low,email,ava.nguyen,2,5
4175,TCK-004175,377,389,2022-10-20,,open,how_to,medium,in_app,marcus.holm,2,
4176,TCK-004176,377,389,2024-10-09,2024-10-09,solved,how_to,medium,email,priya.shah,2,
4177,TCK-004177,377,389,2025-07-20,2025-07-20,solved,bug,low,chat,marcus.holm,5,
4178,TCK-004178,377,389,2025-09-03,2025-09-04,solved,how_to,urgent,email,priya.shah,6,2
4179,TCK-004179,377,389,2026-04-09,2026-04-09,solved,how_to,medium,email,priya.shah,6,
4180,TCK-004180,377,389,2026-04-17,2026-04-17,solved,how_to,medium,email,marcus.holm,1,
4181,TCK-004181,377,389,2026-08-24,2026-08-24,solved,how_to,high,email,priya.shah,1,2
4182,TCK-004182,377,389,2024-05-14,2024-05-14,solved,feature_request,medium,chat,priya.shah,1,
4183,TCK-004183,377,389,2026-04-18,2026-04-18,closed,how_to,medium,email,ava.nguyen,3,5
4184,TCK-004184,377,389,2024-11-02,2024-11-02,closed,bug,low,email,priya.shah,2,5
4185,TCK-004185,377,389,2026-08-21,2026-08-21,solved,bug,low,phone,marcus.holm,3,
4186,TCK-004186,379,391,2026-04-08,2026-04-08,solved,billing,low,email,priya.shah,4,5
4187,TCK-004187,379,391,2024-11-28,2024-11-28,closed,feature_request,high,email,jonas.becker,1,
4188,TCK-004188,379,391,2024-07-04,2024-07-04,solved,feature_request,medium,email,marcus.holm,1,
4189,TCK-004189,379,391,2025-04-27,2025-04-27,solved,bug,urgent,email,jonas.becker,1,
4190,TCK-004190,379,391,2025-08-17,2025-08-17,closed,onboarding,medium,email,priya.shah,4,4
4191,TCK-004191,379,391,2025-06-27,2025-06-29,solved,onboarding,low,email,priya.shah,14,
4192,TCK-004192,379,391,2024-07-21,2024-07-21,solved,onboarding,medium,email,jonas.becker,1,
4193,TCK-004193,379,391,2026-07-01,2026-07-01,solved,how_to,low,email,ava.nguyen,2,2
4194,TCK-004194,379,391,2024-12-10,2024-12-10,solved,how_to,medium,in_app,marcus.holm,2,4
4195,TCK-004195,379,391,2024-07-23,,open,onboarding,low,email,marcus.holm,,
4196,TCK-004196,379,391,2025-10-16,2025-10-16,solved,feature_request,urgent,email,jonas.becker,1,
4197,TCK-004197,379,391,2026-03-31,2026-03-31,solved,how_to,high,in_app,priya.shah,1,
4198,TCK-004198,379,391,2025-09-02,2025-09-02,closed,billing,low,in_app,priya.shah,1,5
4199,TCK-004199,379,391,2025-02-24,2025-02-24,closed,bug,low,email,ava.nguyen,2,2
4200,TCK-004200,379,391,2026-01-07,2026-01-07,solved,how_to,medium,email,jonas.becker,6,
4201,TCK-004201,379,391,2025-08-17,2025-08-17,closed,onboarding,medium,email,emma.cole,1,1
4202,TCK-004202,379,391,2024-06-22,2024-06-22,solved,feature_request,medium,in_app,priya.shah,1,5
4203,TCK-004203,379,391,2025-02-07,2025-02-07,closed,bug,high,email,priya.shah,1,5
4204,TCK-004204,379,391,2025-03-09,2025-03-09,solved,bug,high,in_app,ava.nguyen,1,
4205,TCK-004205,379,391,2026-01-07,2026-01-08,solved,bug,medium,phone,ava.nguyen,8,
4206,TCK-004206,379,391,2024-11-06,2024-11-06,solved,billing,high,in_app,marcus.holm,7,
4207,TCK-004207,379,391,2026-01-04,2026-01-04,solved,bug,low,email,jonas.becker,1,
4208,TCK-004208,379,391,2025-08-09,2025-08-09,solved,how_to,medium,email,marcus.holm,1,4
4209,TCK-004209,379,391,2026-01-24,2026-01-24,solved,feature_request,medium,email,jonas.becker,1,
4210,TCK-004210,379,391,2024-11-13,2024-11-13,closed,onboarding,urgent,in_app,marcus.holm,1,
4211,TCK-004211,379,391,2025-09-21,2025-09-21,solved,how_to,medium,in_app,emma.cole,1,1
4212,TCK-004212,379,391,2024-07-16,2024-07-16,solved,feature_request,high,in_app,jonas.becker,1,1
4213,TCK-004213,379,391,2025-09-02,2025-09-02,solved,how_to,high,email,emma.cole,1,
4214,TCK-004214,379,391,2026-05-24,2026-05-24,closed,feature_request,high,email,ava.nguyen,1,4
4215,TCK-004215,379,391,2025-08-18,2025-08-18,solved,onboarding,medium,phone,priya.shah,1,
4216,TCK-004216,379,391,2025-01-28,2025-01-28,solved,how_to,low,chat,ava.nguyen,7,2
4217,TCK-004217,379,391,2025-05-29,2025-05-29,solved,how_to,high,chat,jonas.becker,1,
4218,TCK-004218,379,391,2026-06-27,2026-06-27,closed,bug,high,in_app,jonas.becker,1,
4219,TCK-004219,379,391,2026-06-16,2026-06-16,solved,how_to,low,email,ava.nguyen,5,
4220,TCK-004220,379,391,2024-11-09,2024-11-09,closed,how_to,high,email,priya.shah,1,
4221,TCK-004221,379,391,2026-01-28,2026-01-28,solved,feature_request,medium,in_app,emma.cole,1,5
4222,TCK-004222,380,392,2026-08-13,2026-08-13,solved,how_to,medium,email,priya.shah,2,
4223,TCK-004223,380,392,2026-08-08,2026-08-10,solved,bug,medium,phone,jonas.becker,16,4
4224,TCK-004224,381,393,2025-07-23,2025-07-24,solved,feature_request,medium,email,priya.shah,2,5
4225,TCK-004225,381,393,2025-07-15,2025-07-15,solved,how_to,high,in_app,emma.cole,1,
4226,TCK-004226,382,394,2025-12-01,2025-12-01,solved,bug,low,email,emma.cole,1,
4227,TCK-004227,382,394,2023-10-14,2023-10-14,solved,onboarding,urgent,email,emma.cole,1,
4228,TCK-004228,382,394,2026-01-25,2026-01-29,closed,bug,low,email,marcus.holm,22,
4229,TCK-004229,382,394,2024-10-24,2024-10-24,solved,bug,low,email,marcus.holm,1,
4230,TCK-004230,382,394,2025-01-02,2025-01-03,solved,how_to,medium,email,ava.nguyen,4,2
4231,TCK-004231,382,394,2024-05-11,2024-05-11,solved,bug,medium,chat,emma.cole,2,
4232,TCK-004232,382,394,2025-08-25,,open,how_to,high,email,unassigned,4,
4233,TCK-004233,382,394,2026-08-28,2026-08-28,closed,bug,high,email,ava.nguyen,1,2
4234,TCK-004234,382,394,2026-01-07,2026-01-07,solved,feature_request,low,chat,emma.cole,1,2
4235,TCK-004235,382,394,2023-02-17,,open,onboarding,medium,in_app,marcus.holm,,
4236,TCK-004236,382,394,2024-12-19,2024-12-19,solved,bug,low,chat,ava.nguyen,1,
4237,TCK-004237,382,394,2023-09-12,2023-09-12,closed,billing,high,in_app,marcus.holm,1,1
4238,TCK-004238,382,394,2026-04-28,2026-04-28,closed,billing,medium,in_app,emma.cole,1,5
4239,TCK-004239,382,394,2022-08-18,2022-08-18,solved,how_to,urgent,in_app,emma.cole,1,
4240,TCK-004240,382,394,2024-11-19,2024-11-19,solved,billing,medium,in_app,jonas.becker,3,
4241,TCK-004241,382,394,2024-03-10,2024-03-10,solved,billing,high,email,jonas.becker,1,
4242,TCK-004242,382,394,2025-05-08,,open,how_to,high,email,priya.shah,,
4243,TCK-004243,382,394,2026-05-28,2026-05-28,solved,bug,low,email,priya.shah,1,
4244,TCK-004244,382,394,2023-12-07,2023-12-08,solved,billing,medium,email,ava.nguyen,12,4
4245,TCK-004245,382,394,2023-08-16,2023-08-16,closed,how_to,low,email,jonas.becker,3,3
4246,TCK-004246,382,394,2024-11-09,2024-11-09,solved,billing,medium,chat,emma.cole,1,
4247,TCK-004247,382,394,2023-02-02,2023-02-02,solved,billing,medium,phone,priya.shah,3,
4248,TCK-004248,382,394,2022-11-18,2022-11-19,solved,how_to,low,email,marcus.holm,4,
4249,TCK-004249,382,394,2023-08-22,2023-08-22,closed,bug,medium,email,emma.cole,1,
4250,TCK-004250,382,394,2025-11-03,2025-11-03,closed,how_to,medium,email,ava.nguyen,3,
4251,TCK-004251,382,394,2024-10-24,2024-10-24,closed,feature_request,low,chat,marcus.holm,1,
4252,TCK-004252,382,394,2025-10-27,2025-10-27,closed,billing,medium,email,emma.cole,1,1
4253,TCK-004253,382,394,2023-07-31,2023-07-31,solved,onboarding,medium,email,ava.nguyen,1,
4254,TCK-004254,382,394,2023-06-06,2023-06-06,solved,outage,urgent,in_app,jonas.becker,1,
4255,TCK-004255,382,394,2026-02-26,2026-02-26,solved,feature_request,medium,chat,marcus.holm,2,3
4256,TCK-004256,382,394,2024-12-09,2024-12-10,solved,how_to,medium,in_app,priya.shah,6,
4257,TCK-004257,382,394,2025-02-21,2025-02-24,solved,how_to,low,email,ava.nguyen,8,
4258,TCK-004258,382,394,2025-04-09,2025-04-09,solved,how_to,medium,in_app,priya.shah,1,
4259,TCK-004259,382,394,2025-08-18,2025-08-18,solved,how_to,medium,phone,marcus.holm,1,4
4260,TCK-004260,382,394,2023-11-05,2023-11-05,closed,how_to,low,email,jonas.becker,1,4
4261,TCK-004261,382,394,2024-12-25,,open,how_to,medium,in_app,jonas.becker,,
4262,TCK-004262,382,394,2026-05-03,2026-05-03,solved,billing,medium,phone,priya.shah,3,
4263,TCK-004263,382,394,2026-06-17,2026-06-17,closed,feature_request,high,email,jonas.becker,1,
4264,TCK-004264,382,394,2024-02-29,2024-02-29,solved,onboarding,low,in_app,priya.shah,1,
4265,TCK-004265,382,394,2023-04-05,2023-04-05,closed,how_to,medium,email,priya.shah,1,
4266,TCK-004266,382,394,2024-01-29,2024-02-03,solved,how_to,medium,email,ava.nguyen,31,3
4267,TCK-004267,382,394,2025-01-31,2025-02-02,solved,onboarding,medium,in_app,jonas.becker,2,5
4268,TCK-004268,382,394,2024-08-17,2024-08-17,closed,bug,medium,email,marcus.holm,1,
4269,TCK-004269,382,394,2026-03-05,2026-03-06,closed,how_to,medium,chat,jonas.becker,4,
4270,TCK-004270,382,394,2024-09-16,2024-09-16,solved,outage,urgent,phone,ava.nguyen,1,
4271,TCK-004271,382,394,2025-09-07,2025-09-07,solved,how_to,medium,in_app,priya.shah,1,
4272,TCK-004272,382,394,2023-06-25,2023-06-25,solved,onboarding,medium,email,marcus.holm,1,
4273,TCK-004273,382,394,2025-05-21,2025-05-21,solved,bug,low,email,ava.nguyen,1,3
4274,TCK-004274,382,394,2023-10-18,2023-10-18,closed,bug,medium,email,emma.cole,1,3
4275,TCK-004275,382,394,2025-06-27,2025-06-27,closed,feature_request,low,in_app,ava.nguyen,2,3
4276,TCK-004276,382,394,2025-06-24,2025-06-24,closed,outage,urgent,in_app,marcus.holm,1,4
4277,TCK-004277,382,394,2025-08-14,2025-08-14,solved,how_to,low,in_app,jonas.becker,2,5
4278,TCK-004278,382,394,2026-04-10,2026-04-11,solved,billing,low,phone,priya.shah,5,
4279,TCK-004279,382,394,2024-11-29,2024-11-29,solved,how_to,low,email,ava.nguyen,1,
4280,TCK-004280,382,394,2026-05-09,2026-05-10,closed,billing,low,phone,priya.shah,10,4
4281,TCK-004281,382,394,2023-05-26,2023-05-26,solved,how_to,high,email,emma.cole,1,
4282,TCK-004282,382,394,2025-12-15,2025-12-15,solved,how_to,medium,in_app,priya.shah,1,
4283,TCK-004283,382,394,2023-11-17,2023-11-17,closed,onboarding,medium,email,marcus.holm,1,1
4284,TCK-004284,382,394,2026-06-14,2026-06-14,closed,bug,urgent,email,ava.nguyen,1,
4285,TCK-004285,382,394,2023-05-30,2023-05-30,solved,feature_request,medium,chat,jonas.becker,2,5
4286,TCK-004286,382,394,2025-02-11,2025-02-11,solved,how_to,high,email,emma.cole,1,
4287,TCK-004287,382,394,2025-09-02,2025-09-02,solved,billing,high,email,priya.shah,1,
4288,TCK-004288,382,394,2023-05-13,2023-05-13,solved,bug,high,in_app,priya.shah,1,
4289,TCK-004289,382,394,2022-10-02,,open,how_to,medium,email,unassigned,4,
4290,TCK-004290,382,394,2026-04-26,2026-04-26,solved,how_to,medium,in_app,jonas.becker,1,2
4291,TCK-004291,382,394,2026-04-15,2026-04-15,solved,billing,low,email,jonas.becker,1,3
4292,TCK-004292,382,394,2024-09-26,2024-09-26,solved,bug,medium,in_app,emma.cole,1,
4293,TCK-004293,382,394,2025-12-08,2025-12-08,solved,outage,high,email,jonas.becker,1,5
4294,TCK-004294,382,394,2026-07-03,2026-07-03,solved,feature_request,medium,email,ava.nguyen,1,2
4295,TCK-004295,382,394,2026-06-07,2026-06-07,solved,how_to,medium,email,ava.nguyen,1,5
4296,TCK-004296,382,394,2024-11-16,2024-11-16,solved,feature_request,medium,email,ava.nguyen,2,2
4297,TCK-004297,382,394,2024-12-21,2024-12-21,solved,bug,medium,phone,jonas.becker,1,3
4298,TCK-004298,382,394,2025-08-21,2025-08-21,solved,how_to,low,in_app,ava.nguyen,4,5
4299,TCK-004299,382,394,2022-08-13,2022-08-13,closed,onboarding,medium,chat,priya.shah,1,5
4300,TCK-004300,382,394,2023-10-23,2023-10-23,solved,onboarding,medium,in_app,ava.nguyen,4,
4301,TCK-004301,382,394,2024-11-27,2024-11-27,solved,how_to,high,in_app,priya.shah,1,
4302,TCK-004302,382,394,2022-08-30,2022-08-30,solved,how_to,medium,chat,priya.shah,3,
4303,TCK-004303,382,394,2024-05-04,2024-05-04,solved,bug,urgent,in_app,jonas.becker,1,
4304,TCK-004304,382,394,2025-09-05,2025-09-06,solved,billing,low,in_app,priya.shah,2,3
4305,TCK-004305,382,394,2024-10-13,2024-10-13,solved,how_to,medium,phone,priya.shah,6,4
4306,TCK-004306,382,394,2024-03-22,2024-03-23,closed,feature_request,medium,email,jonas.becker,4,
4307,TCK-004307,382,394,2024-07-12,2024-07-12,solved,billing,low,email,jonas.becker,4,
4308,TCK-004308,382,394,2025-05-14,2025-05-14,solved,how_to,high,email,ava.nguyen,1,5
4309,TCK-004309,382,394,2023-10-03,2023-10-04,solved,onboarding,low,email,ava.nguyen,2,
4310,TCK-004310,382,394,2026-04-15,2026-04-16,solved,onboarding,medium,email,jonas.becker,7,
4311,TCK-004311,382,394,2023-06-21,2023-06-21,solved,onboarding,medium,chat,priya.shah,1,
4312,TCK-004312,382,394,2024-07-26,2024-07-26,solved,billing,high,email,jonas.becker,1,
4313,TCK-004313,382,394,2023-04-18,2023-04-18,closed,onboarding,low,in_app,priya.shah,1,4
4314,TCK-004314,382,394,2024-06-17,2024-06-17,solved,how_to,medium,email,jonas.becker,1,
4315,TCK-004315,382,394,2024-07-05,2024-07-05,solved,how_to,medium,email,marcus.holm,3,5
4316,TCK-004316,382,394,2023-08-17,2023-08-17,solved,how_to,medium,phone,marcus.holm,1,
4317,TCK-004317,382,394,2023-10-20,2023-10-20,solved,bug,low,in_app,emma.cole,1,5
4318,TCK-004318,382,394,2025-01-19,2025-01-19,solved,bug,urgent,phone,emma.cole,1,
4319,TCK-004319,382,394,2024-10-20,2024-10-21,solved,how_to,medium,in_app,jonas.becker,3,
4320,TCK-004320,382,394,2025-06-15,2025-06-15,solved,billing,low,in_app,emma.cole,1,3
4321,TCK-004321,382,394,2023-05-05,2023-05-05,solved,bug,medium,chat,ava.nguyen,2,5
4322,TCK-004322,382,394,2024-06-25,2024-06-25,solved,how_to,medium,in_app,jonas.becker,1,
4323,TCK-004323,382,394,2023-11-01,2023-11-01,closed,how_to,medium,in_app,marcus.holm,3,
4324,TCK-004324,382,394,2026-03-24,2026-03-24,closed,outage,urgent,phone,priya.shah,1,
4325,TCK-004325,382,394,2025-03-16,2025-03-16,solved,onboarding,medium,in_app,priya.shah,1,
4326,TCK-004326,382,394,2024-02-03,2024-02-03,closed,onboarding,urgent,in_app,emma.cole,1,3
4327,TCK-004327,382,394,2025-08-09,2025-08-09,solved,how_to,medium,in_app,priya.shah,5,
4328,TCK-004328,382,394,2026-04-06,,open,bug,medium,email,marcus.holm,8,
4329,TCK-004329,382,394,2022-10-21,2022-10-21,solved,bug,low,chat,jonas.becker,3,
4330,TCK-004330,382,394,2022-11-16,2022-11-16,solved,billing,high,email,marcus.holm,1,
4331,TCK-004331,382,394,2025-08-15,2025-08-15,solved,outage,high,chat,marcus.holm,1,
4332,TCK-004332,382,394,2023-11-13,2023-11-13,solved,how_to,high,email,emma.cole,1,
4333,TCK-004333,382,394,2025-02-13,2025-02-13,solved,how_to,medium,in_app,jonas.becker,1,
4334,TCK-004334,382,394,2025-11-18,2025-11-18,solved,onboarding,low,in_app,marcus.holm,1,3
4335,TCK-004335,382,394,2025-01-01,2025-01-01,closed,billing,low,email,jonas.becker,2,2
4336,TCK-004336,382,394,2024-09-30,2024-09-30,closed,bug,high,in_app,emma.cole,1,
4337,TCK-004337,382,394,2023-05-06,2023-05-06,closed,billing,medium,in_app,ava.nguyen,4,
4338,TCK-004338,382,394,2024-03-27,2024-03-27,solved,how_to,medium,chat,emma.cole,1,
4339,TCK-004339,382,394,2025-04-17,2025-04-19,closed,how_to,medium,email,priya.shah,8,
4340,TCK-004340,382,394,2024-06-01,2024-06-01,solved,how_to,medium,chat,emma.cole,1,
4341,TCK-004341,382,394,2026-03-28,2026-03-28,solved,how_to,low,email,ava.nguyen,1,
4342,TCK-004342,382,394,2023-03-18,2023-03-18,solved,how_to,high,in_app,ava.nguyen,1,
4343,TCK-004343,382,394,2025-11-07,,open,how_to,medium,email,marcus.holm,,
4344,TCK-004344,382,394,2024-06-25,2024-06-25,closed,how_to,low,email,jonas.becker,1,
4345,TCK-004345,382,394,2025-06-01,2025-06-03,solved,how_to,medium,email,ava.nguyen,17,
4346,TCK-004346,382,394,2025-03-10,2025-03-12,solved,onboarding,medium,email,marcus.holm,17,4
4347,TCK-004347,382,394,2023-01-13,2023-01-13,solved,outage,urgent,email,marcus.holm,1,4
4348,TCK-004348,382,394,2025-10-22,2025-10-22,closed,feature_request,low,in_app,jonas.becker,1,5
4349,TCK-004349,382,394,2023-06-06,2023-06-06,solved,bug,low,chat,emma.cole,1,
4350,TCK-004350,382,394,2022-08-23,2022-08-23,solved,bug,medium,in_app,jonas.becker,1,
4351,TCK-004351,382,394,2022-08-13,2022-08-14,solved,feature_request,medium,email,priya.shah,13,5
4352,TCK-004352,382,394,2024-10-01,2024-10-01,closed,how_to,medium,chat,emma.cole,1,
4353,TCK-004353,382,394,2024-02-25,2024-02-25,solved,onboarding,medium,email,emma.cole,1,4
4354,TCK-004354,382,394,2023-07-13,2023-07-13,solved,how_to,medium,email,ava.nguyen,2,
4355,TCK-004355,382,394,2025-11-09,2025-11-09,solved,how_to,medium,in_app,marcus.holm,3,2
4356,TCK-004356,382,394,2025-07-09,2025-07-09,solved,billing,low,email,jonas.becker,1,
4357,TCK-004357,382,394,2025-01-31,2025-01-31,solved,onboarding,medium,chat,priya.shah,5,
4358,TCK-004358,382,394,2026-07-17,2026-07-17,solved,outage,high,email,jonas.becker,1,
4359,TCK-004359,382,394,2022-11-07,2022-11-07,solved,bug,medium,email,jonas.becker,2,
4360,TCK-004360,382,394,2024-11-21,2024-11-21,solved,how_to,low,chat,marcus.holm,1,3
4361,TCK-004361,382,394,2024-11-15,2024-11-15,solved,feature_request,urgent,in_app,priya.shah,1,5
4362,TCK-004362,382,394,2024-12-13,2024-12-13,solved,how_to,high,in_app,priya.shah,1,
4363,TCK-004363,382,394,2025-04-11,2025-04-11,closed,billing,medium,email,priya.shah,4,5
4364,TCK-004364,382,394,2023-03-20,2023-03-20,solved,billing,high,in_app,jonas.becker,2,
4365,TCK-004365,382,394,2025-04-13,2025-04-13,solved,bug,medium,in_app,emma.cole,5,2
4366,TCK-004366,382,394,2026-01-29,2026-01-29,solved,feature_request,medium,email,marcus.holm,1,
4367,TCK-004367,382,394,2024-02-03,,open,how_to,low,chat,ava.nguyen,8,
4368,TCK-004368,382,394,2026-04-03,2026-04-03,solved,outage,urgent,email,emma.cole,1,
4369,TCK-004369,382,394,2025-07-09,2025-07-10,solved,billing,medium,email,emma.cole,9,2
4370,TCK-004370,382,394,2023-05-15,2023-05-16,solved,how_to,low,chat,priya.shah,3,3
4371,TCK-004371,382,394,2023-07-14,2023-07-14,solved,how_to,urgent,in_app,jonas.becker,1,
4372,TCK-004372,382,394,2024-10-27,2024-10-27,solved,how_to,medium,email,marcus.holm,1,
4373,TCK-004373,382,394,2024-01-02,2024-01-02,solved,billing,low,in_app,emma.cole,1,
4374,TCK-004374,382,394,2024-08-19,,open,bug,medium,email,emma.cole,8,
4375,TCK-004375,382,394,2023-11-16,2023-11-16,closed,how_to,low,email,jonas.becker,4,
4376,TCK-004376,382,394,2023-03-10,2023-03-11,solved,feature_request,low,email,emma.cole,13,5
4377,TCK-004377,382,394,2025-06-28,2025-06-28,solved,bug,high,email,ava.nguyen,1,
4378,TCK-004378,382,394,2026-05-31,2026-05-31,solved,billing,medium,email,marcus.holm,2,
4379,TCK-004379,382,394,2026-05-11,2026-05-11,solved,outage,high,in_app,priya.shah,1,
4380,TCK-004380,382,394,2025-06-18,2025-06-20,solved,how_to,medium,in_app,ava.nguyen,15,
4381,TCK-004381,382,394,2026-06-13,2026-06-13,closed,onboarding,high,email,priya.shah,1,
4382,TCK-004382,382,394,2025-01-26,2025-01-26,solved,billing,medium,in_app,jonas.becker,1,
4383,TCK-004383,382,394,2025-03-28,2025-03-28,solved,bug,urgent,email,priya.shah,1,
4384,TCK-004384,383,395,2026-04-18,2026-04-18,solved,bug,medium,email,jonas.becker,1,
4385,TCK-004385,383,395,2026-05-09,2026-05-09,solved,bug,low,chat,priya.shah,1,4
4386,TCK-004386,383,395,2026-07-08,2026-07-08,solved,bug,low,in_app,jonas.becker,1,
4387,TCK-004387,383,395,2026-08-01,2026-08-01,solved,onboarding,high,in_app,priya.shah,1,5
4388,TCK-004388,384,,2025-11-07,2025-11-07,solved,billing,medium,in_app,emma.cole,1,
4389,TCK-004389,384,396,2025-05-14,2025-05-17,solved,billing,medium,chat,priya.shah,11,4
4390,TCK-004390,384,397,2026-06-14,2026-06-14,solved,how_to,medium,chat,priya.shah,1,
4391,TCK-004391,384,397,2026-06-08,2026-06-09,solved,how_to,medium,email,marcus.holm,7,5
4392,TCK-004392,384,396,2025-03-31,2025-03-31,closed,how_to,medium,email,jonas.becker,1,
4393,TCK-004393,384,,2025-10-10,2025-10-10,solved,billing,high,phone,marcus.holm,2,5
4394,TCK-004394,384,397,2026-06-08,,open,how_to,high,email,marcus.holm,24,
4395,TCK-004395,384,397,2026-07-22,2026-07-23,solved,how_to,low,in_app,ava.nguyen,2,
4396,TCK-004396,384,397,2026-04-12,2026-04-12,solved,bug,medium,email,marcus.holm,2,2
4397,TCK-004397,384,,2025-11-13,2025-11-13,solved,bug,medium,email,marcus.holm,3,5
4398,TCK-004398,384,397,2026-03-01,2026-03-01,closed,billing,low,email,jonas.becker,2,
4399,TCK-004399,384,396,2025-04-23,2025-04-24,solved,how_to,low,chat,priya.shah,9,4
4400,TCK-004400,384,397,2025-12-16,2025-12-16,solved,bug,low,email,emma.cole,1,
4401,TCK-004401,385,398,2025-01-12,2025-01-12,solved,how_to,medium,phone,ava.nguyen,1,
4402,TCK-004402,385,398,2025-01-01,2025-01-01,solved,bug,medium,email,ava.nguyen,3,
4403,TCK-004403,385,398,2024-09-21,2024-09-21,solved,how_to,high,in_app,emma.cole,1,4
4404,TCK-004404,385,398,2024-12-06,2024-12-06,solved,feature_request,low,in_app,ava.nguyen,3,
4405,TCK-004405,385,398,2026-06-21,2026-06-21,solved,bug,urgent,email,jonas.becker,4,4
4406,TCK-004406,385,398,2026-03-31,2026-03-31,solved,how_to,medium,email,priya.shah,2,5
4407,TCK-004407,385,398,2026-06-07,2026-06-08,solved,feature_request,medium,in_app,marcus.holm,14,5
4408,TCK-004408,385,398,2025-12-20,2025-12-20,closed,how_to,low,in_app,priya.shah,3,5
4409,TCK-004409,385,398,2025-11-06,2025-11-06,solved,how_to,high,email,ava.nguyen,1,5
4410,TCK-004410,385,398,2024-11-14,2024-11-14,solved,bug,low,chat,emma.cole,1,3
4411,TCK-004411,386,399,2026-02-02,2026-02-02,closed,bug,high,email,priya.shah,1,4
4412,TCK-004412,386,399,2026-08-27,2026-08-27,closed,bug,medium,email,marcus.holm,1,
4413,TCK-004413,386,399,2026-03-03,2026-03-03,closed,how_to,medium,chat,jonas.becker,1,
4414,TCK-004414,386,399,2026-06-01,2026-06-01,solved,onboarding,urgent,email,emma.cole,1,
4415,TCK-004415,387,400,2026-01-04,2026-01-04,solved,bug,medium,email,marcus.holm,2,
4416,TCK-004416,387,400,2026-07-19,2026-07-19,solved,bug,medium,in_app,jonas.becker,3,
4417,TCK-004417,387,400,2026-05-28,,open,how_to,medium,chat,emma.cole,8,
4418,TCK-004418,387,400,2026-07-28,2026-07-28,solved,how_to,medium,in_app,ava.nguyen,2,
4419,TCK-004419,387,400,2026-04-14,2026-04-14,solved,onboarding,low,chat,marcus.holm,1,
4420,TCK-004420,387,400,2026-02-10,2026-02-10,solved,bug,high,email,ava.nguyen,2,
4421,TCK-004421,387,400,2026-01-28,2026-01-28,closed,how_to,high,email,priya.shah,1,5
4422,TCK-004422,387,400,2025-12-27,2025-12-27,solved,feature_request,low,email,jonas.becker,3,
4423,TCK-004423,387,400,2026-07-13,2026-07-13,solved,how_to,medium,email,jonas.becker,2,
4424,TCK-004424,387,400,2026-03-05,2026-03-05,solved,feature_request,high,phone,priya.shah,1,
4425,TCK-004425,388,401,2025-06-20,2025-06-20,solved,onboarding,medium,email,ava.nguyen,3,
4426,TCK-004426,388,401,2026-07-10,2026-07-10,closed,bug,medium,chat,jonas.becker,1,
4427,TCK-004427,388,401,2026-06-11,2026-06-11,solved,onboarding,high,in_app,marcus.holm,3,
4428,TCK-004428,388,401,2025-11-22,2025-11-23,closed,feature_request,low,in_app,ava.nguyen,8,
4429,TCK-004429,388,401,2025-10-12,2025-10-12,closed,onboarding,high,email,marcus.holm,1,
4430,TCK-004430,388,401,2026-08-02,2026-08-03,solved,billing,low,email,jonas.becker,6,
4431,TCK-004431,388,401,2026-02-22,2026-02-23,solved,how_to,medium,chat,emma.cole,7,
4432,TCK-004432,388,401,2025-07-27,2025-07-27,solved,how_to,medium,in_app,jonas.becker,1,
4433,TCK-004433,388,401,2025-07-20,,open,how_to,low,in_app,ava.nguyen,4,
4434,TCK-004434,388,401,2026-03-01,2026-03-02,solved,bug,medium,email,ava.nguyen,3,
4435,TCK-004435,389,402,2024-11-09,2024-11-09,closed,bug,medium,email,ava.nguyen,1,5
4436,TCK-004436,389,402,2024-06-06,2024-06-06,solved,billing,medium,chat,priya.shah,4,
4437,TCK-004437,389,402,2024-08-01,2024-08-01,closed,how_to,low,email,priya.shah,1,
4438,TCK-004438,389,402,2024-05-02,2024-05-02,solved,how_to,medium,email,priya.shah,6,5
4439,TCK-004439,389,402,2024-10-03,2024-10-03,solved,how_to,medium,phone,priya.shah,1,5
4440,TCK-004440,390,403,2026-04-20,2026-04-21,solved,bug,medium,in_app,ava.nguyen,3,3
4441,TCK-004441,390,403,2025-07-31,2025-07-31,closed,billing,high,chat,emma.cole,1,
4442,TCK-004442,390,403,2025-09-29,,open,feature_request,medium,in_app,jonas.becker,2,
4443,TCK-004443,390,403,2025-02-03,2025-02-03,solved,billing,low,chat,emma.cole,1,5
4444,TCK-004444,390,403,2025-08-13,,open,how_to,low,email,emma.cole,4,
4445,TCK-004445,390,403,2025-02-18,2025-02-18,solved,how_to,medium,email,jonas.becker,1,4
4446,TCK-004446,390,403,2025-03-19,2025-03-19,solved,onboarding,low,in_app,emma.cole,3,4
4447,TCK-004447,390,403,2026-01-02,2026-01-02,solved,feature_request,high,email,jonas.becker,1,
4448,TCK-004448,390,403,2026-07-12,2026-07-12,solved,feature_request,low,chat,marcus.holm,2,4
4449,TCK-004449,391,404,2026-08-23,2026-08-23,solved,how_to,low,in_app,jonas.becker,4,4
4450,TCK-004450,392,405,2026-04-28,2026-04-28,solved,how_to,high,chat,marcus.holm,1,
4451,TCK-004451,392,405,2026-05-19,2026-05-19,solved,how_to,medium,email,marcus.holm,4,
4452,TCK-004452,393,406,2025-03-03,2025-03-03,solved,how_to,low,phone,ava.nguyen,1,
4453,TCK-004453,393,406,2024-12-20,2024-12-20,closed,billing,low,email,marcus.holm,1,
4454,TCK-004454,393,406,2025-01-14,2025-01-14,solved,how_to,medium,in_app,emma.cole,1,3
4455,TCK-004455,394,407,2026-03-08,2026-03-08,solved,onboarding,high,in_app,emma.cole,1,
4456,TCK-004456,394,407,2025-08-09,2025-08-10,closed,bug,medium,email,ava.nguyen,5,
4457,TCK-004457,394,407,2024-08-15,,open,bug,low,email,priya.shah,4,
4458,TCK-004458,394,407,2026-01-25,2026-01-25,solved,how_to,urgent,email,jonas.becker,2,5
4459,TCK-004459,394,407,2025-03-08,,open,feature_request,high,email,ava.nguyen,4,
4460,TCK-004460,394,407,2025-07-07,2025-07-08,closed,how_to,medium,email,ava.nguyen,5,
4461,TCK-004461,394,407,2025-08-20,2025-08-20,solved,bug,medium,chat,emma.cole,1,5
4462,TCK-004462,394,407,2026-08-22,2026-08-22,solved,bug,low,email,emma.cole,1,
4463,TCK-004463,394,407,2024-09-24,2024-09-25,solved,how_to,low,email,jonas.becker,3,
4464,TCK-004464,394,407,2025-01-06,2025-01-06,solved,feature_request,low,in_app,ava.nguyen,3,4
4465,TCK-004465,394,407,2025-05-31,2025-05-31,solved,billing,high,in_app,emma.cole,3,5
4466,TCK-004466,394,407,2025-10-21,2025-10-21,solved,how_to,urgent,phone,emma.cole,1,
4467,TCK-004467,394,407,2024-08-21,2024-08-21,solved,how_to,high,in_app,jonas.becker,1,
4468,TCK-004468,394,407,2026-05-02,2026-05-02,solved,how_to,medium,email,emma.cole,1,4
4469,TCK-004469,394,407,2026-08-28,2026-08-28,solved,billing,low,in_app,priya.shah,4,
4470,TCK-004470,394,407,2025-08-02,2025-08-02,solved,feature_request,urgent,in_app,jonas.becker,1,
4471,TCK-004471,394,407,2025-06-26,2025-06-26,closed,how_to,medium,email,priya.shah,2,
4472,TCK-004472,394,407,2025-08-11,2025-08-11,solved,billing,medium,email,emma.cole,1,
4473,TCK-004473,394,407,2024-11-08,,open,feature_request,medium,in_app,unassigned,,
4474,TCK-004474,394,407,2026-05-07,2026-05-08,solved,how_to,medium,in_app,jonas.becker,3,5
4475,TCK-004475,395,408,2025-09-29,2025-09-29,solved,onboarding,low,chat,emma.cole,1,5
4476,TCK-004476,395,408,2026-02-17,2026-02-17,closed,billing,low,in_app,ava.nguyen,1,5
4477,TCK-004477,395,408,2026-01-24,2026-01-25,solved,billing,medium,email,marcus.holm,4,
4478,TCK-004478,395,408,2026-04-24,2026-04-24,solved,bug,high,in_app,ava.nguyen,1,
4479,TCK-004479,395,408,2025-12-24,2025-12-24,solved,onboarding,medium,phone,marcus.holm,1,
4480,TCK-004480,395,408,2025-09-10,2025-09-10,solved,feature_request,high,chat,jonas.becker,1,5
4481,TCK-004481,395,408,2026-03-16,2026-03-16,solved,how_to,medium,phone,emma.cole,1,5
4482,TCK-004482,395,408,2026-03-08,2026-03-08,solved,how_to,high,phone,emma.cole,1,
4483,TCK-004483,395,408,2025-11-19,2025-11-19,solved,feature_request,low,email,emma.cole,2,4
4484,TCK-004484,395,408,2026-07-10,2026-07-10,solved,bug,medium,email,emma.cole,1,
4485,TCK-004485,395,408,2026-03-29,,open,how_to,medium,chat,unassigned,2,
4486,TCK-004486,396,409,2025-10-15,2025-10-17,solved,how_to,low,chat,emma.cole,20,
4487,TCK-004487,396,409,2026-06-27,2026-06-27,solved,how_to,medium,in_app,ava.nguyen,1,5
4488,TCK-004488,396,409,2025-08-16,2025-08-16,solved,how_to,medium,email,priya.shah,1,4
4489,TCK-004489,396,409,2025-03-24,2025-03-24,solved,onboarding,medium,phone,jonas.becker,2,5
4490,TCK-004490,396,409,2025-02-05,2025-02-05,solved,how_to,medium,in_app,jonas.becker,1,
4491,TCK-004491,397,410,2023-12-14,2023-12-14,solved,feature_request,high,email,jonas.becker,1,
4492,TCK-004492,398,411,2024-10-19,2024-10-19,solved,billing,high,in_app,emma.cole,1,5
4493,TCK-004493,398,411,2025-09-30,2025-09-30,solved,feature_request,medium,in_app,marcus.holm,1,
4494,TCK-004494,398,411,2026-06-29,2026-06-29,closed,how_to,urgent,email,emma.cole,1,5
4495,TCK-004495,398,411,2025-02-21,2025-02-21,closed,bug,low,chat,ava.nguyen,1,
4496,TCK-004496,398,411,2025-02-12,2025-02-12,solved,how_to,urgent,email,emma.cole,1,
4497,TCK-004497,398,411,2024-10-01,2024-10-01,solved,bug,high,email,marcus.holm,1,4
4498,TCK-004498,398,411,2024-09-12,2024-09-12,solved,how_to,medium,in_app,marcus.holm,1,
4499,TCK-004499,398,411,2026-02-21,2026-02-21,closed,bug,medium,in_app,marcus.holm,3,5
4500,TCK-004500,398,411,2025-05-30,2025-05-31,solved,outage,high,email,marcus.holm,3,5
4501,TCK-004501,398,411,2026-06-19,2026-06-19,closed,billing,medium,email,jonas.becker,1,
4502,TCK-004502,398,411,2026-07-05,2026-07-05,solved,how_to,low,in_app,priya.shah,1,5
4503,TCK-004503,398,411,2026-08-22,2026-08-22,solved,feature_request,low,in_app,ava.nguyen,3,5
4504,TCK-004504,398,411,2024-08-31,2024-08-31,solved,bug,medium,email,emma.cole,1,
4505,TCK-004505,399,412,2026-02-09,2026-02-09,closed,bug,low,email,emma.cole,1,
4506,TCK-004506,399,412,2025-10-05,2025-10-05,solved,billing,low,email,ava.nguyen,1,5
4507,TCK-004507,400,413,2026-06-20,2026-06-20,closed,bug,medium,email,ava.nguyen,3,
4508,TCK-004508,400,413,2026-07-03,2026-07-03,closed,billing,low,email,ava.nguyen,4,
4509,TCK-004509,400,413,2026-08-27,2026-08-27,solved,how_to,low,in_app,ava.nguyen,3,5
4510,TCK-004510,400,413,2026-07-20,2026-07-21,closed,billing,low,email,marcus.holm,1,4
4511,TCK-004511,400,413,2026-06-30,2026-06-30,solved,how_to,low,email,jonas.becker,1,
4512,TCK-004512,401,414,2026-06-11,2026-06-11,solved,how_to,low,email,jonas.becker,1,
4513,TCK-004513,401,414,2025-03-18,2025-03-18,closed,how_to,medium,chat,jonas.becker,1,
4514,TCK-004514,401,414,2025-12-14,2025-12-14,solved,feature_request,low,email,marcus.holm,1,
4515,TCK-004515,401,414,2025-04-04,2025-04-04,solved,onboarding,high,email,ava.nguyen,1,4
4516,TCK-004516,401,414,2026-07-12,,open,feature_request,low,chat,marcus.holm,,
4517,TCK-004517,401,414,2024-09-10,2024-09-10,solved,how_to,high,in_app,marcus.holm,1,5
4518,TCK-004518,402,415,2026-05-14,2026-05-14,solved,bug,low,chat,ava.nguyen,1,3
4519,TCK-004519,403,416,2026-06-11,2026-06-11,solved,how_to,medium,email,marcus.holm,1,5
4520,TCK-004520,403,416,2026-08-29,2026-08-29,solved,billing,low,in_app,marcus.holm,1,2
4521,TCK-004521,403,416,2026-05-11,2026-05-11,solved,feature_request,medium,email,marcus.holm,1,
4522,TCK-004522,403,416,2026-06-26,2026-06-26,closed,bug,low,chat,priya.shah,1,
4523,TCK-004523,403,416,2026-05-26,2026-05-26,closed,how_to,medium,email,marcus.holm,1,
4524,TCK-004524,403,416,2026-04-06,,open,bug,low,email,marcus.holm,,
4525,TCK-004525,403,416,2026-07-06,2026-07-06,solved,how_to,high,phone,jonas.becker,1,4
4526,TCK-004526,404,417,2025-09-22,2025-09-22,solved,bug,medium,email,jonas.becker,2,
4527,TCK-004527,404,417,2026-01-19,2026-01-19,solved,feature_request,urgent,email,priya.shah,1,5
4528,TCK-004528,404,417,2025-10-17,2025-10-17,solved,how_to,medium,in_app,marcus.holm,1,
4529,TCK-004529,405,418,2024-03-01,2024-03-01,solved,bug,low,chat,jonas.becker,2,
4530,TCK-004530,405,418,2024-04-08,2024-04-08,solved,feature_request,medium,chat,jonas.becker,1,
4531,TCK-004531,405,418,2024-10-05,2024-10-05,solved,billing,low,in_app,marcus.holm,1,3
4532,TCK-004532,405,418,2024-03-14,2024-03-14,solved,how_to,high,in_app,priya.shah,3,5
4533,TCK-004533,406,419,2024-03-19,2024-03-19,solved,billing,low,email,jonas.becker,1,
4534,TCK-004534,406,419,2025-11-17,2025-11-17,solved,how_to,low,in_app,marcus.holm,6,
4535,TCK-004535,406,419,2024-07-03,2024-07-03,closed,onboarding,medium,in_app,jonas.becker,1,
4536,TCK-004536,406,419,2025-10-15,2025-10-15,solved,bug,medium,phone,ava.nguyen,1,
4537,TCK-004537,406,419,2024-03-29,2024-03-29,solved,how_to,medium,in_app,marcus.holm,3,
4538,TCK-004538,406,419,2024-03-14,2024-03-15,closed,how_to,medium,in_app,marcus.holm,3,
4539,TCK-004539,406,419,2025-05-18,2025-05-18,solved,how_to,high,email,marcus.holm,4,
4540,TCK-004540,406,419,2025-05-22,2025-05-22,solved,onboarding,medium,email,jonas.becker,2,5
4541,TCK-004541,406,419,2024-01-08,2024-01-08,solved,feature_request,low,email,emma.cole,1,
4542,TCK-004542,406,419,2023-10-03,,open,how_to,medium,in_app,unassigned,,
4543,TCK-004543,406,419,2025-08-03,2025-08-03,solved,how_to,high,email,priya.shah,1,
4544,TCK-004544,406,419,2025-04-29,2025-04-29,solved,how_to,medium,email,priya.shah,1,
4545,TCK-004545,406,419,2024-10-02,2024-10-02,solved,feature_request,medium,email,emma.cole,1,
4546,TCK-004546,406,419,2025-05-25,2025-05-25,closed,feature_request,high,in_app,jonas.becker,1,4
4547,TCK-004547,406,419,2025-10-02,2025-10-02,solved,feature_request,low,email,marcus.holm,1,2
4548,TCK-004548,407,420,2025-07-01,2025-07-01,solved,billing,medium,email,ava.nguyen,1,3
4549,TCK-004549,407,420,2026-01-31,2026-02-01,solved,how_to,medium,email,emma.cole,10,
4550,TCK-004550,407,420,2026-03-15,2026-03-15,solved,billing,medium,email,emma.cole,1,1
4551,TCK-004551,407,420,2025-10-07,2025-10-08,solved,feature_request,low,in_app,ava.nguyen,7,
4552,TCK-004552,407,420,2026-03-01,2026-03-01,solved,how_to,medium,chat,marcus.holm,1,
4553,TCK-004553,407,420,2024-01-04,2024-01-04,solved,bug,medium,email,priya.shah,1,4
4554,TCK-004554,407,420,2026-05-28,2026-05-28,solved,how_to,low,in_app,priya.shah,1,1
4555,TCK-004555,407,420,2024-07-25,2024-07-25,closed,bug,low,phone,marcus.holm,1,
4556,TCK-004556,407,420,2023-05-10,2023-05-10,solved,billing,medium,email,jonas.becker,1,
4557,TCK-004557,407,420,2024-01-06,2024-01-06,solved,feature_request,medium,email,emma.cole,1,4
4558,TCK-004558,407,420,2026-04-05,,open,how_to,low,chat,jonas.becker,24,
4559,TCK-004559,407,420,2024-08-15,2024-08-15,solved,how_to,high,chat,ava.nguyen,2,4
4560,TCK-004560,407,420,2023-06-30,2023-06-30,solved,billing,low,email,priya.shah,2,
4561,TCK-004561,407,420,2024-11-08,2024-11-08,solved,bug,medium,email,jonas.becker,6,
4562,TCK-004562,407,420,2024-09-17,2024-09-17,solved,how_to,urgent,email,priya.shah,1,2
4563,TCK-004563,407,420,2025-08-26,2025-08-26,solved,onboarding,medium,in_app,jonas.becker,1,
4564,TCK-004564,407,420,2025-04-09,2025-04-09,closed,how_to,medium,in_app,marcus.holm,1,
4565,TCK-004565,407,420,2026-05-19,2026-05-20,solved,how_to,low,in_app,ava.nguyen,5,
4566,TCK-004566,407,420,2026-06-04,2026-06-05,solved,bug,medium,email,priya.shah,3,
4567,TCK-004567,407,420,2026-06-06,2026-06-07,solved,onboarding,medium,phone,jonas.becker,9,5
4568,TCK-004568,407,420,2024-06-30,2024-06-30,solved,billing,low,chat,emma.cole,2,
4569,TCK-004569,407,420,2023-04-12,2023-04-13,solved,how_to,medium,in_app,marcus.holm,10,
4570,TCK-004570,407,420,2025-04-25,2025-04-26,solved,how_to,urgent,email,emma.cole,9,
4571,TCK-004571,407,420,2024-03-13,2024-03-13,solved,feature_request,medium,phone,jonas.becker,1,
4572,TCK-004572,407,420,2023-09-05,2023-09-05,solved,onboarding,medium,email,priya.shah,1,
4573,TCK-004573,407,420,2025-02-28,2025-02-28,solved,bug,medium,in_app,jonas.becker,1,
4574,TCK-004574,407,420,2025-04-01,2025-04-01,solved,outage,urgent,email,emma.cole,1,4
4575,TCK-004575,407,420,2024-05-09,2024-05-09,closed,how_to,medium,email,emma.cole,1,
4576,TCK-004576,407,420,2023-06-06,2023-06-06,solved,bug,medium,in_app,ava.nguyen,1,
4577,TCK-004577,407,420,2026-07-26,2026-07-26,solved,how_to,high,email,marcus.holm,1,
4578,TCK-004578,407,420,2023-08-08,2023-08-09,closed,how_to,medium,in_app,marcus.holm,6,
4579,TCK-004579,407,420,2025-12-27,2025-12-27,solved,billing,low,email,ava.nguyen,2,
4580,TCK-004580,407,420,2023-05-01,2023-05-01,solved,how_to,low,chat,priya.shah,1,5
4581,TCK-004581,407,420,2025-11-22,2025-11-22,solved,feature_request,medium,in_app,marcus.holm,1,2
4582,TCK-004582,407,420,2023-07-01,,open,billing,low,email,emma.cole,8,
4583,TCK-004583,407,420,2026-01-01,2026-01-01,solved,bug,low,in_app,ava.nguyen,2,4
4584,TCK-004584,407,420,2024-04-05,2024-04-05,closed,feature_request,medium,email,priya.shah,1,
4585,TCK-004585,407,420,2025-10-18,2025-10-18,closed,billing,medium,email,marcus.holm,4,
4586,TCK-004586,407,420,2023-07-19,2023-07-22,solved,feature_request,low,email,priya.shah,5,3
4587,TCK-004587,407,420,2023-01-15,2023-01-15,closed,billing,medium,in_app,ava.nguyen,1,
4588,TCK-004588,407,420,2024-04-17,2024-04-17,closed,how_to,medium,in_app,jonas.becker,1,2
4589,TCK-004589,407,420,2023-11-19,2023-11-19,solved,bug,medium,in_app,jonas.becker,1,
4590,TCK-004590,407,420,2025-09-05,2025-09-05,solved,onboarding,high,in_app,emma.cole,1,
4591,TCK-004591,407,420,2024-08-26,2024-08-28,solved,how_to,medium,chat,priya.shah,6,3
4592,TCK-004592,407,420,2025-03-21,2025-03-21,solved,how_to,medium,email,ava.nguyen,5,3
4593,TCK-004593,407,420,2024-02-23,2024-02-23,solved,onboarding,medium,email,emma.cole,1,
4594,TCK-004594,407,420,2023-01-13,2023-01-14,solved,feature_request,medium,in_app,emma.cole,1,5
4595,TCK-004595,407,420,2025-09-25,2025-09-26,solved,how_to,medium,email,emma.cole,4,3
4596,TCK-004596,407,420,2022-12-13,2022-12-13,solved,how_to,low,email,marcus.holm,1,
4597,TCK-004597,407,420,2025-04-02,2025-04-02,closed,feature_request,low,email,emma.cole,1,
4598,TCK-004598,407,420,2025-03-28,2025-03-28,solved,billing,medium,email,ava.nguyen,4,4
4599,TCK-004599,407,420,2024-05-03,2024-05-03,solved,how_to,medium,chat,priya.shah,1,1
4600,TCK-004600,407,420,2025-11-03,2025-11-03,solved,how_to,low,email,ava.nguyen,5,2
4601,TCK-004601,407,420,2025-08-09,2025-08-09,closed,billing,high,email,emma.cole,1,3
4602,TCK-004602,407,420,2023-08-28,,open,onboarding,high,email,emma.cole,24,
4603,TCK-004603,407,420,2026-01-01,2026-01-01,solved,bug,low,email,priya.shah,1,2
4604,TCK-004604,407,420,2026-05-11,2026-05-11,solved,how_to,high,email,priya.shah,1,
4605,TCK-004605,407,420,2026-06-16,2026-06-17,closed,feature_request,low,email,priya.shah,5,2
4606,TCK-004606,407,420,2024-03-11,2024-03-11,solved,bug,high,chat,jonas.becker,1,
4607,TCK-004607,407,420,2026-01-26,2026-01-26,solved,billing,low,in_app,priya.shah,1,
4608,TCK-004608,407,420,2023-06-13,2023-06-13,solved,bug,low,email,ava.nguyen,1,1
4609,TCK-004609,407,420,2023-01-07,2023-01-07,solved,feature_request,medium,in_app,emma.cole,1,3
4610,TCK-004610,407,420,2022-12-30,2022-12-30,solved,how_to,high,in_app,ava.nguyen,1,3
4611,TCK-004611,407,420,2023-08-30,2023-08-30,solved,feature_request,low,chat,jonas.becker,1,
4612,TCK-004612,407,420,2024-02-24,2024-02-25,closed,how_to,medium,in_app,marcus.holm,2,3
4613,TCK-004613,407,420,2024-02-13,2024-02-13,solved,onboarding,urgent,chat,priya.shah,1,3
4614,TCK-004614,407,420,2025-09-01,,open,how_to,low,email,jonas.becker,4,
4615,TCK-004615,407,420,2024-03-23,2024-03-23,solved,feature_request,urgent,in_app,emma.cole,1,5
4616,TCK-004616,407,420,2025-03-27,2025-03-27,closed,how_to,medium,email,marcus.holm,1,4
4617,TCK-004617,407,420,2024-10-10,2024-10-12,closed,how_to,low,email,priya.shah,5,4
4618,TCK-004618,407,420,2023-08-16,2023-08-16,solved,how_to,medium,email,ava.nguyen,3,4
4619,TCK-004619,407,420,2025-09-19,,open,how_to,low,email,ava.nguyen,,
4620,TCK-004620,407,420,2024-07-15,2024-07-15,solved,outage,high,email,priya.shah,1,3
4621,TCK-004621,407,420,2025-04-22,2025-04-22,solved,feature_request,medium,in_app,priya.shah,1,
4622,TCK-004622,407,420,2024-12-21,2024-12-21,solved,bug,medium,email,ava.nguyen,1,3
4623,TCK-004623,407,420,2025-02-20,2025-02-20,solved,onboarding,high,in_app,priya.shah,1,5
4624,TCK-004624,407,420,2026-06-23,2026-06-23,solved,bug,low,email,priya.shah,1,
4625,TCK-004625,407,420,2024-06-06,2024-06-06,solved,feature_request,medium,email,emma.cole,1,2
4626,TCK-004626,407,420,2025-12-09,2025-12-09,closed,bug,urgent,in_app,priya.shah,1,2
4627,TCK-004627,407,420,2026-01-08,2026-01-08,solved,how_to,medium,email,priya.shah,1,5
4628,TCK-004628,407,420,2023-01-18,2023-01-18,solved,how_to,low,email,emma.cole,1,
4629,TCK-004629,407,420,2024-01-15,2024-01-15,solved,bug,low,email,ava.nguyen,2,
4630,TCK-004630,407,420,2023-01-22,2023-01-22,solved,how_to,low,in_app,ava.nguyen,2,2
4631,TCK-004631,407,420,2026-04-26,2026-04-26,closed,outage,high,email,emma.cole,1,4
4632,TCK-004632,407,420,2023-05-03,2023-05-03,closed,bug,low,in_app,jonas.becker,1,
4633,TCK-004633,407,420,2025-08-12,2025-08-12,solved,bug,medium,email,jonas.becker,1,
4634,TCK-004634,407,420,2023-06-11,2023-06-13,solved,bug,medium,chat,marcus.holm,18,1
4635,TCK-004635,407,420,2023-04-28,2023-04-28,solved,billing,high,email,ava.nguyen,1,3
4636,TCK-004636,407,420,2025-11-04,2025-11-04,solved,onboarding,high,in_app,jonas.becker,1,
4637,TCK-004637,407,420,2025-04-13,,open,onboarding,low,chat,jonas.becker,24,
4638,TCK-004638,407,420,2026-06-30,2026-06-30,closed,how_to,medium,in_app,emma.cole,1,5
4639,TCK-004639,407,420,2023-07-20,2023-07-20,solved,bug,low,in_app,jonas.becker,2,4
4640,TCK-004640,407,420,2025-04-27,2025-04-27,closed,how_to,medium,chat,marcus.holm,1,
4641,TCK-004641,407,420,2023-05-22,2023-05-22,solved,bug,medium,in_app,ava.nguyen,1,4
4642,TCK-004642,407,420,2026-02-18,2026-02-18,closed,feature_request,urgent,chat,ava.nguyen,2,
4643,TCK-004643,407,420,2024-01-22,2024-01-22,solved,how_to,medium,in_app,jonas.becker,1,
4644,TCK-004644,407,420,2023-08-08,2023-08-08,solved,feature_request,medium,email,emma.cole,2,
4645,TCK-004645,407,420,2023-08-07,2023-08-07,closed,how_to,medium,email,priya.shah,2,4
4646,TCK-004646,407,420,2024-08-12,2024-08-13,solved,onboarding,medium,email,jonas.becker,10,4
4647,TCK-004647,407,420,2023-12-26,2023-12-26,closed,onboarding,medium,email,priya.shah,1,5
4648,TCK-004648,407,420,2024-02-22,2024-02-22,solved,feature_request,urgent,email,marcus.holm,1,5
4649,TCK-004649,407,420,2025-02-16,2025-02-16,solved,how_to,high,email,priya.shah,1,2
4650,TCK-004650,407,420,2024-08-19,2024-08-20,closed,bug,medium,chat,jonas.becker,9,
4651,TCK-004651,407,420,2025-08-24,2025-08-24,solved,how_to,medium,email,emma.cole,2,
4652,TCK-004652,407,420,2024-03-29,2024-03-29,solved,onboarding,medium,email,marcus.holm,1,3
4653,TCK-004653,407,420,2023-12-08,2023-12-08,solved,how_to,medium,email,emma.cole,1,
4654,TCK-004654,407,420,2026-04-09,2026-04-09,closed,billing,low,in_app,marcus.holm,1,
4655,TCK-004655,407,420,2023-05-25,2023-05-25,solved,how_to,low,chat,ava.nguyen,1,5
4656,TCK-004656,407,420,2023-02-16,2023-02-16,closed,onboarding,medium,email,jonas.becker,1,4
4657,TCK-004657,407,420,2026-05-30,2026-05-30,solved,feature_request,low,email,emma.cole,3,3
4658,TCK-004658,407,420,2024-01-14,2024-01-14,solved,how_to,medium,email,marcus.holm,1,4
4659,TCK-004659,407,420,2026-08-30,2026-08-30,solved,how_to,medium,email,ava.nguyen,2,5
4660,TCK-004660,407,420,2025-11-22,2025-11-22,closed,bug,high,email,priya.shah,1,
4661,TCK-004661,407,420,2026-06-18,2026-06-18,solved,onboarding,low,phone,priya.shah,1,
4662,TCK-004662,407,420,2024-01-11,2024-01-11,solved,how_to,medium,email,marcus.holm,1,
4663,TCK-004663,407,420,2023-05-03,2023-05-04,solved,bug,medium,in_app,marcus.holm,3,1
4664,TCK-004664,407,420,2023-07-12,2023-07-12,solved,outage,urgent,email,emma.cole,5,
4665,TCK-004665,407,420,2024-01-20,2024-01-21,solved,bug,low,email,ava.nguyen,13,3
4666,TCK-004666,407,420,2025-02-11,2025-02-11,solved,feature_request,high,chat,priya.shah,1,2
4667,TCK-004667,407,420,2026-02-02,2026-02-02,solved,bug,medium,in_app,emma.cole,3,
4668,TCK-004668,407,420,2024-08-24,2024-08-25,solved,billing,medium,email,marcus.holm,10,5
4669,TCK-004669,407,420,2025-09-01,2025-09-02,solved,feature_request,medium,in_app,marcus.holm,5,
4670,TCK-004670,407,420,2024-02-08,2024-02-08,closed,bug,low,chat,jonas.becker,2,
4671,TCK-004671,407,420,2024-09-02,2024-09-02,closed,onboarding,low,in_app,emma.cole,1,4
4672,TCK-004672,407,420,2023-02-13,2023-02-14,closed,how_to,medium,chat,ava.nguyen,8,5
4673,TCK-004673,407,420,2023-11-12,2023-11-12,solved,feature_request,high,chat,marcus.holm,1,5
4674,TCK-004674,407,420,2025-04-28,2025-04-28,solved,feature_request,low,email,emma.cole,1,5
4675,TCK-004675,407,420,2025-05-02,2025-05-03,solved,onboarding,low,in_app,priya.shah,5,
4676,TCK-004676,407,420,2026-04-29,2026-04-29,closed,how_to,low,in_app,marcus.holm,1,
4677,TCK-004677,407,420,2024-06-26,2024-06-26,closed,bug,low,phone,emma.cole,1,
4678,TCK-004678,407,420,2023-07-20,2023-07-20,solved,how_to,medium,in_app,emma.cole,5,2
4679,TCK-004679,407,420,2024-10-22,2024-10-22,solved,how_to,high,email,ava.nguyen,1,2
4680,TCK-004680,407,420,2025-02-07,2025-02-07,solved,billing,low,in_app,priya.shah,1,4
4681,TCK-004681,407,420,2024-09-11,2024-09-11,solved,bug,urgent,chat,emma.cole,1,
4682,TCK-004682,407,420,2025-04-15,2025-04-15,closed,how_to,medium,in_app,jonas.becker,1,1
4683,TCK-004683,408,421,2026-02-18,2026-02-18,solved,onboarding,urgent,email,jonas.becker,1,4
4684,TCK-004684,408,421,2026-01-09,2026-01-10,solved,onboarding,medium,email,jonas.becker,11,5
4685,TCK-004685,408,421,2025-12-23,2025-12-23,solved,how_to,urgent,chat,emma.cole,1,
4686,TCK-004686,408,421,2026-02-21,2026-02-22,closed,bug,medium,email,priya.shah,8,
4687,TCK-004687,408,421,2025-11-21,2025-11-21,closed,outage,urgent,in_app,priya.shah,2,3
4688,TCK-004688,408,421,2026-01-19,2026-01-19,solved,billing,medium,in_app,marcus.holm,4,
4689,TCK-004689,408,421,2025-12-06,2025-12-06,solved,billing,medium,email,marcus.holm,1,4
4690,TCK-004690,409,422,2025-03-27,2025-03-27,solved,how_to,high,email,ava.nguyen,1,5
4691,TCK-004691,409,422,2025-10-11,2025-10-11,solved,billing,medium,in_app,jonas.becker,1,
4692,TCK-004692,409,422,2026-05-19,2026-05-19,solved,feature_request,medium,in_app,marcus.holm,2,
4693,TCK-004693,409,422,2025-06-26,2025-06-26,solved,how_to,medium,in_app,ava.nguyen,5,4
4694,TCK-004694,409,422,2026-02-03,2026-02-03,solved,bug,low,chat,emma.cole,1,4
4695,TCK-004695,410,423,2026-05-20,2026-05-20,solved,how_to,medium,email,jonas.becker,2,
4696,TCK-004696,410,423,2026-08-26,2026-08-26,solved,billing,high,in_app,emma.cole,1,
4697,TCK-004697,410,423,2025-12-16,2025-12-16,solved,billing,medium,in_app,priya.shah,1,
4698,TCK-004698,410,423,2026-05-07,2026-05-07,closed,bug,medium,email,priya.shah,1,
4699,TCK-004699,410,423,2026-04-30,2026-04-30,solved,how_to,urgent,in_app,ava.nguyen,1,
4700,TCK-004700,410,423,2025-12-22,2025-12-23,solved,feature_request,low,in_app,emma.cole,7,4
4701,TCK-004701,410,423,2026-06-19,2026-06-19,solved,billing,low,chat,ava.nguyen,4,5
4702,TCK-004702,410,423,2025-10-05,2025-10-06,solved,how_to,medium,email,priya.shah,8,
4703,TCK-004703,410,423,2026-01-18,2026-01-18,solved,bug,urgent,in_app,jonas.becker,1,
4704,TCK-004704,410,423,2026-08-09,2026-08-09,solved,how_to,urgent,in_app,priya.shah,1,
4705,TCK-004705,411,424,2026-06-16,2026-06-17,closed,feature_request,medium,email,marcus.holm,2,
4706,TCK-004706,411,424,2026-06-16,2026-06-18,closed,onboarding,low,in_app,priya.shah,5,
4707,TCK-004707,411,424,2026-05-21,2026-05-21,solved,bug,high,chat,marcus.holm,2,4
4708,TCK-004708,411,424,2026-04-18,2026-04-18,solved,how_to,medium,chat,priya.shah,1,3
4709,TCK-004709,411,424,2026-06-25,2026-06-25,solved,how_to,medium,chat,jonas.becker,1,
4710,TCK-004710,411,424,2026-08-13,2026-08-15,closed,how_to,low,chat,marcus.holm,16,
4711,TCK-004711,412,425,2025-12-02,2025-12-05,solved,how_to,low,in_app,marcus.holm,25,
4712,TCK-004712,412,425,2026-07-19,2026-07-19,closed,how_to,medium,in_app,emma.cole,1,
4713,TCK-004713,412,425,2023-09-14,2023-09-14,solved,billing,low,email,marcus.holm,1,5
4714,TCK-004714,412,425,2024-02-24,2024-02-25,solved,how_to,medium,email,jonas.becker,12,
4715,TCK-004715,412,425,2026-06-16,2026-06-16,solved,how_to,medium,email,emma.cole,1,
4716,TCK-004716,412,425,2025-03-06,2025-03-06,solved,billing,medium,chat,marcus.holm,1,
4717,TCK-004717,412,425,2026-08-09,2026-08-09,closed,bug,high,in_app,priya.shah,1,5
4718,TCK-004718,412,425,2023-08-31,2023-08-31,solved,billing,high,email,marcus.holm,2,5
4719,TCK-004719,413,426,2025-06-17,2025-06-17,solved,billing,medium,email,priya.shah,1,
4720,TCK-004720,413,426,2025-09-13,2025-09-14,solved,billing,low,in_app,jonas.becker,4,4
4721,TCK-004721,413,426,2025-11-30,2025-12-03,solved,feature_request,medium,email,emma.cole,22,
4722,TCK-004722,413,426,2025-09-17,2025-09-17,solved,feature_request,medium,in_app,marcus.holm,6,4
4723,TCK-004723,413,426,2025-11-16,,open,feature_request,high,in_app,unassigned,8,
4724,TCK-004724,413,426,2025-07-24,,open,bug,urgent,chat,jonas.becker,2,
4725,TCK-004725,413,426,2025-06-22,2025-06-22,solved,bug,medium,email,emma.cole,2,
4726,TCK-004726,413,426,2025-05-28,2025-05-28,solved,billing,medium,in_app,marcus.holm,1,5
4727,TCK-004727,413,426,2025-04-05,2025-04-05,solved,how_to,low,in_app,marcus.holm,1,
4728,TCK-004728,414,427,2025-08-04,2025-08-04,solved,how_to,high,email,jonas.becker,4,2
4729,TCK-004729,414,427,2025-02-22,2025-02-22,solved,how_to,medium,in_app,jonas.becker,1,
4730,TCK-004730,414,427,2026-06-14,2026-06-14,solved,bug,high,phone,ava.nguyen,1,5
4731,TCK-004731,414,427,2025-01-02,2025-01-02,closed,how_to,high,in_app,priya.shah,1,5
4732,TCK-004732,414,427,2025-03-30,2025-03-30,solved,feature_request,high,in_app,marcus.holm,1,
4733,TCK-004733,414,427,2026-07-14,2026-07-14,solved,bug,medium,email,jonas.becker,1,5
4734,TCK-004734,416,429,2026-07-13,2026-07-14,closed,onboarding,low,in_app,jonas.becker,3,3
4735,TCK-004735,416,429,2025-12-01,2025-12-02,solved,billing,low,in_app,jonas.becker,6,
4736,TCK-004736,416,429,2026-01-24,2026-01-24,closed,bug,low,chat,jonas.becker,2,5
4737,TCK-004737,416,429,2025-12-19,2025-12-22,solved,how_to,medium,email,priya.shah,18,
4738,TCK-004738,416,429,2026-01-04,2026-01-04,solved,feature_request,medium,email,priya.shah,1,
4739,TCK-004739,416,429,2026-07-19,2026-07-19,solved,billing,medium,phone,marcus.holm,1,
4740,TCK-004740,417,430,2026-01-22,2026-01-22,closed,bug,low,email,jonas.becker,1,
4741,TCK-004741,417,430,2025-09-30,2025-09-30,solved,feature_request,high,email,ava.nguyen,1,1
4742,TCK-004742,417,430,2026-06-10,2026-06-10,solved,feature_request,urgent,email,ava.nguyen,1,
4743,TCK-004743,417,430,2026-05-03,2026-05-03,closed,billing,low,chat,emma.cole,2,2
4744,TCK-004744,417,430,2026-06-02,2026-06-02,solved,outage,urgent,email,priya.shah,1,
4745,TCK-004745,417,430,2026-03-02,2026-03-02,solved,how_to,urgent,email,ava.nguyen,1,
4746,TCK-004746,417,430,2026-04-02,2026-04-02,solved,how_to,low,email,marcus.holm,1,
4747,TCK-004747,417,430,2026-08-04,2026-08-05,closed,bug,low,chat,jonas.becker,4,
4748,TCK-004748,417,430,2026-08-31,2026-08-31,closed,how_to,medium,email,emma.cole,1,
4749,TCK-004749,417,430,2026-01-21,2026-01-21,solved,billing,medium,email,ava.nguyen,1,3
4750,TCK-004750,418,431,2024-02-19,2024-02-19,solved,how_to,medium,email,emma.cole,1,
4751,TCK-004751,419,432,2026-08-29,2026-08-29,solved,feature_request,urgent,in_app,ava.nguyen,1,
4752,TCK-004752,419,432,2026-08-30,2026-08-30,solved,feature_request,medium,email,jonas.becker,2,3
4753,TCK-004753,420,433,2025-10-25,,open,billing,medium,email,ava.nguyen,24,
4754,TCK-004754,420,433,2025-10-03,,open,onboarding,medium,email,priya.shah,8,
4755,TCK-004755,420,433,2025-08-09,2025-08-09,solved,how_to,low,email,jonas.becker,1,5
4756,TCK-004756,420,433,2025-07-24,2025-07-24,solved,feature_request,high,email,marcus.holm,1,
4757,TCK-004757,420,433,2025-01-24,2025-01-25,closed,bug,low,chat,ava.nguyen,10,
4758,TCK-004758,420,433,2025-11-09,2025-11-09,closed,how_to,low,email,ava.nguyen,1,
4759,TCK-004759,420,433,2025-11-18,2025-11-18,solved,feature_request,medium,in_app,emma.cole,1,4
4760,TCK-004760,420,433,2024-11-05,2024-11-05,solved,how_to,medium,email,emma.cole,6,
4761,TCK-004761,420,433,2025-05-16,,open,bug,medium,in_app,ava.nguyen,4,
4762,TCK-004762,421,434,2023-08-23,2023-08-23,solved,how_to,medium,chat,jonas.becker,1,5
4763,TCK-004763,421,434,2026-06-17,2026-06-17,solved,feature_request,medium,in_app,marcus.holm,1,
4764,TCK-004764,421,434,2025-12-19,2025-12-19,closed,bug,low,chat,priya.shah,1,
4765,TCK-004765,421,434,2024-10-01,2024-10-01,solved,how_to,high,email,marcus.holm,1,
4766,TCK-004766,421,434,2025-11-05,2025-11-05,closed,feature_request,high,email,ava.nguyen,1,5
4767,TCK-004767,421,434,2023-08-23,2023-08-23,solved,how_to,high,email,jonas.becker,1,
4768,TCK-004768,421,434,2025-11-13,2025-11-13,solved,how_to,medium,email,priya.shah,1,
4769,TCK-004769,421,434,2025-04-17,2025-04-17,solved,billing,high,email,ava.nguyen,1,
4770,TCK-004770,421,434,2024-09-14,2024-09-14,solved,how_to,medium,chat,jonas.becker,1,
4771,TCK-004771,421,434,2024-04-21,2024-04-21,solved,billing,low,email,priya.shah,3,4
4772,TCK-004772,421,434,2025-05-13,2025-05-13,closed,how_to,low,email,marcus.holm,2,
4773,TCK-004773,421,434,2023-12-14,2023-12-14,solved,how_to,medium,email,priya.shah,3,5
4774,TCK-004774,421,434,2025-05-26,2025-05-26,solved,onboarding,low,in_app,jonas.becker,1,
4775,TCK-004775,421,434,2025-11-25,2025-11-25,closed,bug,low,email,emma.cole,2,5
4776,TCK-004776,422,435,2026-01-13,2026-01-14,solved,feature_request,medium,phone,emma.cole,9,
4777,TCK-004777,422,435,2026-07-05,2026-07-05,solved,billing,low,in_app,marcus.holm,2,2
4778,TCK-004778,422,435,2025-03-26,2025-03-28,solved,billing,low,chat,priya.shah,14,4
4779,TCK-004779,422,435,2024-11-09,2024-11-09,solved,how_to,medium,email,emma.cole,1,
4780,TCK-004780,422,435,2024-11-04,,open,how_to,low,in_app,jonas.becker,2,
4781,TCK-004781,422,435,2025-02-18,2025-02-18,closed,feature_request,low,in_app,priya.shah,1,
4782,TCK-004782,422,435,2026-01-24,2026-01-24,solved,how_to,medium,in_app,ava.nguyen,1,2
4783,TCK-004783,422,435,2026-05-14,2026-05-14,closed,billing,medium,phone,emma.cole,4,5
4784,TCK-004784,423,436,2025-12-20,2025-12-20,solved,billing,low,in_app,emma.cole,2,3
4785,TCK-004785,423,436,2026-03-08,2026-03-08,solved,bug,medium,email,jonas.becker,7,
4786,TCK-004786,423,436,2026-02-07,2026-02-07,solved,bug,high,email,priya.shah,1,
4787,TCK-004787,424,437,2025-12-29,2025-12-29,solved,bug,medium,email,jonas.becker,1,
4788,TCK-004788,424,437,2023-09-30,2023-09-30,solved,billing,medium,email,priya.shah,1,4
4789,TCK-004789,424,437,2023-11-23,2023-11-24,solved,how_to,high,chat,ava.nguyen,9,3
4790,TCK-004790,424,437,2024-12-26,,open,onboarding,urgent,in_app,jonas.becker,2,
4791,TCK-004791,424,437,2025-03-26,,open,billing,medium,email,marcus.holm,8,
4792,TCK-004792,424,437,2023-10-11,2023-10-11,solved,onboarding,low,email,jonas.becker,3,3
4793,TCK-004793,424,437,2024-04-08,2024-04-08,solved,bug,low,email,emma.cole,1,4
4794,TCK-004794,424,437,2026-01-09,2026-01-10,solved,feature_request,low,in_app,emma.cole,4,
4795,TCK-004795,424,437,2025-07-24,2025-07-24,closed,how_to,low,in_app,ava.nguyen,3,
4796,TCK-004796,424,437,2023-10-07,2023-10-07,solved,feature_request,urgent,email,priya.shah,1,
4797,TCK-004797,424,437,2024-04-11,,open,billing,low,email,marcus.holm,24,
4798,TCK-004798,424,437,2024-10-14,2024-10-14,solved,how_to,high,email,emma.cole,1,
4799,TCK-004799,424,437,2024-04-09,2024-04-09,solved,how_to,medium,chat,ava.nguyen,1,5
4800,TCK-004800,424,437,2025-02-15,2025-02-15,solved,how_to,high,in_app,emma.cole,1,
4801,TCK-004801,424,437,2024-03-27,2024-03-27,solved,billing,low,in_app,priya.shah,1,3
4802,TCK-004802,424,437,2024-10-24,2024-10-26,solved,bug,medium,email,priya.shah,11,5
4803,TCK-004803,424,437,2024-09-04,2024-09-04,solved,billing,medium,in_app,jonas.becker,2,3
4804,TCK-004804,424,437,2023-11-08,2023-11-08,solved,how_to,medium,email,ava.nguyen,1,
4805,TCK-004805,424,437,2024-10-01,2024-10-01,solved,how_to,medium,in_app,ava.nguyen,1,
4806,TCK-004806,424,437,2024-03-15,2024-03-15,solved,how_to,medium,in_app,priya.shah,1,
4807,TCK-004807,424,437,2025-11-03,2025-11-03,closed,how_to,low,email,ava.nguyen,1,5
4808,TCK-004808,424,437,2025-09-06,2025-09-06,solved,how_to,medium,email,ava.nguyen,1,
4809,TCK-004809,424,437,2023-10-30,2023-10-30,solved,onboarding,low,in_app,priya.shah,1,4
4810,TCK-004810,424,437,2026-06-10,,open,bug,medium,chat,priya.shah,4,
4811,TCK-004811,424,437,2026-06-16,2026-06-17,solved,feature_request,medium,email,emma.cole,6,
4812,TCK-004812,424,437,2025-08-03,2025-08-03,solved,onboarding,low,email,emma.cole,1,
4813,TCK-004813,424,437,2024-11-18,2024-11-19,closed,bug,medium,email,ava.nguyen,1,
4814,TCK-004814,424,437,2025-10-04,2025-10-04,solved,how_to,high,email,jonas.becker,1,3
4815,TCK-004815,424,437,2025-12-19,2025-12-19,solved,how_to,low,in_app,ava.nguyen,1,5
4816,TCK-004816,424,437,2025-01-18,2025-01-18,solved,onboarding,medium,email,marcus.holm,4,4
4817,TCK-004817,424,437,2023-12-05,2023-12-07,closed,onboarding,low,in_app,jonas.becker,2,
4818,TCK-004818,426,439,2025-09-14,2025-09-14,solved,how_to,medium,in_app,ava.nguyen,1,
4819,TCK-004819,426,439,2024-10-05,2024-10-05,solved,onboarding,medium,in_app,jonas.becker,4,3
4820,TCK-004820,426,439,2025-06-15,2025-06-15,closed,how_to,low,chat,emma.cole,1,
4821,TCK-004821,426,439,2024-10-03,2024-10-03,solved,how_to,low,in_app,jonas.becker,1,5
4822,TCK-004822,426,439,2025-08-22,2025-08-22,solved,onboarding,low,chat,jonas.becker,1,
4823,TCK-004823,426,439,2024-12-17,2024-12-17,solved,outage,urgent,email,emma.cole,1,
4824,TCK-004824,426,439,2025-07-23,2025-07-23,solved,how_to,high,in_app,jonas.becker,1,
4825,TCK-004825,426,439,2026-06-29,2026-06-29,solved,onboarding,low,email,jonas.becker,1,
4826,TCK-004826,427,440,2024-09-23,2024-09-23,solved,how_to,low,phone,priya.shah,1,
4827,TCK-004827,427,440,2025-10-17,2025-10-17,solved,outage,urgent,email,marcus.holm,2,
4828,TCK-004828,427,440,2025-11-28,2025-11-28,closed,bug,medium,email,ava.nguyen,2,
4829,TCK-004829,428,441,2025-05-11,2025-05-11,solved,feature_request,medium,in_app,marcus.holm,1,
4830,TCK-004830,428,441,2026-05-12,2026-05-12,solved,feature_request,medium,email,emma.cole,1,4
4831,TCK-004831,428,441,2025-04-26,2025-04-26,solved,feature_request,medium,in_app,jonas.becker,2,4
4832,TCK-004832,428,441,2026-07-02,2026-07-02,solved,bug,medium,chat,ava.nguyen,1,
4833,TCK-004833,428,441,2025-07-11,2025-07-11,solved,feature_request,high,email,marcus.holm,1,4
4834,TCK-004834,428,441,2025-09-06,2025-09-06,solved,onboarding,low,email,jonas.becker,1,4
4835,TCK-004835,430,443,2026-04-01,2026-04-01,solved,feature_request,medium,chat,ava.nguyen,3,
4836,TCK-004836,430,443,2026-03-30,2026-03-30,solved,feature_request,medium,email,emma.cole,2,
4837,TCK-004837,431,444,2025-10-03,2025-10-03,closed,onboarding,high,in_app,priya.shah,1,1
4838,TCK-004838,431,444,2026-01-07,2026-01-07,solved,onboarding,low,email,priya.shah,1,
4839,TCK-004839,432,445,2025-11-19,2025-11-19,solved,how_to,medium,email,priya.shah,4,5
4840,TCK-004840,432,445,2025-04-18,2025-04-18,solved,billing,low,email,jonas.becker,1,5
4841,TCK-004841,432,445,2026-01-02,2026-01-02,closed,bug,low,in_app,priya.shah,1,
4842,TCK-004842,432,445,2025-08-07,2025-08-07,solved,feature_request,low,in_app,emma.cole,1,5
4843,TCK-004843,432,445,2025-12-01,2025-12-02,solved,feature_request,low,email,emma.cole,11,
4844,TCK-004844,432,445,2024-12-09,2024-12-09,closed,how_to,medium,email,ava.nguyen,1,
4845,TCK-004845,432,445,2023-12-23,2023-12-23,closed,billing,medium,in_app,marcus.holm,1,4
4846,TCK-004846,432,445,2025-07-13,2025-07-13,solved,feature_request,medium,email,priya.shah,1,
4847,TCK-004847,432,445,2026-02-25,2026-02-26,solved,bug,low,chat,priya.shah,1,
4848,TCK-004848,432,445,2024-11-22,2024-11-22,solved,feature_request,medium,in_app,priya.shah,1,
4849,TCK-004849,432,445,2024-05-18,2024-05-18,solved,bug,low,chat,jonas.becker,1,
4850,TCK-004850,432,445,2025-11-16,2025-11-16,closed,bug,high,email,marcus.holm,4,1
4851,TCK-004851,433,446,2025-06-10,2025-06-11,solved,outage,urgent,email,jonas.becker,4,
4852,TCK-004852,433,446,2026-06-01,2026-06-01,closed,billing,medium,chat,priya.shah,6,
4853,TCK-004853,433,446,2026-02-15,2026-02-15,solved,how_to,medium,chat,priya.shah,2,4
4854,TCK-004854,433,446,2025-11-19,2025-11-19,closed,bug,low,email,jonas.becker,4,
4855,TCK-004855,433,446,2025-11-08,2025-11-08,solved,bug,low,in_app,emma.cole,1,
4856,TCK-004856,434,447,2025-05-27,2025-05-27,solved,feature_request,medium,in_app,emma.cole,1,5
4857,TCK-004857,434,447,2026-02-12,2026-02-12,closed,bug,low,phone,ava.nguyen,1,
4858,TCK-004858,434,447,2023-10-23,2023-10-23,solved,bug,low,email,priya.shah,1,
4859,TCK-004859,434,447,2024-02-14,2024-02-14,solved,bug,low,email,emma.cole,1,
4860,TCK-004860,434,447,2023-10-12,2023-10-12,solved,billing,high,email,ava.nguyen,1,
4861,TCK-004861,434,447,2026-03-08,2026-03-08,closed,feature_request,low,email,ava.nguyen,5,2
4862,TCK-004862,434,447,2024-08-29,2024-08-29,solved,feature_request,low,email,emma.cole,1,
4863,TCK-004863,434,447,2024-04-24,2024-04-24,solved,billing,low,email,ava.nguyen,1,5
4864,TCK-004864,434,447,2025-01-05,,open,feature_request,low,email,priya.shah,8,
4865,TCK-004865,434,447,2026-07-28,2026-07-29,solved,how_to,medium,email,emma.cole,5,4
4866,TCK-004866,434,447,2023-06-15,2023-06-15,closed,onboarding,high,email,marcus.holm,1,5
4867,TCK-004867,434,447,2024-12-17,2024-12-17,solved,onboarding,medium,email,priya.shah,1,
4868,TCK-004868,434,447,2023-11-12,2023-11-12,solved,outage,urgent,email,ava.nguyen,1,
4869,TCK-004869,434,447,2023-08-01,2023-08-01,solved,how_to,urgent,in_app,priya.shah,1,2
4870,TCK-004870,434,447,2023-07-20,2023-07-20,closed,feature_request,low,chat,marcus.holm,2,4
4871,TCK-004871,434,447,2026-07-04,2026-07-04,closed,bug,high,in_app,marcus.holm,1,
4872,TCK-004872,434,447,2026-05-31,2026-05-31,solved,billing,low,in_app,emma.cole,4,
4873,TCK-004873,434,447,2024-07-18,2024-07-18,solved,bug,medium,email,ava.nguyen,1,
4874,TCK-004874,434,447,2025-02-04,2025-02-04,closed,feature_request,medium,in_app,emma.cole,1,
4875,TCK-004875,434,447,2026-05-09,2026-05-09,solved,how_to,medium,email,jonas.becker,3,
4876,TCK-004876,434,447,2026-06-09,2026-06-09,solved,feature_request,medium,chat,marcus.holm,1,
4877,TCK-004877,434,447,2023-11-24,2023-11-24,closed,bug,medium,email,jonas.becker,5,3
4878,TCK-004878,434,447,2025-10-03,2025-10-03,solved,how_to,medium,chat,marcus.holm,5,
4879,TCK-004879,435,448,2026-08-30,2026-08-30,solved,how_to,medium,email,jonas.becker,5,
4880,TCK-004880,435,448,2025-08-02,2025-08-02,solved,how_to,high,in_app,ava.nguyen,3,
4881,TCK-004881,435,448,2026-03-18,2026-03-18,solved,onboarding,urgent,email,jonas.becker,1,
4882,TCK-004882,435,448,2026-02-03,2026-02-03,closed,how_to,high,in_app,jonas.becker,2,
4883,TCK-004883,436,449,2026-07-02,2026-07-02,closed,bug,medium,phone,ava.nguyen,1,
4884,TCK-004884,436,449,2026-07-18,2026-07-19,solved,billing,medium,in_app,marcus.holm,3,
4885,TCK-004885,436,449,2026-04-08,2026-04-08,solved,billing,medium,in_app,emma.cole,2,
4886,TCK-004886,438,451,2023-02-08,,open,how_to,medium,email,marcus.holm,4,
4887,TCK-004887,438,451,2024-02-25,2024-02-26,solved,bug,medium,email,priya.shah,7,4
4888,TCK-004888,438,451,2023-08-20,2023-08-20,solved,how_to,low,email,marcus.holm,1,1
4889,TCK-004889,438,451,2024-02-27,2024-02-28,solved,how_to,low,email,jonas.becker,12,
4890,TCK-004890,438,451,2022-09-14,2022-09-15,closed,feature_request,medium,email,marcus.holm,6,
4891,TCK-004891,438,451,2026-02-16,2026-02-16,solved,bug,medium,chat,priya.shah,1,4
4892,TCK-004892,438,451,2024-01-13,2024-01-14,solved,how_to,medium,chat,emma.cole,1,4
4893,TCK-004893,438,451,2026-01-11,2026-01-11,solved,billing,low,chat,emma.cole,2,
4894,TCK-004894,438,451,2025-02-14,2025-02-14,closed,bug,low,email,jonas.becker,2,4
4895,TCK-004895,438,451,2023-08-01,,open,feature_request,high,chat,unassigned,8,
4896,TCK-004896,438,451,2023-08-27,2023-08-28,solved,feature_request,medium,phone,emma.cole,4,
4897,TCK-004897,438,451,2023-10-19,2023-10-19,solved,feature_request,low,email,jonas.becker,4,5
4898,TCK-004898,438,451,2025-09-19,2025-09-19,solved,how_to,medium,in_app,jonas.becker,1,5
4899,TCK-004899,438,451,2022-09-22,2022-09-22,solved,billing,low,in_app,jonas.becker,1,
4900,TCK-004900,438,451,2026-08-19,2026-08-19,solved,bug,low,in_app,emma.cole,1,4
4901,TCK-004901,438,451,2026-06-25,2026-06-25,solved,onboarding,medium,email,emma.cole,3,5
4902,TCK-004902,438,451,2022-11-13,2022-11-13,solved,bug,medium,email,ava.nguyen,1,3
4903,TCK-004903,438,451,2025-07-15,2025-07-16,solved,feature_request,low,in_app,jonas.becker,7,
4904,TCK-004904,438,451,2023-10-31,2023-10-31,closed,billing,medium,email,priya.shah,1,2
4905,TCK-004905,438,451,2025-05-20,2025-05-20,solved,feature_request,medium,in_app,marcus.holm,3,
4906,TCK-004906,438,451,2025-04-04,2025-04-04,solved,bug,medium,chat,marcus.holm,1,5
4907,TCK-004907,438,451,2023-03-19,2023-03-20,solved,how_to,low,email,emma.cole,1,4
4908,TCK-004908,438,451,2023-08-28,2023-08-28,solved,how_to,low,in_app,emma.cole,2,5
4909,TCK-004909,438,451,2025-09-23,2025-09-23,solved,how_to,medium,email,ava.nguyen,1,
4910,TCK-004910,438,451,2023-08-20,2023-08-21,solved,how_to,medium,chat,jonas.becker,7,5
4911,TCK-004911,438,451,2022-09-13,2022-09-13,solved,bug,medium,email,marcus.holm,2,
4912,TCK-004912,438,451,2023-10-30,2023-10-31,solved,how_to,medium,email,emma.cole,10,
4913,TCK-004913,439,452,2026-08-12,2026-08-12,solved,onboarding,medium,chat,marcus.holm,4,
4914,TCK-004914,439,452,2026-06-22,2026-06-22,closed,bug,low,email,priya.shah,2,
4915,TCK-004915,439,452,2026-05-14,2026-05-14,solved,feature_request,medium,chat,priya.shah,1,
4916,TCK-004916,440,453,2026-05-04,2026-05-04,solved,how_to,high,email,ava.nguyen,4,
4917,TCK-004917,440,453,2025-05-07,2025-05-07,closed,feature_request,medium,in_app,emma.cole,1,
4918,TCK-004918,440,453,2025-12-15,2025-12-16,solved,bug,low,email,marcus.holm,3,5
4919,TCK-004919,440,453,2026-02-12,2026-02-12,solved,how_to,medium,email,marcus.holm,1,3
4920,TCK-004920,440,453,2026-04-09,2026-04-09,solved,feature_request,medium,phone,jonas.becker,1,
4921,TCK-004921,440,453,2025-06-29,2025-06-29,closed,how_to,low,email,emma.cole,1,
4922,TCK-004922,440,453,2025-11-04,2025-11-04,solved,how_to,urgent,email,jonas.becker,1,
4923,TCK-004923,440,453,2025-09-03,2025-09-03,closed,feature_request,medium,in_app,ava.nguyen,1,
4924,TCK-004924,440,453,2025-04-21,2025-04-21,solved,how_to,medium,chat,ava.nguyen,7,
4925,TCK-004925,440,453,2026-06-28,2026-06-28,solved,bug,medium,chat,jonas.becker,1,
4926,TCK-004926,440,453,2025-01-18,2025-01-18,solved,bug,medium,in_app,emma.cole,1,
4927,TCK-004927,440,453,2025-11-09,2025-11-09,solved,onboarding,medium,in_app,priya.shah,1,5
4928,TCK-004928,440,453,2025-09-05,2025-09-06,solved,bug,medium,email,emma.cole,4,
4929,TCK-004929,440,453,2026-05-18,2026-05-18,solved,how_to,medium,email,ava.nguyen,1,
4930,TCK-004930,440,453,2025-04-03,2025-04-03,closed,onboarding,high,email,marcus.holm,1,
4931,TCK-004931,440,453,2025-11-18,2025-11-18,solved,how_to,low,phone,jonas.becker,1,
4932,TCK-004932,440,453,2026-07-28,,open,onboarding,low,in_app,unassigned,24,
4933,TCK-004933,440,453,2025-11-27,2025-11-27,solved,how_to,high,in_app,ava.nguyen,1,5
4934,TCK-004934,440,453,2025-01-14,,open,how_to,low,chat,priya.shah,8,
4935,TCK-004935,440,453,2024-12-22,2024-12-22,solved,onboarding,high,email,jonas.becker,1,
4936,TCK-004936,441,454,2026-05-02,2026-05-02,solved,how_to,medium,email,emma.cole,2,5
4937,TCK-004937,441,454,2025-08-30,2025-08-30,solved,billing,low,chat,priya.shah,1,4
4938,TCK-004938,441,454,2025-06-05,2025-06-05,solved,how_to,low,email,emma.cole,2,
4939,TCK-004939,441,454,2024-12-30,2024-12-30,closed,billing,medium,in_app,ava.nguyen,2,
4940,TCK-004940,441,454,2025-05-24,,open,how_to,medium,email,ava.nguyen,8,
4941,TCK-004941,441,454,2026-04-13,,open,bug,low,email,unassigned,8,
4942,TCK-004942,441,454,2025-03-20,2025-03-20,closed,onboarding,medium,email,marcus.holm,3,
4943,TCK-004943,441,454,2026-04-15,2026-04-16,solved,bug,medium,chat,priya.shah,5,
4944,TCK-004944,441,454,2026-02-02,2026-02-02,solved,bug,low,email,emma.cole,1,
4945,TCK-004945,441,454,2024-12-03,2024-12-03,solved,onboarding,high,in_app,jonas.becker,1,
4946,TCK-004946,441,454,2026-02-19,2026-02-19,solved,outage,urgent,in_app,marcus.holm,1,4
4947,TCK-004947,441,454,2024-12-26,2024-12-26,closed,bug,high,chat,ava.nguyen,1,
4948,TCK-004948,441,454,2026-05-26,2026-05-26,closed,how_to,low,in_app,priya.shah,1,
4949,TCK-004949,441,454,2025-11-28,2025-11-28,solved,feature_request,medium,in_app,ava.nguyen,1,
4950,TCK-004950,441,454,2025-06-01,2025-06-01,closed,billing,low,email,marcus.holm,7,3
4951,TCK-004951,442,455,2025-05-04,2025-05-05,solved,billing,medium,email,priya.shah,12,
4952,TCK-004952,442,455,2025-03-16,2025-03-16,solved,feature_request,low,in_app,ava.nguyen,1,
4953,TCK-004953,442,455,2025-12-04,2025-12-04,closed,feature_request,medium,in_app,jonas.becker,1,3
4954,TCK-004954,442,455,2025-11-13,2025-11-13,solved,outage,urgent,in_app,ava.nguyen,2,5
4955,TCK-004955,442,455,2026-01-16,2026-01-16,solved,feature_request,medium,in_app,ava.nguyen,1,
4956,TCK-004956,443,456,2026-08-28,2026-08-29,closed,onboarding,medium,email,emma.cole,10,5
4957,TCK-004957,443,456,2026-07-17,2026-07-17,closed,onboarding,high,in_app,emma.cole,1,
4958,TCK-004958,443,456,2026-02-27,2026-02-27,solved,how_to,medium,email,emma.cole,2,
4959,TCK-004959,444,457,2025-08-16,2025-08-16,solved,how_to,high,in_app,emma.cole,1,
4960,TCK-004960,444,457,2026-08-12,2026-08-12,solved,bug,low,chat,emma.cole,1,
4961,TCK-004961,444,457,2026-05-12,2026-05-12,solved,bug,medium,email,emma.cole,1,
4962,TCK-004962,444,457,2026-01-08,2026-01-08,closed,outage,urgent,chat,marcus.holm,1,1
4963,TCK-004963,444,457,2026-04-12,2026-04-14,solved,how_to,medium,email,ava.nguyen,11,5
4964,TCK-004964,444,457,2026-03-31,2026-04-01,closed,how_to,low,email,jonas.becker,8,3
4965,TCK-004965,444,457,2025-08-12,,open,feature_request,medium,in_app,ava.nguyen,4,
4966,TCK-004966,444,457,2026-03-07,2026-03-07,solved,bug,medium,email,jonas.becker,1,
4967,TCK-004967,444,457,2025-09-11,2025-09-11,solved,how_to,urgent,phone,ava.nguyen,1,2
4968,TCK-004968,444,457,2025-10-10,2025-10-10,solved,bug,urgent,in_app,ava.nguyen,4,
4969,TCK-004969,444,457,2026-02-18,2026-02-18,closed,how_to,low,email,priya.shah,5,
4970,TCK-004970,444,457,2025-11-01,2025-11-01,solved,billing,low,chat,ava.nguyen,2,
4971,TCK-004971,444,457,2025-10-01,2025-10-01,solved,how_to,medium,in_app,emma.cole,2,5
4972,TCK-004972,444,457,2026-01-09,,open,feature_request,low,email,priya.shah,4,
4973,TCK-004973,444,457,2026-02-03,2026-02-03,solved,feature_request,low,email,jonas.becker,1,
4974,TCK-004974,445,458,2026-07-01,2026-07-01,closed,how_to,low,email,emma.cole,1,
4975,TCK-004975,445,458,2026-08-04,2026-08-04,closed,feature_request,low,in_app,emma.cole,1,
4976,TCK-004976,446,459,2025-11-22,2025-11-22,solved,how_to,low,in_app,jonas.becker,3,
4977,TCK-004977,446,459,2026-06-05,2026-06-08,solved,how_to,medium,email,emma.cole,24,5
4978,TCK-004978,446,459,2026-04-01,2026-04-01,solved,how_to,medium,email,jonas.becker,1,5
4979,TCK-004979,446,459,2025-10-27,2025-10-28,solved,billing,medium,chat,jonas.becker,5,1
4980,TCK-004980,446,459,2026-01-14,2026-01-15,solved,how_to,medium,email,ava.nguyen,3,5
4981,TCK-004981,446,459,2026-01-02,2026-01-02,solved,billing,high,in_app,marcus.holm,1,
4982,TCK-004982,446,459,2025-12-13,2025-12-13,closed,bug,medium,in_app,priya.shah,1,
4983,TCK-004983,446,459,2025-12-01,2025-12-01,solved,how_to,medium,in_app,emma.cole,1,
4984,TCK-004984,446,459,2025-12-26,2025-12-27,solved,feature_request,medium,chat,ava.nguyen,5,5
4985,TCK-004985,446,459,2025-10-19,2025-10-19,solved,feature_request,medium,phone,marcus.holm,1,3
4986,TCK-004986,446,459,2026-01-30,2026-01-30,solved,bug,medium,in_app,priya.shah,3,
4987,TCK-004987,446,459,2026-05-08,2026-05-08,solved,how_to,high,chat,marcus.holm,1,
4988,TCK-004988,446,459,2026-04-23,,open,billing,medium,phone,priya.shah,24,
4989,TCK-004989,446,459,2025-12-05,2025-12-05,solved,how_to,urgent,phone,marcus.holm,1,4
4990,TCK-004990,447,,2026-01-21,2026-01-21,solved,onboarding,urgent,email,priya.shah,1,5
4991,TCK-004991,447,461,2026-07-17,2026-07-17,solved,feature_request,medium,chat,ava.nguyen,1,
4992,TCK-004992,447,461,2026-06-07,2026-06-07,closed,feature_request,high,in_app,emma.cole,1,3
4993,TCK-004993,447,,2026-01-10,2026-01-11,closed,bug,medium,in_app,jonas.becker,10,5
4994,TCK-004994,447,460,2025-11-07,2025-11-07,solved,onboarding,medium,chat,emma.cole,1,
4995,TCK-004995,447,460,2025-03-30,2025-03-30,solved,outage,urgent,in_app,marcus.holm,1,
4996,TCK-004996,447,460,2025-12-22,2025-12-22,solved,billing,medium,email,ava.nguyen,1,
4997,TCK-004997,447,461,2026-07-16,2026-07-16,solved,billing,medium,in_app,ava.nguyen,2,4
4998,TCK-004998,447,461,2026-08-04,2026-08-04,solved,onboarding,medium,email,ava.nguyen,7,3
4999,TCK-004999,447,460,2025-07-28,2025-07-29,closed,feature_request,medium,email,priya.shah,8,5
5000,TCK-005000,447,460,2025-10-01,2025-10-01,solved,feature_request,high,email,ava.nguyen,1,
5001,TCK-005001,447,460,2025-09-26,2025-09-26,solved,feature_request,high,email,ava.nguyen,1,
5002,TCK-005002,448,462,2026-02-12,2026-02-12,solved,bug,high,email,priya.shah,1,5
5003,TCK-005003,448,462,2026-04-08,2026-04-08,solved,bug,low,chat,priya.shah,1,
5004,TCK-005004,448,462,2026-08-04,2026-08-04,closed,billing,low,in_app,emma.cole,1,
5005,TCK-005005,449,463,2023-02-03,,open,feature_request,high,chat,jonas.becker,8,
5006,TCK-005006,449,463,2023-02-23,2023-02-23,solved,bug,medium,email,emma.cole,5,4
5007,TCK-005007,449,463,2023-10-04,2023-10-04,solved,how_to,medium,chat,ava.nguyen,1,3
5008,TCK-005008,449,463,2024-08-28,2024-08-29,solved,how_to,medium,email,emma.cole,7,
5009,TCK-005009,449,463,2025-01-22,2025-01-22,closed,onboarding,low,in_app,ava.nguyen,3,3
5010,TCK-005010,449,463,2024-11-29,2024-11-29,closed,how_to,low,in_app,emma.cole,2,5
5011,TCK-005011,449,463,2024-12-08,2024-12-08,solved,how_to,low,email,priya.shah,1,3
5012,TCK-005012,449,463,2023-12-11,2023-12-11,solved,bug,low,chat,emma.cole,2,2
5013,TCK-005013,449,463,2025-02-07,2025-02-07,closed,onboarding,high,email,marcus.holm,2,
5014,TCK-005014,449,463,2024-05-09,2024-05-09,solved,feature_request,medium,email,ava.nguyen,1,5
5015,TCK-005015,449,463,2024-09-11,2024-09-11,solved,bug,medium,email,jonas.becker,1,5
5016,TCK-005016,449,463,2023-10-31,2023-10-31,solved,billing,low,chat,ava.nguyen,1,4
5017,TCK-005017,449,463,2024-05-13,2024-05-13,solved,outage,high,in_app,priya.shah,1,
5018,TCK-005018,449,463,2024-01-09,2024-01-11,solved,feature_request,medium,email,emma.cole,16,4
5019,TCK-005019,449,463,2024-04-15,2024-04-15,closed,bug,medium,email,priya.shah,3,5
5020,TCK-005020,449,463,2024-05-17,2024-05-17,closed,feature_request,high,email,emma.cole,1,5
5021,TCK-005021,449,463,2023-11-18,2023-11-18,solved,how_to,medium,phone,marcus.holm,1,5
5022,TCK-005022,449,463,2023-06-05,2023-06-05,solved,billing,medium,email,priya.shah,3,5
5023,TCK-005023,449,463,2023-06-21,2023-06-21,closed,bug,medium,email,emma.cole,6,4
5024,TCK-005024,449,463,2024-07-06,2024-07-06,solved,outage,urgent,chat,ava.nguyen,6,
5025,TCK-005025,449,463,2024-05-03,2024-05-03,solved,bug,low,in_app,jonas.becker,1,
5026,TCK-005026,450,464,2026-04-21,2026-04-21,solved,feature_request,medium,phone,marcus.holm,3,
5027,TCK-005027,450,464,2026-02-14,2026-02-15,solved,how_to,low,in_app,marcus.holm,5,
5028,TCK-005028,450,464,2026-05-25,2026-05-25,solved,outage,urgent,email,priya.shah,1,
5029,TCK-005029,450,464,2025-11-11,2025-11-12,solved,billing,medium,email,marcus.holm,3,
5030,TCK-005030,450,464,2025-08-22,2025-08-22,closed,billing,high,in_app,marcus.holm,1,5
5031,TCK-005031,450,464,2026-04-22,,open,onboarding,medium,chat,marcus.holm,,
5032,TCK-005032,450,464,2025-07-28,2025-07-29,closed,feature_request,low,chat,jonas.becker,3,
5033,TCK-005033,450,464,2025-11-24,2025-11-24,closed,outage,high,chat,marcus.holm,1,4
5034,TCK-005034,450,464,2025-09-11,2025-09-12,closed,billing,medium,email,jonas.becker,2,
5035,TCK-005035,450,464,2025-11-13,2025-11-13,solved,bug,medium,email,jonas.becker,2,4
5036,TCK-005036,452,466,2026-03-02,2026-03-02,solved,bug,medium,in_app,jonas.becker,1,
5037,TCK-005037,452,466,2025-11-27,2025-11-27,solved,onboarding,high,in_app,priya.shah,1,
5038,TCK-005038,452,466,2026-05-17,2026-05-17,solved,bug,high,email,emma.cole,3,
5039,TCK-005039,452,466,2026-01-06,2026-01-06,solved,bug,medium,email,priya.shah,1,5
5040,TCK-005040,452,466,2026-06-15,2026-06-15,solved,bug,medium,email,jonas.becker,1,
5041,TCK-005041,452,466,2026-06-17,2026-06-17,solved,bug,low,chat,emma.cole,3,
5042,TCK-005042,455,469,2026-08-18,2026-08-18,solved,how_to,medium,chat,ava.nguyen,1,
5043,TCK-005043,456,470,2025-02-22,2025-02-22,solved,how_to,medium,in_app,jonas.becker,4,
5044,TCK-005044,456,470,2024-10-06,2024-10-06,solved,billing,low,in_app,priya.shah,3,5
5045,TCK-005045,457,471,2026-04-23,2026-04-23,solved,billing,medium,chat,ava.nguyen,1,3
5046,TCK-005046,458,472,2025-11-20,2025-11-20,solved,how_to,medium,email,jonas.becker,4,5
5047,TCK-005047,458,472,2026-03-02,2026-03-02,solved,billing,low,email,emma.cole,1,5
5048,TCK-005048,458,472,2024-10-02,2024-10-02,closed,billing,medium,in_app,marcus.holm,1,5
5049,TCK-005049,458,472,2025-12-15,2025-12-15,closed,how_to,low,email,emma.cole,1,
5050,TCK-005050,458,472,2025-08-09,2025-08-09,closed,bug,high,in_app,priya.shah,1,
5051,TCK-005051,458,472,2024-12-01,2024-12-01,solved,feature_request,low,email,priya.shah,1,
5052,TCK-005052,458,472,2024-09-25,2024-09-25,solved,bug,medium,chat,marcus.holm,3,
5053,TCK-005053,458,472,2025-05-18,2025-05-18,solved,how_to,medium,in_app,emma.cole,1,5
5054,TCK-005054,458,472,2025-10-15,2025-10-15,solved,bug,medium,in_app,emma.cole,1,
5055,TCK-005055,458,472,2024-11-17,2024-11-17,solved,outage,high,in_app,ava.nguyen,1,
5056,TCK-005056,458,472,2024-12-23,,open,how_to,medium,in_app,jonas.becker,24,
5057,TCK-005057,458,472,2024-09-11,2024-09-11,solved,onboarding,medium,in_app,jonas.becker,3,
5058,TCK-005058,458,472,2026-02-17,2026-02-17,solved,how_to,medium,email,marcus.holm,1,5
5059,TCK-005059,458,472,2024-12-31,2025-01-01,solved,feature_request,medium,in_app,jonas.becker,3,4
5060,TCK-005060,458,472,2024-12-15,2024-12-15,closed,billing,low,email,jonas.becker,1,
5061,TCK-005061,459,473,2026-01-02,2026-01-02,solved,how_to,medium,in_app,marcus.holm,1,
5062,TCK-005062,459,473,2026-05-22,2026-05-22,closed,bug,low,email,priya.shah,2,4
5063,TCK-005063,459,473,2025-04-28,2025-04-28,solved,how_to,medium,chat,ava.nguyen,5,
5064,TCK-005064,459,473,2025-03-26,2025-03-26,closed,feature_request,low,chat,emma.cole,1,
5065,TCK-005065,459,473,2025-10-10,2025-10-10,solved,how_to,medium,email,jonas.becker,1,
5066,TCK-005066,459,473,2026-02-14,2026-02-14,solved,how_to,medium,in_app,jonas.becker,3,
5067,TCK-005067,459,473,2025-04-20,2025-04-20,solved,onboarding,medium,in_app,jonas.becker,4,5
5068,TCK-005068,459,473,2026-07-02,2026-07-02,solved,onboarding,medium,email,ava.nguyen,1,
5069,TCK-005069,459,473,2026-05-20,2026-05-20,solved,how_to,low,email,marcus.holm,2,
5070,TCK-005070,459,473,2026-03-14,2026-03-14,solved,bug,medium,email,priya.shah,2,
5071,TCK-005071,459,473,2025-08-21,2025-08-21,solved,how_to,medium,email,marcus.holm,3,4
5072,TCK-005072,459,473,2025-10-10,2025-10-12,solved,how_to,medium,email,emma.cole,10,5
5073,TCK-005073,459,473,2026-07-16,2026-07-16,solved,how_to,medium,in_app,ava.nguyen,1,1
5074,TCK-005074,459,473,2026-02-21,,open,onboarding,high,email,priya.shah,8,
5075,TCK-005075,459,473,2026-05-17,2026-05-18,solved,how_to,medium,in_app,ava.nguyen,4,
5076,TCK-005076,459,473,2026-08-24,2026-08-24,solved,bug,urgent,in_app,emma.cole,1,
5077,TCK-005077,459,473,2025-02-13,2025-02-14,solved,how_to,medium,chat,jonas.becker,10,
5078,TCK-005078,459,473,2026-03-28,2026-03-28,closed,outage,urgent,in_app,jonas.becker,1,
5079,TCK-005079,459,473,2026-01-18,2026-01-18,solved,bug,medium,chat,jonas.becker,2,5
5080,TCK-005080,459,473,2024-12-27,2024-12-28,solved,how_to,medium,email,jonas.becker,8,5
5081,TCK-005081,459,473,2025-12-18,2025-12-18,solved,feature_request,low,email,priya.shah,1,
5082,TCK-005082,459,473,2025-09-09,2025-09-10,solved,how_to,low,email,emma.cole,2,
5083,TCK-005083,459,473,2025-08-04,2025-08-04,solved,onboarding,urgent,in_app,jonas.becker,1,5
5084,TCK-005084,459,473,2025-09-16,2025-09-16,solved,how_to,low,email,jonas.becker,1,
5085,TCK-005085,459,473,2025-03-25,2025-03-25,solved,how_to,medium,chat,marcus.holm,1,4
5086,TCK-005086,459,473,2025-06-22,2025-06-22,solved,how_to,low,in_app,ava.nguyen,1,5
5087,TCK-005087,459,473,2025-03-04,2025-03-05,solved,how_to,urgent,email,emma.cole,5,
5088,TCK-005088,459,473,2025-09-28,2025-09-28,solved,billing,medium,email,marcus.holm,1,
5089,TCK-005089,459,473,2026-04-25,,open,how_to,medium,chat,ava.nguyen,,
5090,TCK-005090,460,474,2026-05-23,2026-05-23,closed,bug,urgent,chat,marcus.holm,1,
5091,TCK-005091,460,474,2025-06-16,2025-06-16,closed,how_to,medium,in_app,emma.cole,1,5
5092,TCK-005092,460,474,2025-05-25,,open,bug,high,phone,emma.cole,2,
5093,TCK-005093,460,474,2026-02-08,2026-02-08,solved,outage,high,phone,jonas.becker,2,4
5094,TCK-005094,460,474,2026-02-25,2026-02-25,solved,onboarding,medium,email,marcus.holm,3,
5095,TCK-005095,460,474,2026-04-18,2026-04-19,solved,how_to,medium,in_app,jonas.becker,13,
5096,TCK-005096,460,474,2026-05-14,2026-05-14,solved,onboarding,high,email,emma.cole,1,
5097,TCK-005097,460,474,2025-10-04,2025-10-04,solved,feature_request,low,email,priya.shah,3,
5098,TCK-005098,460,474,2025-11-24,2025-11-24,closed,how_to,urgent,email,jonas.becker,1,4
5099,TCK-005099,460,474,2026-01-12,2026-01-13,solved,bug,low,phone,emma.cole,6,4
5100,TCK-005100,460,474,2025-06-02,2025-06-02,solved,billing,medium,email,priya.shah,3,5
5101,TCK-005101,460,474,2026-06-25,2026-06-26,solved,bug,low,email,jonas.becker,8,
5102,TCK-005102,461,475,2026-04-11,2026-04-12,closed,bug,medium,email,jonas.becker,4,
5103,TCK-005103,461,475,2026-07-29,2026-07-31,closed,how_to,medium,email,emma.cole,6,4
5104,TCK-005104,462,476,2025-10-02,2025-10-02,solved,onboarding,low,phone,priya.shah,1,
5105,TCK-005105,462,476,2023-10-22,2023-10-22,solved,outage,high,email,emma.cole,1,
5106,TCK-005106,462,476,2026-03-05,2026-03-05,solved,billing,low,chat,emma.cole,1,5
5107,TCK-005107,462,476,2022-10-15,2022-10-15,solved,how_to,medium,in_app,ava.nguyen,1,4
5108,TCK-005108,462,476,2023-12-10,2023-12-10,solved,how_to,high,in_app,ava.nguyen,1,5
5109,TCK-005109,462,476,2023-10-17,2023-10-17,solved,how_to,medium,in_app,jonas.becker,1,
5110,TCK-005110,462,476,2023-08-11,2023-08-11,solved,bug,low,chat,jonas.becker,2,
5111,TCK-005111,462,476,2024-11-02,2024-11-02,closed,billing,medium,email,jonas.becker,1,1
5112,TCK-005112,462,476,2026-01-04,2026-01-04,solved,how_to,high,email,marcus.holm,1,
5113,TCK-005113,462,476,2025-11-19,2025-11-19,solved,feature_request,medium,email,priya.shah,1,
5114,TCK-005114,462,476,2025-11-15,2025-11-16,closed,bug,low,email,marcus.holm,4,5
5115,TCK-005115,462,476,2023-12-28,2023-12-28,solved,onboarding,medium,in_app,ava.nguyen,4,5
5116,TCK-005116,462,476,2024-02-04,2024-02-04,solved,how_to,high,email,ava.nguyen,1,5
5117,TCK-005117,462,476,2025-06-25,2025-06-25,solved,how_to,medium,in_app,ava.nguyen,2,4
5118,TCK-005118,462,476,2023-07-17,2023-07-17,closed,feature_request,medium,email,emma.cole,1,5
5119,TCK-005119,462,476,2024-09-01,2024-09-01,closed,how_to,medium,chat,ava.nguyen,7,
5120,TCK-005120,462,476,2024-11-25,2024-11-26,solved,billing,low,email,priya.shah,4,5
5121,TCK-005121,462,476,2024-10-23,2024-10-23,closed,feature_request,low,in_app,marcus.holm,2,
5122,TCK-005122,462,476,2023-02-24,2023-02-25,closed,billing,medium,chat,emma.cole,8,5
5123,TCK-005123,462,476,2023-01-08,2023-01-08,solved,bug,urgent,email,ava.nguyen,1,4
5124,TCK-005124,462,476,2023-09-25,2023-09-25,closed,billing,medium,email,priya.shah,4,4
5125,TCK-005125,462,476,2022-09-21,,open,bug,low,email,priya.shah,,
5126,TCK-005126,462,476,2025-05-03,2025-05-03,closed,bug,medium,chat,marcus.holm,1,
5127,TCK-005127,462,476,2023-03-26,,open,bug,medium,email,unassigned,24,
5128,TCK-005128,462,476,2024-10-31,2024-10-31,closed,bug,low,email,ava.nguyen,3,
5129,TCK-005129,462,476,2024-11-10,2024-11-10,solved,feature_request,low,in_app,priya.shah,1,5
5130,TCK-005130,462,476,2026-04-07,2026-04-07,solved,how_to,low,in_app,marcus.holm,4,3
5131,TCK-005131,462,476,2024-12-28,2024-12-29,solved,bug,medium,in_app,emma.cole,3,5
5132,TCK-005132,463,477,2026-08-06,2026-08-06,solved,bug,medium,in_app,jonas.becker,2,4
5133,TCK-005133,463,477,2026-06-14,2026-06-14,closed,bug,medium,in_app,jonas.becker,1,
5134,TCK-005134,463,477,2026-04-12,2026-04-12,solved,onboarding,low,email,emma.cole,4,
5135,TCK-005135,463,477,2026-08-07,2026-08-08,closed,how_to,medium,email,jonas.becker,6,
5136,TCK-005136,463,477,2026-03-19,2026-03-19,solved,billing,high,in_app,ava.nguyen,1,
5137,TCK-005137,463,477,2026-02-22,2026-02-22,solved,bug,high,email,marcus.holm,1,
5138,TCK-005138,463,477,2026-01-15,,open,feature_request,low,in_app,marcus.holm,,
5139,TCK-005139,463,477,2026-05-06,2026-05-06,solved,bug,urgent,email,marcus.holm,1,4
5140,TCK-005140,463,477,2026-08-26,2026-08-26,solved,how_to,high,email,jonas.becker,1,
5141,TCK-005141,463,477,2026-01-23,2026-01-23,solved,how_to,low,email,ava.nguyen,1,
5142,TCK-005142,463,477,2025-11-03,2025-11-03,solved,bug,medium,email,priya.shah,4,
5143,TCK-005143,463,477,2026-08-24,,open,bug,medium,in_app,priya.shah,,
5144,TCK-005144,464,478,2025-08-02,2025-08-09,closed,feature_request,medium,in_app,priya.shah,14,5
5145,TCK-005145,464,478,2024-03-15,2024-03-15,solved,bug,high,in_app,ava.nguyen,1,3
5146,TCK-005146,464,478,2026-08-09,,open,bug,low,email,jonas.becker,4,
5147,TCK-005147,464,478,2024-03-22,2024-03-22,solved,outage,urgent,email,priya.shah,1,
5148,TCK-005148,464,478,2024-08-22,2024-08-22,closed,how_to,medium,email,marcus.holm,1,
5149,TCK-005149,465,479,2026-03-01,,open,bug,medium,in_app,unassigned,4,
5150,TCK-005150,465,479,2026-04-13,2026-04-13,closed,outage,urgent,in_app,ava.nguyen,1,
5151,TCK-005151,465,479,2026-02-23,2026-02-24,solved,how_to,low,in_app,priya.shah,2,
5152,TCK-005152,465,479,2026-01-19,,open,billing,low,email,emma.cole,2,
5153,TCK-005153,465,479,2025-08-27,2025-08-27,solved,billing,medium,email,priya.shah,1,4
5154,TCK-005154,465,479,2026-02-17,2026-02-17,solved,feature_request,medium,email,jonas.becker,1,3
5155,TCK-005155,466,480,2024-11-20,2024-11-20,solved,outage,high,in_app,jonas.becker,1,5
5156,TCK-005156,466,480,2025-01-24,2025-01-24,solved,feature_request,high,in_app,marcus.holm,1,
5157,TCK-005157,466,480,2026-03-25,2026-03-25,solved,bug,low,email,emma.cole,2,
5158,TCK-005158,466,480,2025-03-06,2025-03-06,solved,onboarding,urgent,email,marcus.holm,1,
5159,TCK-005159,466,480,2025-09-02,2025-09-02,solved,how_to,medium,email,jonas.becker,1,
5160,TCK-005160,467,481,2026-07-31,2026-07-31,solved,billing,medium,in_app,ava.nguyen,1,5
5161,TCK-005161,467,481,2026-04-08,2026-04-08,closed,how_to,urgent,email,jonas.becker,1,4
5162,TCK-005162,467,481,2025-09-25,2025-09-25,closed,feature_request,medium,chat,emma.cole,1,4
5163,TCK-005163,467,481,2025-08-01,2025-08-01,closed,how_to,low,email,marcus.holm,2,
5164,TCK-005164,467,481,2026-01-06,2026-01-06,closed,billing,high,email,emma.cole,1,
5165,TCK-005165,467,481,2026-04-03,2026-04-03,solved,how_to,high,in_app,emma.cole,1,2
5166,TCK-005166,467,481,2025-10-15,2025-10-15,solved,how_to,medium,chat,jonas.becker,1,
5167,TCK-005167,467,481,2025-07-06,2025-07-06,solved,how_to,low,chat,jonas.becker,1,4
5168,TCK-005168,467,481,2026-07-25,2026-07-26,solved,how_to,medium,in_app,jonas.becker,7,5
5169,TCK-005169,467,481,2025-10-31,2025-10-31,solved,how_to,low,chat,jonas.becker,1,4
5170,TCK-005170,468,,2025-10-23,2025-10-23,closed,onboarding,medium,email,priya.shah,1,
5171,TCK-005171,468,482,2024-11-21,2024-11-21,solved,billing,medium,email,priya.shah,3,
5172,TCK-005172,468,482,2023-10-16,2023-10-16,solved,feature_request,medium,chat,marcus.holm,2,
5173,TCK-005173,468,482,2022-08-07,2022-08-07,solved,how_to,medium,email,emma.cole,1,
5174,TCK-005174,468,482,2023-09-08,2023-09-08,solved,bug,medium,email,marcus.holm,1,5
5175,TCK-005175,468,482,2024-06-03,,open,bug,medium,in_app,marcus.holm,,
5176,TCK-005176,468,482,2023-07-18,2023-07-18,solved,onboarding,low,email,jonas.becker,2,4
5177,TCK-005177,468,482,2023-02-15,2023-02-15,solved,how_to,low,chat,marcus.holm,2,
5178,TCK-005178,468,482,2023-01-12,2023-01-13,solved,feature_request,low,chat,emma.cole,2,2
5179,TCK-005179,468,482,2024-06-26,2024-06-26,solved,bug,high,email,marcus.holm,1,3
5180,TCK-005180,468,482,2025-03-21,2025-03-21,solved,how_to,high,email,marcus.holm,1,
5181,TCK-005181,468,482,2024-09-17,2024-09-18,solved,billing,low,email,ava.nguyen,8,
5182,TCK-005182,468,,2025-08-24,2025-08-25,solved,how_to,medium,chat,ava.nguyen,1,
5183,TCK-005183,468,482,2023-07-03,2023-07-04,closed,how_to,medium,chat,priya.shah,9,
5184,TCK-005184,468,482,2025-05-03,2025-05-03,solved,how_to,low,in_app,priya.shah,1,
5185,TCK-005185,468,482,2024-07-03,,open,bug,high,in_app,ava.nguyen,2,
5186,TCK-005186,468,482,2024-01-26,2024-01-26,closed,outage,high,in_app,ava.nguyen,1,
5187,TCK-005187,468,482,2023-08-08,2023-08-09,closed,billing,medium,email,ava.nguyen,8,
5188,TCK-005188,468,482,2023-09-21,2023-09-21,closed,onboarding,low,in_app,ava.nguyen,1,
5189,TCK-005189,468,482,2024-04-22,2024-04-22,solved,how_to,medium,chat,marcus.holm,1,4
5190,TCK-005190,468,482,2023-02-08,2023-02-08,solved,bug,medium,in_app,emma.cole,2,
5191,TCK-005191,470,485,2025-09-15,2025-09-16,closed,how_to,low,email,priya.shah,11,4
5192,TCK-005192,470,485,2025-12-30,2025-12-31,solved,how_to,low,in_app,jonas.becker,5,5
5193,TCK-005193,470,485,2026-06-13,2026-06-13,solved,how_to,high,chat,ava.nguyen,1,2
5194,TCK-005194,471,486,2024-05-24,2024-05-24,solved,feature_request,urgent,chat,emma.cole,1,
5195,TCK-005195,471,486,2025-11-04,2025-11-04,closed,bug,medium,email,emma.cole,2,4
5196,TCK-005196,471,486,2024-08-15,2024-08-15,solved,bug,medium,in_app,emma.cole,1,5
5197,TCK-005197,471,486,2024-03-05,2024-03-05,solved,bug,medium,phone,emma.cole,1,4
5198,TCK-005198,471,486,2024-11-06,2024-11-06,solved,how_to,high,email,emma.cole,1,5
5199,TCK-005199,471,486,2024-08-03,2024-08-04,closed,feature_request,medium,email,emma.cole,4,
5200,TCK-005200,471,486,2025-01-22,2025-01-22,closed,how_to,medium,email,jonas.becker,1,
5201,TCK-005201,471,486,2024-12-11,,open,bug,medium,in_app,ava.nguyen,4,
5202,TCK-005202,471,486,2023-10-08,2023-10-08,solved,how_to,medium,chat,ava.nguyen,1,
5203,TCK-005203,471,486,2024-09-15,2024-09-15,closed,bug,low,in_app,ava.nguyen,1,
5204,TCK-005204,471,486,2024-04-06,2024-04-06,solved,how_to,high,phone,ava.nguyen,1,
5205,TCK-005205,471,486,2024-09-24,2024-09-24,solved,bug,high,email,ava.nguyen,1,3
5206,TCK-005206,471,486,2026-04-16,2026-04-16,solved,feature_request,low,email,priya.shah,1,2
5207,TCK-005207,471,486,2024-08-10,2024-08-10,solved,how_to,low,in_app,ava.nguyen,6,5
5208,TCK-005208,471,486,2025-09-18,2025-09-18,solved,feature_request,high,in_app,ava.nguyen,1,
5209,TCK-005209,471,486,2026-07-27,2026-07-27,solved,how_to,medium,email,jonas.becker,1,5
5210,TCK-005210,471,486,2023-10-17,2023-10-17,solved,how_to,high,email,marcus.holm,3,
5211,TCK-005211,471,486,2026-03-20,2026-03-20,solved,how_to,urgent,email,ava.nguyen,1,
5212,TCK-005212,471,486,2025-11-15,2025-11-15,solved,bug,medium,phone,jonas.becker,1,1
5213,TCK-005213,471,486,2024-12-21,2024-12-21,solved,how_to,low,in_app,priya.shah,1,
5214,TCK-005214,471,486,2024-03-18,2024-03-18,solved,how_to,low,email,marcus.holm,1,4
5215,TCK-005215,471,486,2025-02-12,2025-02-12,solved,bug,low,email,jonas.becker,1,
5216,TCK-005216,471,486,2025-06-09,2025-06-09,solved,feature_request,medium,in_app,priya.shah,1,
5217,TCK-005217,472,487,2025-10-29,2025-10-29,solved,how_to,high,in_app,priya.shah,1,4
5218,TCK-005218,472,487,2025-11-12,2025-11-12,closed,bug,medium,email,emma.cole,2,
5219,TCK-005219,472,487,2024-08-12,2024-08-12,closed,bug,high,email,emma.cole,1,4
5220,TCK-005220,472,487,2026-03-02,2026-03-02,closed,bug,low,email,emma.cole,1,
5221,TCK-005221,472,487,2025-08-31,2025-08-31,closed,feature_request,medium,email,priya.shah,1,
5222,TCK-005222,472,487,2025-05-19,2025-05-19,solved,billing,low,in_app,jonas.becker,1,
5223,TCK-005223,472,487,2024-11-16,2024-11-16,solved,feature_request,medium,chat,emma.cole,1,
5224,TCK-005224,472,487,2025-08-26,2025-08-26,solved,outage,urgent,in_app,priya.shah,1,4
5225,TCK-005225,472,487,2026-04-17,2026-04-17,closed,how_to,low,in_app,marcus.holm,1,5
5226,TCK-005226,472,487,2026-04-16,2026-04-16,closed,feature_request,medium,chat,emma.cole,1,
5227,TCK-005227,472,487,2024-11-20,2024-11-20,solved,outage,urgent,in_app,ava.nguyen,1,
5228,TCK-005228,472,487,2025-11-18,2025-11-18,closed,feature_request,low,chat,emma.cole,5,
5229,TCK-005229,472,487,2024-11-03,2024-11-03,closed,how_to,low,chat,ava.nguyen,3,
5230,TCK-005230,472,487,2026-03-03,2026-03-03,solved,billing,medium,chat,ava.nguyen,2,4
5231,TCK-005231,472,487,2024-08-28,2024-08-28,solved,billing,medium,email,marcus.holm,1,5
5232,TCK-005232,472,487,2025-10-31,2025-10-31,solved,how_to,low,email,jonas.becker,1,4
5233,TCK-005233,472,487,2024-11-21,2024-11-21,closed,how_to,low,email,emma.cole,1,
5234,TCK-005234,472,487,2024-02-27,2024-03-03,closed,how_to,low,phone,priya.shah,16,3
5235,TCK-005235,472,487,2026-07-13,2026-07-13,solved,feature_request,medium,email,marcus.holm,1,4
5236,TCK-005236,472,487,2024-10-29,2024-10-30,solved,onboarding,low,phone,priya.shah,6,4
5237,TCK-005237,472,487,2024-12-10,2024-12-10,solved,how_to,medium,email,ava.nguyen,1,
5238,TCK-005238,472,487,2025-08-02,2025-08-03,solved,bug,medium,email,emma.cole,3,4
5239,TCK-005239,472,487,2025-05-04,2025-05-04,closed,how_to,high,in_app,priya.shah,1,
5240,TCK-005240,472,487,2026-04-13,2026-04-13,solved,feature_request,low,email,priya.shah,2,4
5241,TCK-005241,472,487,2025-04-08,2025-04-08,solved,how_to,medium,chat,jonas.becker,1,
5242,TCK-005242,472,487,2026-06-30,,open,bug,medium,email,marcus.holm,2,
5243,TCK-005243,472,487,2024-04-19,2024-04-19,closed,bug,low,in_app,emma.cole,4,5
5244,TCK-005244,472,487,2024-05-03,2024-05-03,closed,onboarding,low,in_app,jonas.becker,6,
5245,TCK-005245,472,487,2026-07-02,2026-07-02,closed,how_to,high,email,priya.shah,1,3
5246,TCK-005246,472,487,2025-11-13,2025-11-13,solved,billing,low,email,priya.shah,4,
5247,TCK-005247,472,487,2024-02-02,2024-02-02,closed,how_to,medium,email,priya.shah,1,5
5248,TCK-005248,472,487,2025-02-24,2025-02-24,closed,bug,high,in_app,emma.cole,1,
5249,TCK-005249,472,487,2025-03-11,2025-03-11,solved,feature_request,low,email,jonas.becker,1,3
5250,TCK-005250,472,487,2026-07-10,2026-07-10,closed,onboarding,medium,email,jonas.becker,1,
5251,TCK-005251,473,488,2025-11-14,2025-11-14,closed,feature_request,high,chat,jonas.becker,1,
5252,TCK-005252,473,488,2026-07-11,2026-07-14,solved,how_to,medium,email,marcus.holm,23,
5253,TCK-005253,473,488,2026-03-27,2026-03-27,closed,how_to,high,email,emma.cole,3,
5254,TCK-005254,474,489,2026-05-28,2026-05-28,closed,how_to,medium,email,jonas.becker,1,
5255,TCK-005255,474,489,2026-03-15,2026-03-15,solved,billing,medium,email,priya.shah,1,
5256,TCK-005256,474,489,2026-03-05,2026-03-05,closed,bug,medium,in_app,emma.cole,1,
5257,TCK-005257,474,489,2026-03-24,2026-03-24,solved,bug,low,chat,priya.shah,5,
5258,TCK-005258,474,489,2026-07-27,2026-07-27,closed,feature_request,medium,email,marcus.holm,1,
5259,TCK-005259,474,489,2026-05-31,2026-06-03,closed,bug,medium,chat,priya.shah,19,3
5260,TCK-005260,474,489,2025-12-28,2025-12-28,solved,how_to,medium,email,marcus.holm,1,5
5261,TCK-005261,475,490,2026-05-12,2026-05-13,solved,how_to,low,email,emma.cole,4,
5262,TCK-005262,475,490,2026-04-28,2026-04-28,solved,bug,urgent,email,jonas.becker,1,
5263,TCK-005263,476,491,2026-01-13,2026-01-13,solved,how_to,medium,email,marcus.holm,3,
5264,TCK-005264,477,492,2026-06-08,2026-06-08,solved,feature_request,medium,email,priya.shah,1,
5265,TCK-005265,477,492,2026-01-05,2026-01-05,closed,billing,low,email,jonas.becker,3,5
5266,TCK-005266,477,492,2026-01-03,2026-01-03,solved,how_to,medium,email,emma.cole,1,4
5267,TCK-005267,477,492,2025-10-23,2025-10-23,solved,feature_request,high,email,ava.nguyen,1,
5268,TCK-005268,478,493,2026-06-29,2026-06-29,solved,feature_request,medium,email,ava.nguyen,6,
5269,TCK-005269,478,493,2026-08-16,2026-08-16,solved,how_to,medium,email,ava.nguyen,1,
5270,TCK-005270,478,493,2026-07-10,2026-07-10,solved,feature_request,medium,in_app,emma.cole,1,
5271,TCK-005271,478,493,2026-04-15,2026-04-15,solved,feature_request,medium,in_app,jonas.becker,1,5
5272,TCK-005272,478,493,2026-04-07,,open,bug,urgent,in_app,priya.shah,,
5273,TCK-005273,478,493,2026-07-30,2026-07-30,solved,how_to,high,email,priya.shah,2,3
5274,TCK-005274,478,493,2026-06-15,2026-06-15,solved,how_to,urgent,in_app,marcus.holm,1,
5275,TCK-005275,478,493,2026-05-18,2026-05-18,solved,billing,low,email,ava.nguyen,1,
5276,TCK-005276,479,494,2024-11-09,2024-11-09,solved,feature_request,medium,chat,emma.cole,3,5
5277,TCK-005277,479,494,2024-08-19,2024-08-19,solved,billing,medium,email,jonas.becker,1,4
5278,TCK-005278,479,494,2025-04-24,,open,billing,medium,email,priya.shah,8,
5279,TCK-005279,479,494,2025-06-29,2025-06-29,solved,bug,low,in_app,priya.shah,1,
5280,TCK-005280,479,494,2025-06-03,2025-06-03,solved,how_to,medium,email,marcus.holm,1,5
5281,TCK-005281,479,494,2024-04-30,2024-04-30,solved,how_to,low,chat,ava.nguyen,2,5
5282,TCK-005282,479,494,2025-04-20,2025-04-20,solved,bug,high,in_app,priya.shah,1,5
5283,TCK-005283,479,494,2024-03-27,2024-03-27,closed,outage,high,email,jonas.becker,1,
5284,TCK-005284,479,494,2024-02-18,,open,billing,medium,email,unassigned,24,
5285,TCK-005285,479,494,2025-04-28,2025-04-29,solved,how_to,low,email,emma.cole,1,
5286,TCK-005286,479,494,2025-08-25,2025-08-25,solved,billing,high,chat,marcus.holm,1,3
5287,TCK-005287,479,494,2024-07-20,2024-07-20,closed,onboarding,low,chat,priya.shah,4,1
5288,TCK-005288,479,494,2024-04-22,2024-04-22,closed,bug,high,in_app,emma.cole,1,
5289,TCK-005289,479,494,2025-08-24,2025-08-28,solved,how_to,medium,email,jonas.becker,6,
5290,TCK-005290,479,494,2024-01-29,2024-01-29,solved,how_to,low,email,marcus.holm,1,
5291,TCK-005291,479,494,2025-01-07,2025-01-07,solved,how_to,low,email,ava.nguyen,2,
5292,TCK-005292,480,495,2026-01-19,2026-01-19,solved,bug,low,email,jonas.becker,3,
5293,TCK-005293,480,495,2026-06-13,2026-06-13,solved,bug,urgent,email,emma.cole,1,3
5294,TCK-005294,480,495,2025-11-24,2025-11-24,solved,how_to,medium,email,emma.cole,1,
5295,TCK-005295,480,495,2025-12-03,2025-12-06,solved,how_to,medium,email,emma.cole,12,4
5296,TCK-005296,480,495,2026-04-06,2026-04-06,solved,feature_request,medium,chat,marcus.holm,1,
5297,TCK-005297,480,495,2026-08-16,2026-08-16,closed,onboarding,high,email,emma.cole,1,4
5298,TCK-005298,480,495,2025-11-23,2025-11-23,closed,bug,medium,email,ava.nguyen,4,
5299,TCK-005299,480,495,2026-03-14,2026-03-14,solved,billing,medium,chat,priya.shah,1,
5300,TCK-005300,480,495,2026-06-22,2026-06-22,solved,billing,medium,email,priya.shah,1,5
5301,TCK-005301,480,495,2026-07-25,2026-07-25,closed,billing,high,email,marcus.holm,1,4
5302,TCK-005302,480,495,2025-10-26,2025-10-26,closed,feature_request,urgent,in_app,priya.shah,1,5
5303,TCK-005303,480,495,2026-04-13,2026-04-13,solved,how_to,high,chat,marcus.holm,1,
5304,TCK-005304,480,495,2026-06-20,2026-06-20,solved,feature_request,medium,email,jonas.becker,4,
5305,TCK-005305,480,495,2026-04-20,2026-04-20,solved,how_to,low,chat,jonas.becker,4,4
5306,TCK-005306,480,495,2026-04-29,2026-05-01,solved,how_to,medium,in_app,ava.nguyen,19,
5307,TCK-005307,480,495,2025-11-02,2025-11-02,solved,feature_request,medium,email,jonas.becker,2,
5308,TCK-005308,480,495,2026-01-07,2026-01-07,closed,onboarding,medium,phone,marcus.holm,3,3
5309,TCK-005309,480,495,2026-01-23,2026-01-23,solved,bug,low,in_app,jonas.becker,1,5
5310,TCK-005310,480,495,2026-06-12,2026-06-12,solved,how_to,low,chat,priya.shah,2,
5311,TCK-005311,480,495,2025-11-01,2025-11-01,closed,billing,medium,email,ava.nguyen,1,
5312,TCK-005312,480,495,2026-01-31,2026-01-31,solved,onboarding,low,in_app,jonas.becker,1,
5313,TCK-005313,480,495,2025-10-14,2025-10-14,closed,outage,urgent,email,jonas.becker,2,4
5314,TCK-005314,480,495,2026-03-24,2026-03-24,solved,onboarding,high,email,ava.nguyen,1,5
5315,TCK-005315,480,495,2026-01-29,2026-01-29,solved,feature_request,low,in_app,jonas.becker,3,4
5316,TCK-005316,480,495,2026-02-01,2026-02-01,solved,onboarding,low,in_app,marcus.holm,1,
5317,TCK-005317,480,495,2026-04-15,2026-04-17,solved,how_to,low,email,jonas.becker,7,
5318,TCK-005318,480,495,2026-08-02,2026-08-02,solved,feature_request,low,in_app,ava.nguyen,2,
5319,TCK-005319,482,,2025-08-16,2025-08-16,solved,feature_request,medium,in_app,marcus.holm,1,4
5320,TCK-005320,483,,2023-02-17,2023-02-17,solved,billing,medium,email,emma.cole,2,
5321,TCK-005321,490,,2025-04-15,2025-04-16,closed,feature_request,medium,in_app,marcus.holm,10,
5322,TCK-005322,494,,2025-07-11,2025-07-12,solved,bug,low,chat,marcus.holm,2,4
5323,TCK-005323,495,,2025-08-02,2025-08-02,solved,billing,high,email,jonas.becker,1,
5324,TCK-005324,498,,2026-05-03,2026-05-03,solved,feature_request,medium,in_app,ava.nguyen,3,5
5325,TCK-005325,500,,2025-02-27,2025-02-27,solved,bug,low,in_app,priya.shah,4,1
5326,TCK-005326,500,,2025-02-20,2025-02-20,solved,how_to,medium,in_app,emma.cole,1,2
5327,TCK-005327,502,,2025-06-23,2025-06-23,solved,bug,medium,email,jonas.becker,3,
5328,TCK-005328,504,,2026-08-12,2026-08-12,closed,billing,low,in_app,emma.cole,1,
5329,TCK-005329,505,,2024-12-28,2024-12-28,solved,bug,high,email,ava.nguyen,2,3
5330,TCK-005330,505,,2024-12-22,2024-12-23,solved,how_to,low,in_app,priya.shah,9,5
5331,TCK-005331,515,,2026-06-27,2026-06-29,closed,bug,medium,email,priya.shah,4,
5332,TCK-005332,517,,2026-04-19,2026-04-19,solved,feature_request,medium,chat,priya.shah,1,
5333,TCK-005333,519,,2025-12-18,2025-12-18,closed,how_to,medium,in_app,marcus.holm,1,
5334,TCK-005334,521,,2025-01-12,2025-01-12,solved,how_to,high,chat,ava.nguyen,3,5
5335,TCK-005335,531,,2024-10-24,2024-10-24,closed,outage,urgent,in_app,priya.shah,4,3
5336,TCK-005336,531,,2024-10-29,2024-10-29,solved,feature_request,high,email,ava.nguyen,1,
5337,TCK-005337,532,,2026-01-10,2026-01-10,solved,billing,medium,email,priya.shah,1,
5338,TCK-005338,534,,2025-01-05,2025-01-05,solved,how_to,medium,in_app,jonas.becker,2,4
5339,TCK-005339,556,,2024-06-05,2024-06-05,solved,bug,medium,in_app,ava.nguyen,3,1
5340,TCK-005340,558,,2026-06-30,2026-07-01,solved,onboarding,medium,email,marcus.holm,6,4
5341,TCK-005341,560,,2023-07-01,2023-07-01,solved,bug,medium,in_app,priya.shah,1,4
5342,TCK-005342,560,,2023-07-02,2023-07-02,closed,bug,medium,email,priya.shah,3,5
5343,TCK-005343,561,,2025-10-03,,open,how_to,medium,in_app,marcus.holm,,
5344,TCK-005344,562,,2024-01-13,2024-01-13,closed,bug,low,email,priya.shah,1,4
5345,TCK-005345,563,,2025-02-08,2025-02-08,solved,feature_request,high,in_app,jonas.becker,1,
5346,TCK-005346,564,,2023-05-05,2023-05-05,solved,feature_request,medium,in_app,emma.cole,1,3
5347,TCK-005347,564,,2023-04-20,2023-04-22,solved,bug,medium,chat,jonas.becker,12,
5348,TCK-005348,566,,2026-08-06,2026-08-06,solved,how_to,medium,in_app,jonas.becker,1,1
5349,TCK-005349,568,,2023-03-11,2023-03-11,solved,bug,high,email,emma.cole,1,4
