invoice_item_id,invoice_id,customer_id,subscription_id,plan_id,description,item_type,quantity,unit_price,amount
1,1,1,1,1,Starter plan · 4 seats,subscription,4,29.00,116.00
2,2,1,1,1,Starter plan · 4 seats,subscription,4,29.00,116.00
3,3,1,1,1,Starter plan · 4 seats,subscription,4,29.00,116.00
4,4,1,2,1,Starter plan · 3 seats,subscription,3,29.00,87.00
5,5,1,2,1,Starter plan · 3 seats,subscription,3,29.00,87.00
6,6,1,2,1,Starter plan · 3 seats,subscription,3,29.00,87.00
7,7,1,2,1,Starter plan · 3 seats,subscription,3,29.00,87.00
8,8,1,2,1,Starter plan · 3 seats,subscription,3,29.00,87.00
9,9,1,2,1,Starter plan · 3 seats,subscription,3,29.00,87.00
10,10,1,2,1,Starter plan · 3 seats,subscription,3,29.00,87.00
11,11,2,3,1,Starter plan · 6 seats,subscription,6,29.00,174.00
12,12,2,3,1,Starter plan · 6 seats,subscription,6,29.00,174.00
13,13,2,3,1,Starter plan · 6 seats,subscription,6,29.00,174.00
14,14,2,3,1,Starter plan · 6 seats,subscription,6,29.00,174.00
15,15,2,3,1,Starter plan · 6 seats,subscription,6,29.00,174.00
16,16,2,3,1,Starter plan · 6 seats,subscription,6,29.00,174.00
17,17,2,3,1,Starter plan · 6 seats,subscription,6,29.00,174.00
18,18,2,3,1,Starter plan · 6 seats,subscription,6,29.00,174.00
19,19,2,3,1,Starter plan · 6 seats,subscription,6,29.00,174.00
20,20,2,3,1,Starter plan · 6 seats,subscription,6,29.00,174.00
21,21,2,3,1,Starter plan · 6 seats,subscription,6,29.00,174.00
22,22,2,3,1,Starter plan · 5 seats,subscription,5,29.00,145.00
23,23,2,3,1,Starter plan · 5 seats,subscription,5,29.00,145.00
24,24,2,3,1,Starter plan · 5 seats,subscription,5,29.00,145.00
25,25,2,3,1,Starter plan · 5 seats,subscription,5,29.00,145.00
26,26,2,3,1,Starter plan · 5 seats,subscription,5,29.00,145.00
27,27,2,3,1,Starter plan · 5 seats,subscription,5,29.00,145.00
28,28,2,3,1,Starter plan · 5 seats,subscription,5,29.00,145.00
29,29,2,3,1,Starter plan · 5 seats,subscription,5,29.00,145.00
30,30,3,4,1,Starter plan · 4 seats,subscription,4,29.00,116.00
31,31,3,4,1,Starter plan · 4 seats,subscription,4,29.00,116.00
32,32,3,4,1,Starter plan · 4 seats,subscription,4,29.00,116.00
33,33,3,4,1,Starter plan · 4 seats,subscription,4,29.00,116.00
34,34,3,4,1,Starter plan · 4 seats,subscription,4,29.00,116.00
35,35,3,4,1,Starter plan · 4 seats,subscription,4,29.00,116.00
36,36,3,4,1,Starter plan · 4 seats,subscription,4,29.00,116.00
37,37,3,4,1,Starter plan · 4 seats,subscription,4,29.00,116.00
38,38,3,4,1,Starter plan · 4 seats,subscription,4,29.00,116.00
39,39,3,4,1,Starter plan · 4 seats,subscription,4,29.00,116.00
40,40,3,4,1,Starter plan · 4 seats,subscription,4,29.00,116.00
41,41,3,4,1,Starter plan · 4 seats,subscription,4,29.00,116.00
42,42,3,4,1,Starter plan · 4 seats,subscription,4,29.00,116.00
43,43,3,4,1,Starter plan · 4 seats,subscription,4,29.00,116.00
44,44,3,4,1,Starter plan · 4 seats,subscription,4,29.00,116.00
45,45,3,4,1,Starter plan · 4 seats,subscription,4,29.00,116.00
46,46,3,4,1,Starter plan · 4 seats,subscription,4,29.00,116.00
47,47,3,4,2,Team plan · 4 seats,subscription,4,59.00,236.00
48,48,3,4,2,Team plan · 4 seats,subscription,4,59.00,236.00
49,49,3,4,2,Team plan · 4 seats,subscription,4,59.00,236.00
50,50,3,4,2,Team plan · 4 seats,subscription,4,59.00,236.00
51,51,4,5,4,Enterprise annual · 46 seats,subscription,46,1490.00,68540.04
52,51,4,5,4,Implementation and onboarding,one_time,1,1500.00,1500.00
53,52,4,5,3,Business annual · 46 seats,subscription,46,990.00,45540.00
54,53,4,5,3,Business annual · 46 seats,subscription,46,990.00,45540.00
55,54,5,6,2,Team annual · 5 seats,subscription,5,589.99,2949.96
56,55,6,7,2,Team annual · 13 seats,subscription,13,590.00,7670.04
57,56,6,7,3,Business annual · 13 seats,subscription,13,990.00,12870.00
58,57,6,8,3,Business plan · 10 seats,subscription,10,99.00,990.00
59,58,6,8,3,Business plan · 11 seats,subscription,11,99.00,1089.00
60,58,6,8,3,Additional storage,addon,1,49.00,49.00
61,59,6,8,3,Business plan · 11 seats,subscription,11,99.00,1089.00
62,59,6,8,3,Additional storage,addon,1,79.00,79.00
63,60,6,8,3,Business plan · 11 seats,subscription,11,99.00,1089.00
64,61,6,8,3,Business plan · 11 seats,subscription,11,99.00,1089.00
65,62,6,8,3,Business plan · 11 seats,subscription,11,99.00,1089.00
66,63,6,8,3,Business plan · 11 seats,subscription,11,99.00,1089.00
67,64,6,8,3,Business plan · 11 seats,subscription,11,99.00,1089.00
68,65,6,8,3,Business plan · 11 seats,subscription,11,99.00,1089.00
69,65,6,8,3,Additional storage,addon,1,129.00,129.00
70,66,6,8,3,Business plan · 11 seats,subscription,11,99.00,1089.00
71,67,6,8,3,Business plan · 11 seats,subscription,11,99.00,1089.00
72,68,6,8,3,Business plan · 11 seats,subscription,11,99.00,1089.00
73,69,6,8,3,Business plan · 11 seats,subscription,11,99.00,1089.00
74,70,6,8,3,Business plan · 11 seats,subscription,11,99.00,1089.00
75,71,6,8,3,Business plan · 11 seats,subscription,11,99.00,1089.00
76,72,6,8,3,Business plan · 11 seats,subscription,11,99.00,1089.00
77,73,7,9,1,Starter plan · 3 seats,subscription,3,29.00,87.00
78,74,7,9,1,Starter plan · 3 seats,subscription,3,29.00,87.00
79,75,7,9,1,Starter plan · 3 seats,subscription,3,29.00,87.00
80,76,7,9,1,Starter plan · 3 seats,subscription,3,29.00,87.00
81,77,7,9,1,Starter plan · 3 seats,subscription,3,29.00,87.00
82,78,7,9,1,Starter plan · 3 seats,subscription,3,29.00,87.00
83,79,7,9,1,Starter plan · 3 seats,subscription,3,29.00,87.00
84,80,7,9,1,Starter plan · 3 seats,subscription,3,29.00,87.00
85,81,7,9,1,Starter plan · 3 seats,subscription,3,29.00,87.00
86,82,7,9,1,Starter plan · 3 seats,subscription,3,29.00,87.00
87,83,8,10,2,Team plan · 3 seats,subscription,3,59.00,177.00
88,84,8,10,2,Team plan · 2 seats,subscription,2,59.00,118.00
89,85,8,10,2,Team plan · 2 seats,subscription,2,59.00,118.00
90,86,8,10,2,Team plan · 2 seats,subscription,2,59.00,118.00
91,87,8,10,2,Team plan · 2 seats,subscription,2,59.00,118.00
92,88,8,10,2,Team plan · 2 seats,subscription,2,59.00,118.00
93,89,8,10,2,Team plan · 2 seats,subscription,2,59.00,118.00
94,90,8,10,2,Team plan · 2 seats,subscription,2,59.00,118.00
95,91,8,10,2,Team plan · 2 seats,subscription,2,59.00,118.00
96,92,8,10,2,Team plan · 2 seats,subscription,2,59.00,118.00
97,93,8,10,2,Team plan · 2 seats,subscription,2,59.00,118.00
98,94,8,10,2,Team plan · 2 seats,subscription,2,59.00,118.00
99,95,8,10,2,Team plan · 2 seats,subscription,2,59.00,118.00
100,96,8,10,2,Team plan · 2 seats,subscription,2,59.00,118.00
101,97,8,10,2,Team plan · 2 seats,subscription,2,59.00,118.00
102,98,8,10,2,Team plan · 2 seats,subscription,2,59.00,118.00
103,99,8,10,2,Team plan · 2 seats,subscription,2,59.00,118.00
104,100,8,10,2,Team plan · 2 seats,subscription,2,59.00,118.00
105,101,8,10,2,Team plan · 2 seats,subscription,2,59.00,118.00
106,102,8,10,2,Team plan · 2 seats,subscription,2,59.00,118.00
107,103,8,10,2,Team plan · 3 seats,subscription,3,59.00,177.00
108,104,8,10,2,Team plan · 3 seats,subscription,3,59.00,177.00
109,105,8,10,2,Team plan · 4 seats,subscription,4,59.00,236.00
110,106,8,10,2,Team plan · 4 seats,subscription,4,59.00,236.00
111,107,9,11,2,Team plan · 19 seats,subscription,19,59.00,1121.00
112,108,9,11,2,Team plan · 19 seats,subscription,19,59.00,1121.00
113,109,9,11,2,Team plan · 19 seats,subscription,19,59.00,1121.00
114,110,9,11,2,Team plan · 19 seats,subscription,19,59.00,1121.00
115,111,9,11,2,Team plan · 19 seats,subscription,19,59.00,1121.00
116,112,9,11,2,Team plan · 19 seats,subscription,19,59.00,1121.00
117,113,9,11,2,Team plan · 19 seats,subscription,19,59.00,1121.00
118,114,9,11,2,Team plan · 20 seats,subscription,20,59.00,1180.00
119,115,9,11,2,Team plan · 20 seats,subscription,20,59.00,1180.00
120,116,9,11,2,Team plan · 20 seats,subscription,20,59.00,1180.00
121,117,9,11,2,Team plan · 20 seats,subscription,20,59.00,1180.00
122,118,9,11,2,Team plan · 20 seats,subscription,20,59.00,1180.00
123,119,9,11,2,Team plan · 20 seats,subscription,20,59.00,1180.00
124,120,9,11,2,Team plan · 22 seats,subscription,22,59.00,1298.00
125,121,9,11,2,Team plan · 22 seats,subscription,22,59.00,1298.00
126,122,10,12,1,Starter plan · 3 seats,subscription,3,29.00,87.00
127,123,10,12,1,Starter plan · 3 seats,subscription,3,29.00,87.00
128,124,10,12,1,Starter plan · 3 seats,subscription,3,29.00,87.00
129,125,11,13,2,Team plan · 12 seats,subscription,12,59.00,708.00
130,126,11,13,2,Team plan · 12 seats,subscription,12,59.00,708.00
131,127,11,13,2,Team plan · 12 seats,subscription,12,59.00,708.00
132,128,11,13,2,Team plan · 12 seats,subscription,12,59.00,708.00
133,129,12,14,4,Enterprise annual · 223 seats,subscription,223,1490.00,332270.04
134,129,12,14,4,Implementation and onboarding,one_time,1,7500.00,7500.00
135,129,12,14,4,Customer success package,addon,1,3600.00,3600.00
136,130,13,15,3,Business annual · 83 seats,subscription,83,990.00,82170.00
137,131,13,15,3,Business annual · 100 seats,subscription,100,990.00,99000.00
138,132,13,15,3,Business annual · 100 seats,subscription,100,990.00,99000.00
139,133,13,15,3,Business annual · 100 seats,subscription,100,990.00,99000.00
140,134,14,16,2,Team annual · 50 seats,subscription,50,590.00,29499.96
141,135,15,17,3,Business plan · 39 seats,subscription,39,99.00,3861.00
142,136,15,17,3,Business plan · 39 seats,subscription,39,99.00,3861.00
143,137,15,17,3,Business plan · 39 seats,subscription,39,99.00,3861.00
144,138,15,17,3,Business plan · 39 seats,subscription,39,99.00,3861.00
145,139,15,17,3,Business plan · 39 seats,subscription,39,99.00,3861.00
146,140,15,17,3,Business plan · 39 seats,subscription,39,99.00,3861.00
147,141,15,17,3,Business plan · 39 seats,subscription,39,99.00,3861.00
148,142,15,17,3,Business plan · 39 seats,subscription,39,99.00,3861.00
149,143,16,18,2,Team plan · 30 seats,subscription,30,59.00,1770.00
150,144,16,18,2,Team plan · 30 seats,subscription,30,59.00,1770.00
151,145,16,18,2,Team plan · 30 seats,subscription,30,59.00,1770.00
152,146,16,18,2,Team plan · 30 seats,subscription,30,59.00,1770.00
153,147,16,18,2,Team plan · 30 seats,subscription,30,59.00,1770.00
154,148,16,18,2,Team plan · 30 seats,subscription,30,59.00,1770.00
155,149,16,18,2,Team plan · 30 seats,subscription,30,59.00,1770.00
156,150,16,18,2,Team plan · 30 seats,subscription,30,59.00,1770.00
157,151,16,18,2,Team plan · 30 seats,subscription,30,59.00,1770.00
158,152,16,18,2,Team plan · 30 seats,subscription,30,59.00,1770.00
159,153,16,18,2,Team plan · 30 seats,subscription,30,59.00,1770.00
160,154,16,18,2,Team plan · 30 seats,subscription,30,59.00,1770.00
161,155,16,18,2,Team plan · 30 seats,subscription,30,59.00,1770.00
162,156,17,19,3,Business annual · 381 seats,subscription,381,990.00,377190.00
163,157,17,19,4,Enterprise annual · 381 seats,subscription,381,1490.00,567690.00
164,158,17,19,4,Enterprise annual · 423 seats,subscription,423,1490.00,630270.00
165,159,18,20,4,Enterprise annual · 17 seats,subscription,17,1490.00,25329.96
166,160,19,21,2,Team plan · 35 seats,subscription,35,59.00,2065.00
167,161,19,21,2,Team plan · 35 seats,subscription,35,59.00,2065.00
168,162,19,21,2,Team plan · 35 seats,subscription,35,59.00,2065.00
169,163,19,21,2,Team plan · 35 seats,subscription,35,59.00,2065.00
170,164,19,21,2,Team plan · 35 seats,subscription,35,59.00,2065.00
171,165,19,21,2,Team plan · 35 seats,subscription,35,59.00,2065.00
172,166,19,21,2,Team plan · 35 seats,subscription,35,59.00,2065.00
173,167,19,21,2,Team plan · 35 seats,subscription,35,59.00,2065.00
174,168,19,21,2,Team plan · 35 seats,subscription,35,59.00,2065.00
175,169,19,22,1,Starter plan · 10 seats,subscription,10,29.00,290.00
176,170,20,23,2,Team annual · 4 seats,subscription,4,590.01,2360.04
177,171,21,24,2,Team plan · 2 seats,subscription,2,59.00,118.00
178,172,21,24,2,Team plan · 2 seats,subscription,2,59.00,118.00
179,173,21,24,2,Team plan · 2 seats,subscription,2,59.00,118.00
180,174,21,24,2,Team plan · 2 seats,subscription,2,59.00,118.00
181,175,21,24,2,Team plan · 2 seats,subscription,2,59.00,118.00
182,176,21,24,2,Team plan · 2 seats,subscription,2,59.00,118.00
183,177,21,24,2,Team plan · 2 seats,subscription,2,59.00,118.00
184,178,22,25,2,Team plan · 12 seats,subscription,12,59.00,708.00
185,179,22,25,2,Team plan · 12 seats,subscription,12,59.00,708.00
186,180,22,25,2,Team plan · 12 seats,subscription,12,59.00,708.00
187,181,22,25,2,Team plan · 14 seats,subscription,14,59.00,826.00
188,182,22,25,2,Team plan · 14 seats,subscription,14,59.00,826.00
189,183,22,25,2,Team plan · 14 seats,subscription,14,59.00,826.00
190,184,22,25,2,Team plan · 14 seats,subscription,14,59.00,826.00
191,185,22,25,2,Team plan · 14 seats,subscription,14,59.00,826.00
192,186,22,25,2,Team plan · 14 seats,subscription,14,59.00,826.00
193,187,23,26,1,Starter plan · 6 seats,subscription,6,29.00,174.00
194,188,23,26,1,Starter plan · 6 seats,subscription,6,29.00,174.00
195,189,23,26,1,Starter plan · 6 seats,subscription,6,29.00,174.00
196,190,23,26,1,Starter plan · 6 seats,subscription,6,29.00,174.00
197,191,23,26,1,Starter plan · 6 seats,subscription,6,29.00,174.00
198,192,24,27,2,Team plan · 13 seats,subscription,13,59.00,767.00
199,193,24,27,2,Team plan · 13 seats,subscription,13,59.00,767.00
200,194,24,27,2,Team plan · 13 seats,subscription,13,59.00,767.00
201,195,24,27,2,Team plan · 15 seats,subscription,15,59.00,885.00
202,196,24,27,2,Team plan · 15 seats,subscription,15,59.00,885.00
203,197,24,27,3,Business plan · 15 seats,subscription,15,99.00,1485.00
204,198,24,27,3,Business plan · 15 seats,subscription,15,99.00,1485.00
205,198,24,27,3,Additional storage,addon,1,129.00,129.00
206,199,24,27,3,Business plan · 15 seats,subscription,15,99.00,1485.00
207,200,24,27,3,Business plan · 15 seats,subscription,15,99.00,1485.00
208,201,24,27,3,Business plan · 15 seats,subscription,15,99.00,1485.00
209,202,24,27,3,Business plan · 15 seats,subscription,15,99.00,1485.00
210,203,24,27,3,Business plan · 15 seats,subscription,15,99.00,1485.00
211,204,24,27,3,Business plan · 15 seats,subscription,15,99.00,1485.00
212,205,24,27,3,Business plan · 15 seats,subscription,15,99.00,1485.00
213,205,24,27,3,Additional storage,addon,1,49.00,49.00
214,206,24,27,3,Business plan · 15 seats,subscription,15,99.00,1485.00
215,207,24,27,3,Business plan · 15 seats,subscription,15,99.00,1485.00
216,207,24,27,3,Additional storage,addon,1,79.00,79.00
217,208,24,27,3,Business plan · 15 seats,subscription,15,99.00,1485.00
218,208,24,27,3,Additional storage,addon,1,129.00,129.00
219,209,24,27,3,Business plan · 15 seats,subscription,15,99.00,1485.00
220,210,24,27,3,Business plan · 15 seats,subscription,15,99.00,1485.00
221,211,24,27,3,Business plan · 15 seats,subscription,15,99.00,1485.00
222,211,24,27,3,Additional storage,addon,1,79.00,79.00
223,212,24,27,3,Business plan · 18 seats,subscription,18,99.00,1782.00
224,213,24,27,3,Business plan · 18 seats,subscription,18,99.00,1782.00
225,213,24,27,3,Additional storage,addon,1,79.00,79.00
226,214,24,27,3,Business plan · 18 seats,subscription,18,99.00,1782.00
227,215,24,27,3,Business plan · 18 seats,subscription,18,99.00,1782.00
228,216,24,27,3,Business plan · 18 seats,subscription,18,99.00,1782.00
229,217,24,27,3,Business plan · 18 seats,subscription,18,99.00,1782.00
230,218,24,27,3,Business plan · 18 seats,subscription,18,99.00,1782.00
231,219,25,28,2,Team plan · 5 seats,subscription,5,59.00,295.00
232,220,25,28,2,Team plan · 5 seats,subscription,5,59.00,295.00
233,221,25,28,2,Team plan · 5 seats,subscription,5,59.00,295.00
234,222,25,28,2,Team plan · 5 seats,subscription,5,59.00,295.00
235,223,25,28,2,Team plan · 6 seats,subscription,6,59.00,354.00
236,224,25,28,2,Team plan · 6 seats,subscription,6,59.00,354.00
237,225,25,28,2,Team plan · 6 seats,subscription,6,59.00,354.00
238,226,25,28,2,Team plan · 6 seats,subscription,6,59.00,354.00
239,227,25,28,2,Team plan · 6 seats,subscription,6,59.00,354.00
240,228,25,28,2,Team plan · 6 seats,subscription,6,59.00,354.00
241,229,25,28,2,Team plan · 6 seats,subscription,6,59.00,354.00
242,230,25,28,2,Team plan · 6 seats,subscription,6,59.00,354.00
243,231,25,28,3,Business plan · 6 seats,subscription,6,99.00,594.00
244,232,25,28,3,Business plan · 6 seats,subscription,6,99.00,594.00
245,232,25,28,3,Additional storage,addon,1,49.00,49.00
246,233,25,28,3,Business plan · 6 seats,subscription,6,99.00,594.00
247,234,26,29,3,Business plan · 15 seats,subscription,15,99.00,1485.00
248,235,26,29,3,Business plan · 15 seats,subscription,15,99.00,1485.00
249,236,26,29,3,Business plan · 15 seats,subscription,15,99.00,1485.00
250,237,26,29,3,Business plan · 15 seats,subscription,15,99.00,1485.00
251,238,26,29,3,Business plan · 15 seats,subscription,15,99.00,1485.00
252,239,26,29,3,Business plan · 15 seats,subscription,15,99.00,1485.00
253,240,26,29,3,Business plan · 15 seats,subscription,15,99.00,1485.00
254,241,26,29,3,Business plan · 15 seats,subscription,15,99.00,1485.00
255,242,26,29,3,Business plan · 15 seats,subscription,15,99.00,1485.00
256,242,26,29,3,Additional storage,addon,1,129.00,129.00
257,243,26,29,3,Business plan · 15 seats,subscription,15,99.00,1485.00
258,244,27,30,1,Starter plan · 10 seats,subscription,10,29.00,290.00
259,245,27,30,1,Starter plan · 10 seats,subscription,10,29.00,290.00
260,246,27,30,1,Starter plan · 10 seats,subscription,10,29.00,290.00
261,247,27,30,1,Starter plan · 10 seats,subscription,10,29.00,290.00
262,248,27,30,1,Starter plan · 10 seats,subscription,10,29.00,290.00
263,249,27,30,1,Starter plan · 10 seats,subscription,10,29.00,290.00
264,250,27,30,1,Starter plan · 10 seats,subscription,10,29.00,290.00
265,251,27,30,1,Starter plan · 10 seats,subscription,10,29.00,290.00
266,252,27,30,1,Starter plan · 10 seats,subscription,10,29.00,290.00
267,253,27,30,1,Starter plan · 10 seats,subscription,10,29.00,290.00
268,254,27,30,1,Starter plan · 10 seats,subscription,10,29.00,290.00
269,255,27,30,1,Starter plan · 10 seats,subscription,10,29.00,290.00
270,256,27,30,1,Starter plan · 10 seats,subscription,10,29.00,290.00
271,257,27,31,1,Starter plan · 6 seats,subscription,6,29.00,174.00
272,258,27,31,1,Starter plan · 6 seats,subscription,6,29.00,174.00
273,259,27,31,1,Starter plan · 6 seats,subscription,6,29.00,174.00
274,260,27,31,1,Starter plan · 6 seats,subscription,6,29.00,174.00
275,261,27,31,1,Starter plan · 6 seats,subscription,6,29.00,174.00
276,262,27,31,1,Starter plan · 6 seats,subscription,6,29.00,174.00
277,263,27,31,1,Starter plan · 6 seats,subscription,6,29.00,174.00
278,264,27,31,1,Starter plan · 6 seats,subscription,6,29.00,174.00
279,265,28,32,2,Team annual · 8 seats,subscription,8,590.00,4719.96
280,266,29,33,1,Starter plan · 10 seats,subscription,10,29.00,290.00
281,267,29,33,1,Starter plan · 10 seats,subscription,10,29.00,290.00
282,268,29,33,1,Starter plan · 10 seats,subscription,10,29.00,290.00
283,269,29,33,1,Starter plan · 10 seats,subscription,10,29.00,290.00
284,270,29,33,1,Starter plan · 10 seats,subscription,10,29.00,290.00
285,271,29,33,1,Starter plan · 10 seats,subscription,10,29.00,290.00
286,272,29,33,1,Starter plan · 10 seats,subscription,10,29.00,290.00
287,273,29,33,1,Starter plan · 10 seats,subscription,10,29.00,290.00
288,274,29,33,1,Starter plan · 10 seats,subscription,10,29.00,290.00
289,275,29,33,1,Starter plan · 10 seats,subscription,10,29.00,290.00
290,276,30,34,1,Starter plan · 2 seats,subscription,2,29.00,58.00
291,277,30,34,1,Starter plan · 2 seats,subscription,2,29.00,58.00
292,278,30,34,1,Starter plan · 2 seats,subscription,2,29.00,58.00
293,279,30,34,1,Starter plan · 2 seats,subscription,2,29.00,58.00
294,280,30,34,1,Starter plan · 2 seats,subscription,2,29.00,58.00
295,281,30,34,1,Starter plan · 2 seats,subscription,2,29.00,58.00
296,282,30,34,1,Starter plan · 3 seats,subscription,3,29.00,87.00
297,283,30,34,1,Starter plan · 3 seats,subscription,3,29.00,87.00
298,284,30,34,1,Starter plan · 3 seats,subscription,3,29.00,87.00
299,285,30,34,1,Starter plan · 3 seats,subscription,3,29.00,87.00
300,286,30,34,1,Starter plan · 3 seats,subscription,3,29.00,87.00
301,287,30,34,1,Starter plan · 3 seats,subscription,3,29.00,87.00
302,288,30,34,1,Starter plan · 3 seats,subscription,3,29.00,87.00
303,289,31,35,2,Team plan · 11 seats,subscription,11,49.17,540.83
304,290,31,35,2,Team plan · 11 seats,subscription,11,49.17,540.83
305,291,31,35,2,Team plan · 11 seats,subscription,11,49.17,540.83
306,292,31,35,2,Team plan · 11 seats,subscription,11,49.17,540.83
307,293,31,35,2,Team plan · 11 seats,subscription,11,49.17,540.83
308,294,31,35,2,Team plan · 11 seats,subscription,11,49.17,540.83
309,295,31,35,2,Team plan · 11 seats,subscription,11,49.17,540.83
310,296,31,35,2,Team plan · 11 seats,subscription,11,49.17,540.83
311,297,31,35,2,Team plan · 12 seats,subscription,12,49.17,590.00
312,298,31,35,2,Team plan · 12 seats,subscription,12,49.17,590.00
313,299,31,35,2,Team plan · 12 seats,subscription,12,49.17,590.00
314,300,31,35,2,Team plan · 12 seats,subscription,12,49.17,590.00
315,301,31,35,2,Team plan · 12 seats,subscription,12,49.17,590.00
316,302,31,35,2,Team plan · 12 seats,subscription,12,49.17,590.00
317,303,31,35,2,Team plan · 12 seats,subscription,12,49.17,590.00
318,304,31,35,2,Team plan · 12 seats,subscription,12,49.17,590.00
319,305,31,35,1,Starter plan · 10 seats,subscription,10,29.00,290.00
320,306,31,35,1,Starter plan · 10 seats,subscription,10,29.00,290.00
321,307,31,35,1,Starter plan · 10 seats,subscription,10,29.00,290.00
322,308,31,35,1,Starter plan · 10 seats,subscription,10,29.00,290.00
323,309,31,35,1,Starter plan · 10 seats,subscription,10,29.00,290.00
324,310,31,35,1,Starter plan · 10 seats,subscription,10,29.00,290.00
325,311,31,35,1,Starter plan · 10 seats,subscription,10,29.00,290.00
326,312,31,35,1,Starter plan · 10 seats,subscription,10,29.00,290.00
327,313,31,35,1,Starter plan · 10 seats,subscription,10,29.00,290.00
328,314,31,35,1,Starter plan · 10 seats,subscription,10,29.00,290.00
329,315,31,35,1,Starter plan · 10 seats,subscription,10,29.00,290.00
330,316,31,35,1,Starter plan · 10 seats,subscription,10,29.00,290.00
331,317,31,35,1,Starter plan · 10 seats,subscription,10,29.00,290.00
332,318,31,35,1,Starter plan · 10 seats,subscription,10,29.00,290.00
333,319,31,35,1,Starter plan · 10 seats,subscription,10,29.00,290.00
334,320,31,35,1,Starter plan · 10 seats,subscription,10,29.00,290.00
335,321,31,35,1,Starter plan · 10 seats,subscription,10,29.00,290.00
336,322,31,35,1,Starter plan · 10 seats,subscription,10,29.00,290.00
337,323,31,35,1,Starter plan · 10 seats,subscription,10,29.00,290.00
338,324,31,35,1,Starter plan · 10 seats,subscription,10,29.00,290.00
339,325,31,35,1,Starter plan · 10 seats,subscription,10,29.00,290.00
340,326,31,35,1,Starter plan · 10 seats,subscription,10,29.00,290.00
341,327,32,36,3,Business annual · 85 seats,subscription,85,990.00,84150.00
342,327,32,36,3,Implementation and onboarding,one_time,1,1500.00,1500.00
343,328,32,36,4,Enterprise annual · 85 seats,subscription,85,1490.00,126650.04
344,328,32,36,4,Customer success package,addon,1,6000.00,6000.00
345,329,32,36,4,Enterprise annual · 85 seats,subscription,85,1490.00,126650.04
346,330,33,37,1,Starter plan · 6 seats,subscription,6,29.00,174.00
347,331,34,38,2,Team plan · 37 seats,subscription,37,59.00,2183.00
348,332,34,38,2,Team plan · 37 seats,subscription,37,59.00,2183.00
349,333,34,38,2,Team plan · 37 seats,subscription,37,59.00,2183.00
350,334,34,38,2,Team plan · 37 seats,subscription,37,59.00,2183.00
351,335,34,38,2,Team plan · 37 seats,subscription,37,59.00,2183.00
352,336,34,38,3,Business plan · 37 seats,subscription,37,99.00,3663.00
353,337,34,38,3,Business plan · 37 seats,subscription,37,99.00,3663.00
354,338,34,38,3,Business plan · 37 seats,subscription,37,99.00,3663.00
355,339,34,38,3,Business plan · 37 seats,subscription,37,99.00,3663.00
356,340,34,38,3,Business plan · 37 seats,subscription,37,99.00,3663.00
357,341,34,38,3,Business plan · 30 seats,subscription,30,99.00,2970.00
358,342,34,38,3,Business plan · 30 seats,subscription,30,99.00,2970.00
359,343,34,38,3,Business plan · 30 seats,subscription,30,99.00,2970.00
360,344,34,38,3,Business plan · 32 seats,subscription,32,99.00,3168.00
361,345,34,38,3,Business plan · 32 seats,subscription,32,99.00,3168.00
362,346,34,38,3,Business plan · 32 seats,subscription,32,99.00,3168.00
363,346,34,38,3,Additional storage,addon,1,49.00,49.00
364,347,34,38,3,Business plan · 32 seats,subscription,32,99.00,3168.00
365,347,34,38,3,Additional storage,addon,1,49.00,49.00
366,348,34,38,3,Business plan · 32 seats,subscription,32,99.00,3168.00
367,349,35,39,2,Team plan · 19 seats,subscription,19,59.00,1121.00
368,350,35,39,2,Team plan · 19 seats,subscription,19,59.00,1121.00
369,351,35,39,2,Team plan · 19 seats,subscription,19,59.00,1121.00
370,352,35,39,2,Team plan · 19 seats,subscription,19,59.00,1121.00
371,353,35,39,2,Team plan · 19 seats,subscription,19,59.00,1121.00
372,354,35,39,2,Team plan · 19 seats,subscription,19,59.00,1121.00
373,355,35,39,3,Business plan · 19 seats,subscription,19,99.00,1881.00
374,356,35,39,3,Business plan · 19 seats,subscription,19,99.00,1881.00
375,357,35,39,3,Business plan · 19 seats,subscription,19,99.00,1881.00
376,358,35,39,3,Business plan · 19 seats,subscription,19,99.00,1881.00
377,359,35,39,3,Business plan · 19 seats,subscription,19,99.00,1881.00
378,360,36,40,2,Team annual · 13 seats,subscription,13,590.00,7670.04
379,361,36,40,2,Team annual · 14 seats,subscription,14,590.00,8259.96
380,362,36,40,2,Team annual · 14 seats,subscription,14,590.00,8259.96
381,363,37,41,3,Business annual · 356 seats,subscription,356,990.00,352440.00
382,363,37,41,3,Implementation and onboarding,one_time,1,2500.00,2500.00
383,364,37,41,4,Enterprise annual · 411 seats,subscription,411,1490.00,612390.00
384,365,38,42,3,Business annual · 19 seats,subscription,19,990.00,18810.00
385,366,38,42,3,Business annual · 21 seats,subscription,21,990.00,20790.00
386,367,38,42,4,Enterprise annual · 24 seats,subscription,24,1490.00,35760.00
387,368,38,42,3,Business annual · 31 seats,subscription,31,990.00,30690.00
388,369,39,43,1,Starter plan · 2 seats,subscription,2,29.00,58.00
389,370,39,43,1,Starter plan · 2 seats,subscription,2,29.00,58.00
390,371,39,43,1,Starter plan · 2 seats,subscription,2,29.00,58.00
391,372,39,43,1,Starter plan · 2 seats,subscription,2,29.00,58.00
392,373,39,43,1,Starter plan · 2 seats,subscription,2,29.00,58.00
393,374,39,43,1,Starter plan · 2 seats,subscription,2,29.00,58.00
394,375,39,43,1,Starter plan · 2 seats,subscription,2,29.00,58.00
395,376,39,43,1,Starter plan · 2 seats,subscription,2,29.00,58.00
396,377,39,43,1,Starter plan · 2 seats,subscription,2,29.00,58.00
397,378,39,43,1,Starter plan · 2 seats,subscription,2,29.00,58.00
398,379,39,43,1,Starter plan · 2 seats,subscription,2,29.00,58.00
399,380,39,43,1,Starter plan · 2 seats,subscription,2,29.00,58.00
400,381,39,43,1,Starter plan · 2 seats,subscription,2,29.00,58.00
401,382,39,43,1,Starter plan · 2 seats,subscription,2,29.00,58.00
402,383,39,43,1,Starter plan · 2 seats,subscription,2,29.00,58.00
403,384,39,43,1,Starter plan · 2 seats,subscription,2,29.00,58.00
404,385,39,43,1,Starter plan · 2 seats,subscription,2,29.00,58.00
405,386,39,43,1,Starter plan · 2 seats,subscription,2,29.00,58.00
406,387,39,43,1,Starter plan · 2 seats,subscription,2,29.00,58.00
407,388,39,43,1,Starter plan · 3 seats,subscription,3,29.00,87.00
408,389,39,43,1,Starter plan · 3 seats,subscription,3,29.00,87.00
409,390,39,43,1,Starter plan · 3 seats,subscription,3,29.00,87.00
410,391,39,43,1,Starter plan · 3 seats,subscription,3,29.00,87.00
411,392,39,43,1,Starter plan · 3 seats,subscription,3,29.00,87.00
412,393,39,43,1,Starter plan · 3 seats,subscription,3,29.00,87.00
413,394,39,43,1,Starter plan · 3 seats,subscription,3,29.00,87.00
414,395,39,43,1,Starter plan · 3 seats,subscription,3,29.00,87.00
415,396,39,43,1,Starter plan · 3 seats,subscription,3,29.00,87.00
416,397,39,43,1,Starter plan · 3 seats,subscription,3,29.00,87.00
417,398,39,43,1,Starter plan · 3 seats,subscription,3,29.00,87.00
418,399,39,43,1,Starter plan · 3 seats,subscription,3,29.00,87.00
419,400,39,43,1,Starter plan · 3 seats,subscription,3,29.00,87.00
420,401,40,44,3,Business plan · 8 seats,subscription,8,99.00,792.00
421,402,40,44,3,Business plan · 8 seats,subscription,8,99.00,792.00
422,403,40,44,3,Business plan · 8 seats,subscription,8,99.00,792.00
423,404,40,44,3,Business plan · 8 seats,subscription,8,99.00,792.00
424,405,40,44,3,Business plan · 8 seats,subscription,8,99.00,792.00
425,406,40,44,3,Business plan · 8 seats,subscription,8,99.00,792.00
426,407,40,44,3,Business plan · 8 seats,subscription,8,99.00,792.00
427,407,40,44,3,Additional storage,addon,1,79.00,79.00
428,408,40,44,3,Business plan · 8 seats,subscription,8,99.00,792.00
429,409,40,44,3,Business plan · 8 seats,subscription,8,99.00,792.00
430,409,40,44,3,Additional storage,addon,1,79.00,79.00
431,410,40,44,3,Business plan · 8 seats,subscription,8,99.00,792.00
432,411,40,44,3,Business plan · 10 seats,subscription,10,99.00,990.00
433,412,40,44,3,Business plan · 10 seats,subscription,10,99.00,990.00
434,413,40,44,3,Business plan · 10 seats,subscription,10,99.00,990.00
435,414,40,44,3,Business plan · 10 seats,subscription,10,99.00,990.00
436,415,40,44,3,Business plan · 10 seats,subscription,10,99.00,990.00
437,415,40,44,3,Additional storage,addon,1,129.00,129.00
438,416,41,45,1,Starter plan · 10 seats,subscription,10,29.00,290.00
439,417,41,45,1,Starter plan · 10 seats,subscription,10,29.00,290.00
440,418,41,45,1,Starter plan · 10 seats,subscription,10,29.00,290.00
441,419,41,45,1,Starter plan · 10 seats,subscription,10,29.00,290.00
442,420,41,45,1,Starter plan · 10 seats,subscription,10,29.00,290.00
443,421,41,45,1,Starter plan · 10 seats,subscription,10,29.00,290.00
444,422,41,45,1,Starter plan · 10 seats,subscription,10,29.00,290.00
445,423,41,45,1,Starter plan · 10 seats,subscription,10,29.00,290.00
446,424,41,45,1,Starter plan · 10 seats,subscription,10,29.00,290.00
447,425,42,46,3,Business annual · 14 seats,subscription,14,990.00,13860.00
448,426,42,46,3,Business annual · 16 seats,subscription,16,990.00,15840.00
449,427,42,46,3,Business annual · 19 seats,subscription,19,990.00,18810.00
450,428,42,46,3,Business annual · 19 seats,subscription,19,990.00,18810.00
451,429,42,46,4,Enterprise annual · 19 seats,subscription,19,1490.00,28310.04
452,429,42,46,4,Customer success package,addon,1,2400.00,2400.00
453,430,43,47,1,Starter plan · 10 seats,subscription,10,29.00,290.00
454,431,43,47,1,Starter plan · 10 seats,subscription,10,29.00,290.00
455,432,43,47,1,Starter plan · 10 seats,subscription,10,29.00,290.00
456,433,43,47,1,Starter plan · 10 seats,subscription,10,29.00,290.00
457,434,43,47,1,Starter plan · 10 seats,subscription,10,29.00,290.00
458,435,43,47,1,Starter plan · 10 seats,subscription,10,29.00,290.00
459,436,43,47,1,Starter plan · 10 seats,subscription,10,29.00,290.00
460,437,43,47,1,Starter plan · 10 seats,subscription,10,29.00,290.00
461,438,43,47,1,Starter plan · 10 seats,subscription,10,29.00,290.00
462,439,43,47,2,Team plan · 10 seats,subscription,10,59.00,590.00
463,440,43,47,2,Team plan · 10 seats,subscription,10,59.00,590.00
464,441,43,47,2,Team plan · 10 seats,subscription,10,59.00,590.00
465,442,43,47,2,Team plan · 10 seats,subscription,10,59.00,590.00
466,443,43,47,2,Team plan · 10 seats,subscription,10,59.00,590.00
467,444,43,47,2,Team plan · 10 seats,subscription,10,59.00,590.00
468,445,43,47,2,Team plan · 10 seats,subscription,10,59.00,590.00
469,446,43,47,2,Team plan · 10 seats,subscription,10,59.00,590.00
470,447,43,47,2,Team plan · 10 seats,subscription,10,59.00,590.00
471,448,43,47,2,Team plan · 10 seats,subscription,10,59.00,590.00
472,449,44,48,3,Business annual · 460 seats,subscription,460,990.00,455400.00
473,450,44,48,2,Team annual · 50 seats,subscription,50,590.00,29499.96
474,451,44,48,2,Team annual · 50 seats,subscription,50,590.00,29499.96
475,452,45,49,2,Team annual · 6 seats,subscription,6,590.00,3540.00
476,453,46,50,3,Business annual · 35 seats,subscription,35,1188.00,41580.00
477,453,46,50,3,Implementation and onboarding,one_time,1,2500.00,2500.00
478,454,46,50,3,Business annual · 41 seats,subscription,41,990.00,40590.00
479,455,47,51,4,Enterprise annual · 353 seats,subscription,353,1490.00,525969.96
480,455,47,51,4,Implementation and onboarding,one_time,1,1500.00,1500.00
481,455,47,51,4,Customer success package,addon,1,2400.00,2400.00
482,456,48,52,3,Business plan · 4 seats,subscription,4,99.00,396.00
483,457,48,52,3,Business plan · 4 seats,subscription,4,99.00,396.00
484,457,48,52,3,Additional storage,addon,1,79.00,79.00
485,458,48,52,3,Business plan · 4 seats,subscription,4,99.00,396.00
486,459,48,52,3,Business plan · 4 seats,subscription,4,99.00,396.00
487,460,48,52,3,Business plan · 4 seats,subscription,4,99.00,396.00
488,461,48,52,3,Business plan · 4 seats,subscription,4,99.00,396.00
489,462,48,52,3,Business plan · 4 seats,subscription,4,99.00,396.00
490,463,48,52,3,Business plan · 4 seats,subscription,4,99.00,396.00
491,464,48,52,3,Business plan · 4 seats,subscription,4,99.00,396.00
492,465,48,52,3,Business plan · 4 seats,subscription,4,99.00,396.00
493,466,48,52,3,Business plan · 4 seats,subscription,4,99.00,396.00
494,466,48,52,3,Additional storage,addon,1,129.00,129.00
495,467,49,53,3,Business annual · 292 seats,subscription,292,990.00,289080.00
496,467,49,53,3,Implementation and onboarding,one_time,1,2500.00,2500.00
497,468,50,54,2,Team plan · 4 seats,subscription,4,59.00,236.00
498,469,50,54,2,Team plan · 4 seats,subscription,4,59.00,236.00
499,470,50,54,2,Team plan · 4 seats,subscription,4,59.00,236.00
500,471,50,54,2,Team plan · 4 seats,subscription,4,59.00,236.00
501,472,50,54,2,Team plan · 4 seats,subscription,4,59.00,236.00
502,473,50,54,2,Team plan · 4 seats,subscription,4,59.00,236.00
503,474,50,54,2,Team plan · 4 seats,subscription,4,59.00,236.00
504,475,50,54,2,Team plan · 4 seats,subscription,4,59.00,236.00
505,476,50,54,2,Team plan · 4 seats,subscription,4,59.00,236.00
506,477,50,54,2,Team plan · 4 seats,subscription,4,59.00,236.00
507,478,50,54,2,Team plan · 4 seats,subscription,4,59.00,236.00
508,479,50,54,2,Team plan · 4 seats,subscription,4,59.00,236.00
509,480,50,54,2,Team plan · 4 seats,subscription,4,59.00,236.00
510,481,50,54,2,Team plan · 4 seats,subscription,4,59.00,236.00
511,482,50,54,2,Team plan · 4 seats,subscription,4,59.00,236.00
512,483,50,54,2,Team plan · 4 seats,subscription,4,59.00,236.00
513,484,50,54,2,Team plan · 4 seats,subscription,4,59.00,236.00
514,485,50,54,2,Team plan · 5 seats,subscription,5,59.00,295.00
515,486,50,54,2,Team plan · 5 seats,subscription,5,59.00,295.00
516,487,50,54,2,Team plan · 5 seats,subscription,5,59.00,295.00
517,488,50,54,2,Team plan · 5 seats,subscription,5,59.00,295.00
518,489,50,54,2,Team plan · 5 seats,subscription,5,59.00,295.00
519,490,50,54,2,Team plan · 5 seats,subscription,5,59.00,295.00
520,491,50,54,2,Team plan · 5 seats,subscription,5,59.00,295.00
521,492,50,54,2,Team plan · 5 seats,subscription,5,59.00,295.00
522,493,50,54,2,Team plan · 5 seats,subscription,5,59.00,295.00
523,494,50,54,2,Team plan · 5 seats,subscription,5,59.00,295.00
524,495,50,54,2,Team plan · 5 seats,subscription,5,59.00,295.00
525,496,50,54,2,Team plan · 5 seats,subscription,5,59.00,295.00
526,497,50,54,2,Team plan · 5 seats,subscription,5,59.00,295.00
527,498,51,55,1,Starter plan · 10 seats,subscription,10,29.00,290.00
528,499,51,55,1,Starter plan · 10 seats,subscription,10,29.00,290.00
529,500,51,55,1,Starter plan · 10 seats,subscription,10,29.00,290.00
530,501,51,55,1,Starter plan · 10 seats,subscription,10,29.00,290.00
531,502,51,55,1,Starter plan · 10 seats,subscription,10,29.00,290.00
532,503,51,55,1,Starter plan · 10 seats,subscription,10,29.00,290.00
533,504,51,55,1,Starter plan · 10 seats,subscription,10,29.00,290.00
534,505,51,55,1,Starter plan · 10 seats,subscription,10,29.00,290.00
535,506,51,55,1,Starter plan · 10 seats,subscription,10,29.00,290.00
536,507,51,55,1,Starter plan · 10 seats,subscription,10,29.00,290.00
537,508,51,55,1,Starter plan · 10 seats,subscription,10,29.00,290.00
538,509,51,55,1,Starter plan · 10 seats,subscription,10,29.00,290.00
539,510,51,55,1,Starter plan · 10 seats,subscription,10,29.00,290.00
540,511,51,55,1,Starter plan · 10 seats,subscription,10,29.00,290.00
541,512,51,55,1,Starter plan · 10 seats,subscription,10,29.00,290.00
542,513,51,55,1,Starter plan · 10 seats,subscription,10,29.00,290.00
543,514,51,55,1,Starter plan · 10 seats,subscription,10,29.00,290.00
544,515,51,55,1,Starter plan · 10 seats,subscription,10,29.00,290.00
545,516,51,55,1,Starter plan · 10 seats,subscription,10,29.00,290.00
546,517,51,55,1,Starter plan · 10 seats,subscription,10,29.00,290.00
547,518,51,55,1,Starter plan · 10 seats,subscription,10,29.00,290.00
548,519,51,55,1,Starter plan · 10 seats,subscription,10,29.00,290.00
549,520,51,55,1,Starter plan · 10 seats,subscription,10,29.00,290.00
550,521,51,55,1,Starter plan · 10 seats,subscription,10,29.00,290.00
551,522,51,55,1,Starter plan · 10 seats,subscription,10,29.00,290.00
552,523,51,55,1,Starter plan · 10 seats,subscription,10,29.00,290.00
553,524,51,55,1,Starter plan · 10 seats,subscription,10,29.00,290.00
554,525,51,55,1,Starter plan · 10 seats,subscription,10,29.00,290.00
555,526,51,55,1,Starter plan · 10 seats,subscription,10,29.00,290.00
556,527,51,55,1,Starter plan · 10 seats,subscription,10,29.00,290.00
557,528,51,55,1,Starter plan · 10 seats,subscription,10,29.00,290.00
558,529,52,56,4,Enterprise annual · 266 seats,subscription,266,1490.00,396339.96
559,529,52,56,4,Implementation and onboarding,one_time,1,4000.00,4000.00
560,529,52,56,4,Customer success package,addon,1,6000.00,6000.00
561,530,52,56,3,Business annual · 294 seats,subscription,294,990.00,291060.00
562,531,52,56,3,Business annual · 294 seats,subscription,294,990.00,291060.00
563,532,53,57,1,Starter plan · 10 seats,subscription,10,29.00,290.00
564,533,53,57,1,Starter plan · 10 seats,subscription,10,29.00,290.00
565,534,53,57,1,Starter plan · 10 seats,subscription,10,29.00,290.00
566,535,53,57,1,Starter plan · 10 seats,subscription,10,29.00,290.00
567,536,53,57,1,Starter plan · 10 seats,subscription,10,29.00,290.00
568,537,53,57,1,Starter plan · 10 seats,subscription,10,29.00,290.00
569,538,53,57,1,Starter plan · 10 seats,subscription,10,29.00,290.00
570,539,53,57,1,Starter plan · 10 seats,subscription,10,29.00,290.00
571,540,53,57,1,Starter plan · 10 seats,subscription,10,29.00,290.00
572,541,53,57,1,Starter plan · 10 seats,subscription,10,29.00,290.00
573,542,53,57,1,Starter plan · 10 seats,subscription,10,29.00,290.00
574,543,53,57,1,Starter plan · 10 seats,subscription,10,29.00,290.00
575,544,53,57,1,Starter plan · 10 seats,subscription,10,29.00,290.00
576,545,53,57,1,Starter plan · 10 seats,subscription,10,29.00,290.00
577,546,53,57,1,Starter plan · 10 seats,subscription,10,29.00,290.00
578,547,53,57,1,Starter plan · 9 seats,subscription,9,29.00,261.00
579,548,53,57,1,Starter plan · 9 seats,subscription,9,29.00,261.00
580,549,53,57,1,Starter plan · 9 seats,subscription,9,29.00,261.00
581,550,53,57,1,Starter plan · 9 seats,subscription,9,29.00,261.00
582,551,53,57,1,Starter plan · 10 seats,subscription,10,29.00,290.00
583,552,53,57,1,Starter plan · 10 seats,subscription,10,29.00,290.00
584,553,53,57,1,Starter plan · 10 seats,subscription,10,29.00,290.00
585,554,53,57,1,Starter plan · 10 seats,subscription,10,29.00,290.00
586,555,53,57,1,Starter plan · 10 seats,subscription,10,29.00,290.00
587,556,54,58,2,Team plan · 12 seats,subscription,12,59.00,708.00
588,557,54,58,2,Team plan · 12 seats,subscription,12,59.00,708.00
589,558,54,58,2,Team plan · 12 seats,subscription,12,59.00,708.00
590,559,54,58,2,Team plan · 12 seats,subscription,12,59.00,708.00
591,560,54,58,2,Team plan · 12 seats,subscription,12,59.00,708.00
592,561,54,58,2,Team plan · 12 seats,subscription,12,59.00,708.00
593,562,55,59,3,Business plan · 4 seats,subscription,4,99.00,396.00
594,563,55,59,3,Business plan · 4 seats,subscription,4,99.00,396.00
595,563,55,59,3,Additional storage,addon,1,49.00,49.00
596,564,55,59,3,Business plan · 4 seats,subscription,4,99.00,396.00
597,565,55,59,3,Business plan · 4 seats,subscription,4,99.00,396.00
598,566,55,59,3,Business plan · 4 seats,subscription,4,99.00,396.00
599,567,55,59,3,Business plan · 4 seats,subscription,4,99.00,396.00
600,567,55,59,3,Additional storage,addon,1,129.00,129.00
601,568,55,59,3,Business plan · 4 seats,subscription,4,99.00,396.00
602,569,55,59,3,Business plan · 4 seats,subscription,4,99.00,396.00
603,570,55,59,3,Business plan · 4 seats,subscription,4,99.00,396.00
604,571,55,59,3,Business plan · 4 seats,subscription,4,99.00,396.00
605,572,55,59,3,Business plan · 4 seats,subscription,4,99.00,396.00
606,573,55,59,3,Business plan · 4 seats,subscription,4,99.00,396.00
607,574,55,59,3,Business plan · 4 seats,subscription,4,99.00,396.00
608,575,55,59,3,Business plan · 4 seats,subscription,4,99.00,396.00
609,575,55,59,3,Additional storage,addon,1,79.00,79.00
610,576,55,59,3,Business plan · 4 seats,subscription,4,99.00,396.00
611,577,56,60,1,Starter plan · 4 seats,subscription,4,29.00,116.00
612,578,56,60,2,Team plan · 4 seats,subscription,4,59.00,236.00
613,579,56,60,2,Team plan · 4 seats,subscription,4,59.00,236.00
614,580,56,60,2,Team plan · 4 seats,subscription,4,59.00,236.00
615,581,56,60,2,Team plan · 4 seats,subscription,4,59.00,236.00
616,582,56,60,2,Team plan · 4 seats,subscription,4,59.00,236.00
617,583,56,60,2,Team plan · 4 seats,subscription,4,59.00,236.00
618,584,56,60,2,Team plan · 4 seats,subscription,4,59.00,236.00
619,585,56,60,2,Team plan · 4 seats,subscription,4,59.00,236.00
620,586,56,60,2,Team plan · 4 seats,subscription,4,59.00,236.00
621,587,57,61,4,Enterprise annual · 30 seats,subscription,30,1490.00,44700.00
622,587,57,61,4,Implementation and onboarding,one_time,1,7500.00,7500.00
623,587,57,61,4,Customer success package,addon,1,2400.00,2400.00
624,588,57,61,4,Enterprise annual · 33 seats,subscription,33,1490.00,49170.00
625,588,57,61,4,Customer success package,addon,1,6000.00,6000.00
626,589,58,62,1,Starter plan · 7 seats,subscription,7,29.00,203.00
627,590,58,62,1,Starter plan · 7 seats,subscription,7,29.00,203.00
628,591,58,62,1,Starter plan · 7 seats,subscription,7,29.00,203.00
629,592,58,62,1,Starter plan · 8 seats,subscription,8,29.00,232.00
630,593,58,62,1,Starter plan · 8 seats,subscription,8,29.00,232.00
631,594,58,62,1,Starter plan · 8 seats,subscription,8,29.00,232.00
632,595,58,62,1,Starter plan · 8 seats,subscription,8,29.00,232.00
633,596,59,63,3,Business annual · 17 seats,subscription,17,990.00,16830.00
634,597,59,63,4,Enterprise annual · 22 seats,subscription,22,1490.00,32780.04
635,597,59,63,4,Customer success package,addon,1,3600.00,3600.00
636,598,60,64,1,Starter plan · 5 seats,subscription,5,29.00,145.00
637,599,60,64,1,Starter plan · 5 seats,subscription,5,29.00,145.00
638,600,60,64,1,Starter plan · 5 seats,subscription,5,29.00,145.00
639,601,60,64,1,Starter plan · 5 seats,subscription,5,29.00,145.00
640,602,60,64,1,Starter plan · 5 seats,subscription,5,29.00,145.00
641,603,60,64,1,Starter plan · 5 seats,subscription,5,29.00,145.00
642,604,60,64,1,Starter plan · 5 seats,subscription,5,29.00,145.00
643,605,60,64,1,Starter plan · 5 seats,subscription,5,29.00,145.00
644,606,60,64,1,Starter plan · 5 seats,subscription,5,29.00,145.00
645,607,60,64,1,Starter plan · 4 seats,subscription,4,29.00,116.00
646,608,60,64,1,Starter plan · 4 seats,subscription,4,29.00,116.00
647,609,60,64,1,Starter plan · 4 seats,subscription,4,29.00,116.00
648,610,61,65,4,Enterprise annual · 146 seats,subscription,146,1490.00,217539.96
649,611,61,65,4,Enterprise annual · 146 seats,subscription,146,1490.00,217539.96
650,612,62,66,2,Team annual · 22 seats,subscription,22,590.00,12980.04
651,613,63,67,1,Starter plan · 2 seats,subscription,2,29.00,58.00
652,614,63,67,1,Starter plan · 2 seats,subscription,2,29.00,58.00
653,615,63,67,1,Starter plan · 3 seats,subscription,3,29.00,87.00
654,616,63,67,1,Starter plan · 3 seats,subscription,3,29.00,87.00
655,617,63,67,1,Starter plan · 3 seats,subscription,3,29.00,87.00
656,618,63,67,1,Starter plan · 3 seats,subscription,3,29.00,87.00
657,619,63,67,1,Starter plan · 3 seats,subscription,3,29.00,87.00
658,620,63,67,1,Starter plan · 3 seats,subscription,3,29.00,87.00
659,621,63,67,1,Starter plan · 3 seats,subscription,3,29.00,87.00
660,622,63,67,1,Starter plan · 3 seats,subscription,3,29.00,87.00
661,623,64,68,2,Team plan · 12 seats,subscription,12,59.00,708.00
662,624,64,68,2,Team plan · 12 seats,subscription,12,59.00,708.00
663,625,65,69,1,Starter plan · 9 seats,subscription,9,29.00,261.00
664,626,65,69,1,Starter plan · 9 seats,subscription,9,29.00,261.00
665,627,65,69,1,Starter plan · 7 seats,subscription,7,29.00,203.00
666,628,65,69,1,Starter plan · 7 seats,subscription,7,29.00,203.00
667,629,66,70,1,Starter plan · 5 seats,subscription,5,29.00,145.00
668,630,66,70,1,Starter plan · 5 seats,subscription,5,29.00,145.00
669,631,66,70,1,Starter plan · 5 seats,subscription,5,29.00,145.00
670,632,66,70,1,Starter plan · 5 seats,subscription,5,29.00,145.00
671,633,66,70,1,Starter plan · 5 seats,subscription,5,29.00,145.00
672,634,66,70,1,Starter plan · 5 seats,subscription,5,29.00,145.00
673,635,66,70,1,Starter plan · 5 seats,subscription,5,29.00,145.00
674,636,67,71,4,Enterprise annual · 176 seats,subscription,176,1490.00,262239.96
675,636,67,71,4,Customer success package,addon,1,3600.00,3600.00
676,637,68,72,2,Team annual · 48 seats,subscription,48,590.00,28320.00
677,638,68,72,2,Team annual · 50 seats,subscription,50,590.00,29499.96
678,639,69,73,2,Team plan · 11 seats,subscription,11,59.00,649.00
679,640,69,73,2,Team plan · 11 seats,subscription,11,59.00,649.00
680,641,69,73,2,Team plan · 11 seats,subscription,11,59.00,649.00
681,642,69,73,2,Team plan · 11 seats,subscription,11,59.00,649.00
682,643,69,73,2,Team plan · 11 seats,subscription,11,59.00,649.00
683,644,69,73,2,Team plan · 11 seats,subscription,11,59.00,649.00
684,645,69,73,2,Team plan · 11 seats,subscription,11,59.00,649.00
685,646,69,73,2,Team plan · 11 seats,subscription,11,59.00,649.00
686,647,69,73,2,Team plan · 11 seats,subscription,11,59.00,649.00
687,648,69,73,2,Team plan · 11 seats,subscription,11,59.00,649.00
688,649,69,73,2,Team plan · 11 seats,subscription,11,59.00,649.00
689,650,69,73,2,Team plan · 11 seats,subscription,11,59.00,649.00
690,651,69,73,2,Team plan · 11 seats,subscription,11,59.00,649.00
691,652,70,74,1,Starter plan · 10 seats,subscription,10,29.00,290.00
692,653,70,74,1,Starter plan · 10 seats,subscription,10,29.00,290.00
693,654,70,74,1,Starter plan · 10 seats,subscription,10,29.00,290.00
694,655,70,74,1,Starter plan · 10 seats,subscription,10,29.00,290.00
695,656,71,75,4,Enterprise annual · 70 seats,subscription,70,1490.00,104300.04
696,656,71,75,4,Customer success package,addon,1,6000.00,6000.00
697,657,72,76,3,Business plan · 5 seats,subscription,5,99.00,495.00
698,658,72,76,3,Business plan · 5 seats,subscription,5,99.00,495.00
699,659,72,76,3,Business plan · 5 seats,subscription,5,99.00,495.00
700,660,72,76,3,Business plan · 5 seats,subscription,5,99.00,495.00
701,661,72,76,3,Business plan · 5 seats,subscription,5,99.00,495.00
702,662,72,76,3,Business plan · 5 seats,subscription,5,99.00,495.00
703,663,72,76,3,Business plan · 5 seats,subscription,5,99.00,495.00
704,664,72,76,3,Business plan · 5 seats,subscription,5,99.00,495.00
705,664,72,76,3,Additional storage,addon,1,49.00,49.00
706,665,72,76,3,Business plan · 5 seats,subscription,5,99.00,495.00
707,666,72,76,3,Business plan · 6 seats,subscription,6,99.00,594.00
708,667,72,76,3,Business plan · 7 seats,subscription,7,99.00,693.00
709,668,72,76,3,Business plan · 7 seats,subscription,7,99.00,693.00
710,669,72,76,3,Business plan · 7 seats,subscription,7,99.00,693.00
711,670,72,76,3,Business plan · 7 seats,subscription,7,99.00,693.00
712,671,72,76,3,Business plan · 7 seats,subscription,7,99.00,693.00
713,672,72,76,3,Business plan · 7 seats,subscription,7,99.00,693.00
714,673,72,76,3,Business plan · 7 seats,subscription,7,99.00,693.00
715,674,72,76,3,Business plan · 7 seats,subscription,7,99.00,693.00
716,675,73,77,2,Team plan · 4 seats,subscription,4,59.00,236.00
717,676,73,77,2,Team plan · 4 seats,subscription,4,59.00,236.00
718,677,73,77,2,Team plan · 4 seats,subscription,4,59.00,236.00
719,678,73,77,2,Team plan · 4 seats,subscription,4,59.00,236.00
720,679,73,77,2,Team plan · 4 seats,subscription,4,59.00,236.00
721,680,73,77,2,Team plan · 4 seats,subscription,4,59.00,236.00
722,681,73,77,2,Team plan · 4 seats,subscription,4,59.00,236.00
723,682,73,77,2,Team plan · 4 seats,subscription,4,59.00,236.00
724,683,73,77,2,Team plan · 4 seats,subscription,4,59.00,236.00
725,684,73,77,2,Team plan · 4 seats,subscription,4,59.00,236.00
726,685,73,77,3,Business plan · 4 seats,subscription,4,99.00,396.00
727,686,73,77,3,Business plan · 5 seats,subscription,5,99.00,495.00
728,686,73,77,3,Additional storage,addon,1,79.00,79.00
729,687,73,77,3,Business plan · 5 seats,subscription,5,99.00,495.00
730,688,73,77,3,Business plan · 5 seats,subscription,5,99.00,495.00
731,689,73,77,3,Business plan · 5 seats,subscription,5,99.00,495.00
732,689,73,77,3,Additional storage,addon,1,49.00,49.00
733,690,73,77,3,Business plan · 5 seats,subscription,5,99.00,495.00
734,691,73,77,3,Business plan · 5 seats,subscription,5,99.00,495.00
735,692,73,77,3,Business plan · 5 seats,subscription,5,99.00,495.00
736,693,73,77,3,Business plan · 5 seats,subscription,5,99.00,495.00
737,693,73,77,3,Additional storage,addon,1,49.00,49.00
738,694,73,77,3,Business plan · 5 seats,subscription,5,99.00,495.00
739,695,73,77,3,Business plan · 5 seats,subscription,5,99.00,495.00
740,696,73,77,3,Business plan · 6 seats,subscription,6,99.00,594.00
741,697,73,77,3,Business plan · 6 seats,subscription,6,99.00,594.00
742,697,73,77,3,Additional storage,addon,1,79.00,79.00
743,698,73,77,3,Business plan · 7 seats,subscription,7,99.00,693.00
744,699,73,77,3,Business plan · 7 seats,subscription,7,99.00,693.00
745,700,73,77,3,Business plan · 7 seats,subscription,7,99.00,693.00
746,701,73,77,3,Business plan · 7 seats,subscription,7,99.00,693.00
747,702,73,77,3,Business plan · 7 seats,subscription,7,99.00,693.00
748,702,73,77,3,Additional storage,addon,1,129.00,129.00
749,703,73,77,3,Business plan · 7 seats,subscription,7,99.00,693.00
750,704,73,77,3,Business plan · 7 seats,subscription,7,99.00,693.00
751,705,73,77,3,Business plan · 7 seats,subscription,7,99.00,693.00
752,705,73,77,3,Additional storage,addon,1,129.00,129.00
753,706,73,77,3,Business plan · 7 seats,subscription,7,99.00,693.00
754,707,74,78,3,Business annual · 10 seats,subscription,10,990.00,9900.00
755,707,74,78,3,Implementation and onboarding,one_time,1,1500.00,1500.00
756,708,74,79,3,Business annual · 7 seats,subscription,7,990.00,6930.00
757,708,74,79,3,Implementation and onboarding,one_time,1,2500.00,2500.00
758,709,75,80,1,Starter plan · 3 seats,subscription,3,29.00,87.00
759,710,75,80,1,Starter plan · 3 seats,subscription,3,29.00,87.00
760,711,75,80,1,Starter plan · 3 seats,subscription,3,29.00,87.00
761,712,75,80,1,Starter plan · 3 seats,subscription,3,29.00,87.00
762,713,76,81,4,Enterprise annual · 240 seats,subscription,240,1490.00,357600.00
763,713,76,81,4,Implementation and onboarding,one_time,1,7500.00,7500.00
764,714,76,81,3,Business annual · 186 seats,subscription,186,990.00,184140.00
765,715,77,82,3,Business plan · 32 seats,subscription,32,99.00,3168.00
766,716,77,82,3,Business plan · 32 seats,subscription,32,99.00,3168.00
767,717,77,82,3,Business plan · 32 seats,subscription,32,99.00,3168.00
768,718,77,82,3,Business plan · 32 seats,subscription,32,99.00,3168.00
769,719,77,82,3,Business plan · 32 seats,subscription,32,99.00,3168.00
770,720,77,82,3,Business plan · 32 seats,subscription,32,99.00,3168.00
771,721,77,82,3,Business plan · 32 seats,subscription,32,99.00,3168.00
772,721,77,82,3,Additional storage,addon,1,49.00,49.00
773,722,77,82,3,Business plan · 32 seats,subscription,32,99.00,3168.00
774,722,77,82,3,Additional storage,addon,1,79.00,79.00
775,723,77,82,3,Business plan · 32 seats,subscription,32,99.00,3168.00
776,723,77,82,3,Additional storage,addon,1,129.00,129.00
777,724,77,82,3,Business plan · 32 seats,subscription,32,99.00,3168.00
778,725,77,82,3,Business plan · 32 seats,subscription,32,99.00,3168.00
779,726,77,82,3,Business plan · 32 seats,subscription,32,99.00,3168.00
780,727,77,82,3,Business plan · 32 seats,subscription,32,99.00,3168.00
781,728,77,82,3,Business plan · 28 seats,subscription,28,99.00,2772.00
782,729,77,82,3,Business plan · 28 seats,subscription,28,99.00,2772.00
783,730,77,82,3,Business plan · 28 seats,subscription,28,99.00,2772.00
784,731,77,82,3,Business plan · 28 seats,subscription,28,99.00,2772.00
785,732,77,82,3,Business plan · 28 seats,subscription,28,99.00,2772.00
786,733,77,82,3,Business plan · 28 seats,subscription,28,99.00,2772.00
787,733,77,82,3,Additional storage,addon,1,129.00,129.00
788,734,77,82,3,Business plan · 28 seats,subscription,28,99.00,2772.00
789,735,77,82,3,Business plan · 28 seats,subscription,28,99.00,2772.00
790,735,77,82,3,Additional storage,addon,1,49.00,49.00
791,736,77,82,3,Business plan · 28 seats,subscription,28,99.00,2772.00
792,737,78,83,2,Team annual · 4 seats,subscription,4,590.01,2360.04
793,738,79,84,2,Team annual · 9 seats,subscription,9,590.00,5310.00
794,739,80,85,1,Starter plan · 6 seats,subscription,6,29.00,174.00
795,740,80,85,1,Starter plan · 6 seats,subscription,6,29.00,174.00
796,741,80,85,1,Starter plan · 6 seats,subscription,6,29.00,174.00
797,742,80,85,1,Starter plan · 6 seats,subscription,6,29.00,174.00
798,743,80,85,1,Starter plan · 6 seats,subscription,6,29.00,174.00
799,744,80,85,1,Starter plan · 6 seats,subscription,6,29.00,174.00
800,745,80,85,1,Starter plan · 6 seats,subscription,6,29.00,174.00
801,746,80,85,1,Starter plan · 6 seats,subscription,6,29.00,174.00
802,747,80,85,1,Starter plan · 6 seats,subscription,6,29.00,174.00
803,748,80,85,1,Starter plan · 7 seats,subscription,7,29.00,203.00
804,749,80,85,1,Starter plan · 7 seats,subscription,7,29.00,203.00
805,750,81,86,1,Starter plan · 7 seats,subscription,7,29.00,203.00
806,751,81,86,1,Starter plan · 7 seats,subscription,7,29.00,203.00
807,752,81,86,1,Starter plan · 7 seats,subscription,7,29.00,203.00
808,753,81,86,1,Starter plan · 7 seats,subscription,7,29.00,203.00
809,754,81,86,1,Starter plan · 7 seats,subscription,7,29.00,203.00
810,755,81,86,1,Starter plan · 7 seats,subscription,7,29.00,203.00
811,756,81,86,1,Starter plan · 7 seats,subscription,7,29.00,203.00
812,757,81,86,1,Starter plan · 7 seats,subscription,7,29.00,203.00
813,758,81,86,1,Starter plan · 7 seats,subscription,7,29.00,203.00
814,759,81,86,2,Team plan · 7 seats,subscription,7,59.00,413.00
815,760,81,86,2,Team plan · 7 seats,subscription,7,59.00,413.00
816,761,81,86,2,Team plan · 7 seats,subscription,7,59.00,413.00
817,762,81,86,2,Team plan · 7 seats,subscription,7,59.00,413.00
818,763,82,87,3,Business annual · 20 seats,subscription,20,990.00,19800.00
819,763,82,87,3,Implementation and onboarding,one_time,1,1500.00,1500.00
820,764,83,88,1,Starter plan · 10 seats,subscription,10,29.00,290.00
821,765,83,88,1,Starter plan · 10 seats,subscription,10,29.00,290.00
822,766,83,88,1,Starter plan · 10 seats,subscription,10,29.00,290.00
823,767,83,88,1,Starter plan · 10 seats,subscription,10,29.00,290.00
824,768,83,88,1,Starter plan · 8 seats,subscription,8,29.00,232.00
825,769,83,88,1,Starter plan · 8 seats,subscription,8,29.00,232.00
826,770,83,88,1,Starter plan · 8 seats,subscription,8,29.00,232.00
827,771,83,88,1,Starter plan · 8 seats,subscription,8,29.00,232.00
828,772,83,88,1,Starter plan · 8 seats,subscription,8,29.00,232.00
829,773,83,88,1,Starter plan · 8 seats,subscription,8,29.00,232.00
830,774,84,89,1,Starter plan · 2 seats,subscription,2,29.00,58.00
831,775,84,89,1,Starter plan · 2 seats,subscription,2,29.00,58.00
832,776,84,89,1,Starter plan · 2 seats,subscription,2,29.00,58.00
833,777,85,90,3,Business annual · 8 seats,subscription,8,990.00,7920.00
834,778,85,90,3,Business annual · 8 seats,subscription,8,990.00,7920.00
835,779,85,90,3,Business annual · 9 seats,subscription,9,990.00,8910.00
836,780,85,90,3,Business annual · 9 seats,subscription,9,990.00,8910.00
837,781,86,91,2,Team annual · 17 seats,subscription,17,590.00,10029.96
838,782,86,91,2,Team annual · 13 seats,subscription,13,590.00,7670.04
839,783,87,92,2,Team plan · 7 seats,subscription,7,59.00,413.00
840,784,87,92,2,Team plan · 7 seats,subscription,7,59.00,413.00
841,785,87,92,2,Team plan · 7 seats,subscription,7,59.00,413.00
842,786,87,92,2,Team plan · 7 seats,subscription,7,59.00,413.00
843,787,87,92,3,Business plan · 7 seats,subscription,7,99.00,693.00
844,788,87,92,3,Business plan · 7 seats,subscription,7,99.00,693.00
845,789,88,93,3,Business annual · 461 seats,subscription,461,990.00,456390.00
846,789,88,93,3,Implementation and onboarding,one_time,1,4000.00,4000.00
847,790,88,93,3,Business annual · 437 seats,subscription,437,990.00,432630.00
848,791,89,94,3,Business annual · 60 seats,subscription,60,1188.00,71280.00
849,792,89,94,4,Enterprise annual · 65 seats,subscription,65,1490.00,96849.96
850,793,90,95,1,Starter plan · 5 seats,subscription,5,29.00,145.00
851,794,90,95,1,Starter plan · 5 seats,subscription,5,29.00,145.00
852,795,90,95,1,Starter plan · 5 seats,subscription,5,29.00,145.00
853,796,90,95,1,Starter plan · 5 seats,subscription,5,29.00,145.00
854,797,90,95,1,Starter plan · 5 seats,subscription,5,29.00,145.00
855,798,90,95,1,Starter plan · 5 seats,subscription,5,29.00,145.00
856,799,90,95,1,Starter plan · 5 seats,subscription,5,29.00,145.00
857,800,90,95,1,Starter plan · 5 seats,subscription,5,29.00,145.00
858,801,90,95,1,Starter plan · 5 seats,subscription,5,29.00,145.00
859,802,90,95,1,Starter plan · 5 seats,subscription,5,29.00,145.00
860,803,90,95,1,Starter plan · 5 seats,subscription,5,29.00,145.00
861,804,90,95,1,Starter plan · 5 seats,subscription,5,29.00,145.00
862,805,90,95,1,Starter plan · 5 seats,subscription,5,29.00,145.00
863,806,90,95,1,Starter plan · 5 seats,subscription,5,29.00,145.00
864,807,90,95,1,Starter plan · 5 seats,subscription,5,29.00,145.00
865,808,90,95,1,Starter plan · 5 seats,subscription,5,29.00,145.00
866,809,90,95,1,Starter plan · 5 seats,subscription,5,29.00,145.00
867,810,90,95,1,Starter plan · 5 seats,subscription,5,29.00,145.00
868,811,91,96,4,Enterprise annual · 106 seats,subscription,106,1490.00,157940.04
869,811,91,96,4,Customer success package,addon,1,6000.00,6000.00
870,812,91,96,4,Enterprise annual · 141 seats,subscription,141,1490.00,210090.00
871,813,91,96,4,Enterprise annual · 110 seats,subscription,110,1490.00,163899.96
872,814,91,96,4,Enterprise annual · 110 seats,subscription,110,1490.00,163899.96
873,815,92,97,3,Business plan · 4 seats,subscription,4,99.00,396.00
874,816,92,97,3,Business plan · 4 seats,subscription,4,99.00,396.00
875,817,92,97,3,Business plan · 4 seats,subscription,4,99.00,396.00
876,818,92,97,3,Business plan · 4 seats,subscription,4,99.00,396.00
877,819,92,97,3,Business plan · 5 seats,subscription,5,99.00,495.00
878,819,92,97,3,Additional storage,addon,1,79.00,79.00
879,820,92,97,3,Business plan · 5 seats,subscription,5,99.00,495.00
880,821,92,97,3,Business plan · 5 seats,subscription,5,99.00,495.00
881,822,92,97,3,Business plan · 6 seats,subscription,6,99.00,594.00
882,822,92,97,3,Additional storage,addon,1,79.00,79.00
883,823,92,97,3,Business plan · 6 seats,subscription,6,99.00,594.00
884,824,92,97,3,Business plan · 6 seats,subscription,6,99.00,594.00
885,824,92,97,3,Additional storage,addon,1,49.00,49.00
886,825,92,97,3,Business plan · 6 seats,subscription,6,99.00,594.00
887,826,92,97,3,Business plan · 6 seats,subscription,6,99.00,594.00
888,827,92,97,3,Business plan · 8 seats,subscription,8,99.00,792.00
889,828,92,97,3,Business plan · 10 seats,subscription,10,99.00,990.00
890,829,92,97,3,Business plan · 10 seats,subscription,10,99.00,990.00
891,830,92,97,3,Business plan · 10 seats,subscription,10,99.00,990.00
892,831,93,98,2,Team annual · 50 seats,subscription,50,590.00,29499.96
893,832,93,98,3,Business annual · 50 seats,subscription,50,990.00,49500.00
894,833,93,98,4,Enterprise annual · 59 seats,subscription,59,1490.00,87909.96
895,834,93,98,4,Enterprise annual · 68 seats,subscription,68,1490.00,101319.96
896,835,94,99,4,Enterprise annual · 148 seats,subscription,148,1490.00,220520.04
897,836,94,99,4,Enterprise annual · 185 seats,subscription,185,1490.00,275649.96
898,837,94,99,4,Enterprise annual · 202 seats,subscription,202,1490.00,300980.04
899,838,95,100,4,Enterprise annual · 227 seats,subscription,227,1490.00,338229.96
900,839,95,100,4,Enterprise annual · 250 seats,subscription,250,1490.00,372500.04
901,840,96,101,2,Team plan · 8 seats,subscription,8,59.00,472.00
902,841,96,101,2,Team plan · 8 seats,subscription,8,59.00,472.00
903,842,96,101,2,Team plan · 8 seats,subscription,8,59.00,472.00
904,843,96,101,2,Team plan · 8 seats,subscription,8,59.00,472.00
905,844,96,101,2,Team plan · 8 seats,subscription,8,59.00,472.00
906,845,96,101,2,Team plan · 8 seats,subscription,8,59.00,472.00
907,846,96,101,2,Team plan · 8 seats,subscription,8,59.00,472.00
908,847,96,101,2,Team plan · 8 seats,subscription,8,59.00,472.00
909,848,96,101,2,Team plan · 8 seats,subscription,8,59.00,472.00
910,849,96,101,2,Team plan · 8 seats,subscription,8,59.00,472.00
911,850,96,101,2,Team plan · 8 seats,subscription,8,59.00,472.00
912,851,96,101,2,Team plan · 9 seats,subscription,9,59.00,531.00
913,852,96,101,2,Team plan · 10 seats,subscription,10,59.00,590.00
914,853,96,101,2,Team plan · 11 seats,subscription,11,59.00,649.00
915,854,96,101,2,Team plan · 11 seats,subscription,11,59.00,649.00
916,855,96,101,2,Team plan · 11 seats,subscription,11,59.00,649.00
917,856,96,101,2,Team plan · 11 seats,subscription,11,59.00,649.00
918,857,96,101,2,Team plan · 11 seats,subscription,11,59.00,649.00
919,858,96,101,2,Team plan · 11 seats,subscription,11,59.00,649.00
920,859,96,101,1,Starter plan · 10 seats,subscription,10,29.00,290.00
921,860,96,101,1,Starter plan · 10 seats,subscription,10,29.00,290.00
922,861,96,101,1,Starter plan · 10 seats,subscription,10,29.00,290.00
923,862,96,101,1,Starter plan · 10 seats,subscription,10,29.00,290.00
924,863,96,101,1,Starter plan · 10 seats,subscription,10,29.00,290.00
925,864,96,101,1,Starter plan · 10 seats,subscription,10,29.00,290.00
926,865,96,101,1,Starter plan · 10 seats,subscription,10,29.00,290.00
927,866,96,101,1,Starter plan · 10 seats,subscription,10,29.00,290.00
928,867,96,101,1,Starter plan · 10 seats,subscription,10,29.00,290.00
929,868,96,101,1,Starter plan · 10 seats,subscription,10,29.00,290.00
930,869,96,101,1,Starter plan · 10 seats,subscription,10,29.00,290.00
931,870,96,101,1,Starter plan · 10 seats,subscription,10,29.00,290.00
932,871,96,101,1,Starter plan · 10 seats,subscription,10,29.00,290.00
933,872,96,101,1,Starter plan · 10 seats,subscription,10,29.00,290.00
934,873,96,101,1,Starter plan · 10 seats,subscription,10,29.00,290.00
935,874,96,101,1,Starter plan · 10 seats,subscription,10,29.00,290.00
936,875,96,101,1,Starter plan · 10 seats,subscription,10,29.00,290.00
937,876,96,101,1,Starter plan · 10 seats,subscription,10,29.00,290.00
938,877,97,102,4,Enterprise annual · 209 seats,subscription,209,1490.00,311409.96
939,878,97,102,4,Enterprise annual · 243 seats,subscription,243,1490.00,362070.00
940,879,97,102,4,Enterprise annual · 290 seats,subscription,290,1490.00,432099.96
941,880,98,103,1,Starter plan · 4 seats,subscription,4,29.00,116.00
942,881,98,103,1,Starter plan · 4 seats,subscription,4,29.00,116.00
943,882,98,103,1,Starter plan · 5 seats,subscription,5,29.00,145.00
944,883,98,103,1,Starter plan · 5 seats,subscription,5,29.00,145.00
945,884,98,103,1,Starter plan · 5 seats,subscription,5,29.00,145.00
946,885,98,103,1,Starter plan · 5 seats,subscription,5,29.00,145.00
947,886,98,103,1,Starter plan · 6 seats,subscription,6,29.00,174.00
948,887,98,103,1,Starter plan · 6 seats,subscription,6,29.00,174.00
949,888,98,103,1,Starter plan · 6 seats,subscription,6,29.00,174.00
950,889,98,103,1,Starter plan · 6 seats,subscription,6,29.00,174.00
951,890,98,103,1,Starter plan · 6 seats,subscription,6,29.00,174.00
952,891,98,103,1,Starter plan · 6 seats,subscription,6,29.00,174.00
953,892,98,103,1,Starter plan · 6 seats,subscription,6,29.00,174.00
954,893,98,103,1,Starter plan · 6 seats,subscription,6,29.00,174.00
955,894,98,103,1,Starter plan · 6 seats,subscription,6,29.00,174.00
956,895,98,103,1,Starter plan · 6 seats,subscription,6,29.00,174.00
957,896,98,103,1,Starter plan · 6 seats,subscription,6,29.00,174.00
958,897,98,103,1,Starter plan · 6 seats,subscription,6,29.00,174.00
959,898,98,103,1,Starter plan · 6 seats,subscription,6,29.00,174.00
960,899,98,103,1,Starter plan · 6 seats,subscription,6,29.00,174.00
961,900,98,103,1,Starter plan · 6 seats,subscription,6,29.00,174.00
962,901,98,103,1,Starter plan · 6 seats,subscription,6,29.00,174.00
963,902,99,104,3,Business plan · 8 seats,subscription,8,99.00,792.00
964,903,99,104,3,Business plan · 9 seats,subscription,9,99.00,891.00
965,904,99,104,3,Business plan · 9 seats,subscription,9,99.00,891.00
966,904,99,104,3,Additional storage,addon,1,129.00,129.00
967,905,99,104,3,Business plan · 9 seats,subscription,9,99.00,891.00
968,906,100,105,1,Starter plan · 3 seats,subscription,3,29.00,87.00
969,907,100,105,1,Starter plan · 3 seats,subscription,3,29.00,87.00
970,908,100,105,1,Starter plan · 3 seats,subscription,3,29.00,87.00
971,909,100,105,1,Starter plan · 3 seats,subscription,3,29.00,87.00
972,910,100,105,1,Starter plan · 3 seats,subscription,3,29.00,87.00
973,911,100,105,2,Team plan · 3 seats,subscription,3,59.00,177.00
974,912,100,105,2,Team plan · 3 seats,subscription,3,59.00,177.00
975,913,100,105,2,Team plan · 3 seats,subscription,3,59.00,177.00
976,914,100,105,2,Team plan · 3 seats,subscription,3,59.00,177.00
977,915,100,105,2,Team plan · 3 seats,subscription,3,59.00,177.00
978,916,100,105,2,Team plan · 3 seats,subscription,3,59.00,177.00
979,917,100,105,2,Team plan · 3 seats,subscription,3,59.00,177.00
980,918,100,105,2,Team plan · 3 seats,subscription,3,59.00,177.00
981,919,100,105,2,Team plan · 3 seats,subscription,3,59.00,177.00
982,920,100,105,2,Team plan · 3 seats,subscription,3,59.00,177.00
983,921,100,105,2,Team plan · 3 seats,subscription,3,59.00,177.00
984,922,100,105,2,Team plan · 3 seats,subscription,3,59.00,177.00
985,923,100,105,2,Team plan · 3 seats,subscription,3,59.00,177.00
986,924,100,105,2,Team plan · 3 seats,subscription,3,59.00,177.00
987,925,100,105,2,Team plan · 3 seats,subscription,3,59.00,177.00
988,926,100,105,2,Team plan · 3 seats,subscription,3,59.00,177.00
989,927,101,106,4,Enterprise annual · 189 seats,subscription,189,1490.00,281610.00
990,927,101,106,4,Implementation and onboarding,one_time,1,1500.00,1500.00
991,927,101,106,4,Customer success package,addon,1,3600.00,3600.00
992,928,101,106,4,Enterprise annual · 189 seats,subscription,189,1490.00,281610.00
993,929,102,107,4,Enterprise annual · 105 seats,subscription,105,1490.00,156450.00
994,929,102,107,4,Implementation and onboarding,one_time,1,2500.00,2500.00
995,930,103,108,2,Team plan · 11 seats,subscription,11,59.00,649.00
996,931,103,108,2,Team plan · 11 seats,subscription,11,59.00,649.00
997,932,103,108,3,Business plan · 11 seats,subscription,11,99.00,1089.00
998,932,103,108,3,Additional storage,addon,1,129.00,129.00
999,933,103,108,3,Business plan · 11 seats,subscription,11,99.00,1089.00
1000,934,103,108,3,Business plan · 11 seats,subscription,11,99.00,1089.00
1001,935,103,108,3,Business plan · 11 seats,subscription,11,99.00,1089.00
1002,936,103,108,3,Business plan · 11 seats,subscription,11,99.00,1089.00
1003,937,103,108,3,Business plan · 11 seats,subscription,11,99.00,1089.00
1004,937,103,108,3,Additional storage,addon,1,49.00,49.00
1005,938,103,108,3,Business plan · 11 seats,subscription,11,99.00,1089.00
1006,939,104,109,2,Team plan · 6 seats,subscription,6,59.00,354.00
1007,940,104,109,2,Team plan · 6 seats,subscription,6,59.00,354.00
1008,941,104,109,2,Team plan · 6 seats,subscription,6,59.00,354.00
1009,942,104,109,2,Team plan · 6 seats,subscription,6,59.00,354.00
1010,943,104,109,3,Business plan · 6 seats,subscription,6,99.00,594.00
1011,944,104,109,3,Business plan · 6 seats,subscription,6,99.00,594.00
1012,945,104,109,3,Business plan · 6 seats,subscription,6,99.00,594.00
1013,946,104,109,3,Business plan · 6 seats,subscription,6,99.00,594.00
1014,947,104,109,3,Business plan · 6 seats,subscription,6,99.00,594.00
1015,948,104,109,3,Business plan · 6 seats,subscription,6,99.00,594.00
1016,949,104,109,3,Business plan · 6 seats,subscription,6,99.00,594.00
1017,950,105,110,2,Team plan · 21 seats,subscription,21,59.00,1239.00
1018,951,105,110,2,Team plan · 21 seats,subscription,21,59.00,1239.00
1019,952,105,110,2,Team plan · 21 seats,subscription,21,59.00,1239.00
1020,953,106,111,1,Starter plan · 4 seats,subscription,4,29.00,116.00
1021,954,106,111,1,Starter plan · 4 seats,subscription,4,29.00,116.00
1022,955,106,111,1,Starter plan · 4 seats,subscription,4,29.00,116.00
1023,956,106,111,1,Starter plan · 4 seats,subscription,4,29.00,116.00
1024,957,106,111,1,Starter plan · 4 seats,subscription,4,29.00,116.00
1025,958,106,111,1,Starter plan · 4 seats,subscription,4,29.00,116.00
1026,959,106,111,1,Starter plan · 4 seats,subscription,4,29.00,116.00
1027,960,106,111,1,Starter plan · 4 seats,subscription,4,29.00,116.00
1028,961,106,111,1,Starter plan · 4 seats,subscription,4,29.00,116.00
1029,962,106,111,1,Starter plan · 4 seats,subscription,4,29.00,116.00
1030,963,106,111,1,Starter plan · 4 seats,subscription,4,29.00,116.00
1031,964,106,111,1,Starter plan · 4 seats,subscription,4,29.00,116.00
1032,965,106,111,1,Starter plan · 5 seats,subscription,5,29.00,145.00
1033,966,106,111,1,Starter plan · 5 seats,subscription,5,29.00,145.00
1034,967,106,111,1,Starter plan · 5 seats,subscription,5,29.00,145.00
1035,968,106,111,1,Starter plan · 4 seats,subscription,4,29.00,116.00
1036,969,106,111,1,Starter plan · 4 seats,subscription,4,29.00,116.00
1037,970,106,111,1,Starter plan · 4 seats,subscription,4,29.00,116.00
1038,971,106,111,1,Starter plan · 4 seats,subscription,4,29.00,116.00
1039,972,106,111,1,Starter plan · 4 seats,subscription,4,29.00,116.00
1040,973,106,111,1,Starter plan · 4 seats,subscription,4,29.00,116.00
1041,974,106,111,1,Starter plan · 4 seats,subscription,4,29.00,116.00
1042,975,106,111,1,Starter plan · 4 seats,subscription,4,29.00,116.00
1043,976,106,111,1,Starter plan · 4 seats,subscription,4,29.00,116.00
1044,977,106,111,1,Starter plan · 4 seats,subscription,4,29.00,116.00
1045,978,107,112,3,Business plan · 16 seats,subscription,16,99.00,1584.00
1046,979,107,112,3,Business plan · 16 seats,subscription,16,99.00,1584.00
1047,980,107,112,3,Business plan · 16 seats,subscription,16,99.00,1584.00
1048,981,107,112,3,Business plan · 16 seats,subscription,16,99.00,1584.00
1049,982,107,112,3,Business plan · 16 seats,subscription,16,99.00,1584.00
1050,983,107,112,3,Business plan · 16 seats,subscription,16,99.00,1584.00
1051,984,107,112,3,Business plan · 16 seats,subscription,16,99.00,1584.00
1052,985,107,112,3,Business plan · 16 seats,subscription,16,99.00,1584.00
1053,986,107,112,3,Business plan · 16 seats,subscription,16,99.00,1584.00
1054,987,107,112,3,Business plan · 16 seats,subscription,16,99.00,1584.00
1055,987,107,112,3,Additional storage,addon,1,79.00,79.00
1056,988,107,112,3,Business plan · 18 seats,subscription,18,99.00,1782.00
1057,988,107,112,3,Additional storage,addon,1,79.00,79.00
1058,989,107,112,3,Business plan · 18 seats,subscription,18,99.00,1782.00
1059,990,107,112,3,Business plan · 18 seats,subscription,18,99.00,1782.00
1060,991,107,112,3,Business plan · 18 seats,subscription,18,99.00,1782.00
1061,991,107,112,3,Additional storage,addon,1,49.00,49.00
1062,992,107,112,3,Business plan · 18 seats,subscription,18,99.00,1782.00
1063,993,107,112,3,Business plan · 18 seats,subscription,18,99.00,1782.00
1064,994,108,113,1,Starter plan · 9 seats,subscription,9,29.00,261.00
1065,995,108,113,1,Starter plan · 9 seats,subscription,9,29.00,261.00
1066,996,108,113,1,Starter plan · 9 seats,subscription,9,29.00,261.00
1067,997,108,113,1,Starter plan · 9 seats,subscription,9,29.00,261.00
1068,998,109,114,1,Starter plan · 10 seats,subscription,10,29.00,290.00
1069,999,109,114,1,Starter plan · 10 seats,subscription,10,29.00,290.00
1070,1000,109,114,1,Starter plan · 10 seats,subscription,10,29.00,290.00
1071,1001,109,114,1,Starter plan · 10 seats,subscription,10,29.00,290.00
1072,1002,109,114,1,Starter plan · 10 seats,subscription,10,29.00,290.00
1073,1003,109,114,1,Starter plan · 10 seats,subscription,10,29.00,290.00
1074,1004,109,114,1,Starter plan · 10 seats,subscription,10,29.00,290.00
1075,1005,109,114,1,Starter plan · 10 seats,subscription,10,29.00,290.00
1076,1006,109,114,1,Starter plan · 10 seats,subscription,10,29.00,290.00
1077,1007,109,114,1,Starter plan · 10 seats,subscription,10,29.00,290.00
1078,1008,109,114,1,Starter plan · 10 seats,subscription,10,29.00,290.00
1079,1009,109,114,1,Starter plan · 10 seats,subscription,10,29.00,290.00
1080,1010,109,114,1,Starter plan · 10 seats,subscription,10,29.00,290.00
1081,1011,109,114,1,Starter plan · 10 seats,subscription,10,29.00,290.00
1082,1012,109,114,1,Starter plan · 10 seats,subscription,10,29.00,290.00
1083,1013,109,114,1,Starter plan · 10 seats,subscription,10,29.00,290.00
1084,1014,110,115,2,Team plan · 8 seats,subscription,8,59.00,472.00
1085,1015,110,115,2,Team plan · 8 seats,subscription,8,59.00,472.00
1086,1016,110,115,2,Team plan · 8 seats,subscription,8,59.00,472.00
1087,1017,110,115,2,Team plan · 8 seats,subscription,8,59.00,472.00
1088,1018,110,115,2,Team plan · 8 seats,subscription,8,59.00,472.00
1089,1019,110,115,2,Team plan · 8 seats,subscription,8,59.00,472.00
1090,1020,110,115,2,Team plan · 8 seats,subscription,8,59.00,472.00
1091,1021,110,115,2,Team plan · 8 seats,subscription,8,59.00,472.00
1092,1022,110,115,2,Team plan · 8 seats,subscription,8,59.00,472.00
1093,1023,110,115,2,Team plan · 8 seats,subscription,8,59.00,472.00
1094,1024,110,115,2,Team plan · 8 seats,subscription,8,59.00,472.00
1095,1025,110,115,2,Team plan · 8 seats,subscription,8,59.00,472.00
1096,1026,110,115,2,Team plan · 8 seats,subscription,8,59.00,472.00
1097,1027,110,115,2,Team plan · 8 seats,subscription,8,59.00,472.00
1098,1028,110,115,2,Team plan · 8 seats,subscription,8,59.00,472.00
1099,1029,110,115,2,Team plan · 8 seats,subscription,8,59.00,472.00
1100,1030,110,115,2,Team plan · 10 seats,subscription,10,59.00,590.00
1101,1031,110,115,2,Team plan · 10 seats,subscription,10,59.00,590.00
1102,1032,110,115,2,Team plan · 10 seats,subscription,10,59.00,590.00
1103,1033,110,115,2,Team plan · 10 seats,subscription,10,59.00,590.00
1104,1034,110,115,2,Team plan · 10 seats,subscription,10,59.00,590.00
1105,1035,110,115,2,Team plan · 10 seats,subscription,10,59.00,590.00
1106,1036,111,116,2,Team plan · 14 seats,subscription,14,59.00,826.00
1107,1037,111,116,2,Team plan · 14 seats,subscription,14,59.00,826.00
1108,1038,111,116,2,Team plan · 14 seats,subscription,14,59.00,826.00
1109,1039,111,116,2,Team plan · 14 seats,subscription,14,59.00,826.00
1110,1040,111,116,2,Team plan · 14 seats,subscription,14,59.00,826.00
1111,1041,111,116,2,Team plan · 14 seats,subscription,14,59.00,826.00
1112,1042,111,116,2,Team plan · 14 seats,subscription,14,59.00,826.00
1113,1043,111,116,2,Team plan · 14 seats,subscription,14,59.00,826.00
1114,1044,111,116,2,Team plan · 15 seats,subscription,15,59.00,885.00
1115,1045,111,116,2,Team plan · 15 seats,subscription,15,59.00,885.00
1116,1046,111,116,2,Team plan · 15 seats,subscription,15,59.00,885.00
1117,1047,111,116,2,Team plan · 15 seats,subscription,15,59.00,885.00
1118,1048,111,116,2,Team plan · 15 seats,subscription,15,59.00,885.00
1119,1049,111,116,2,Team plan · 15 seats,subscription,15,59.00,885.00
1120,1050,111,116,2,Team plan · 15 seats,subscription,15,59.00,885.00
1121,1051,111,116,2,Team plan · 15 seats,subscription,15,59.00,885.00
1122,1052,111,116,2,Team plan · 15 seats,subscription,15,59.00,885.00
1123,1053,112,117,2,Team annual · 10 seats,subscription,10,708.00,7080.00
1124,1054,112,117,3,Business annual · 10 seats,subscription,10,1188.00,11880.00
1125,1055,112,117,3,Business annual · 12 seats,subscription,12,1188.00,14256.00
1126,1056,113,118,4,Enterprise annual · 102 seats,subscription,102,1490.00,151980.00
1127,1056,113,118,4,Implementation and onboarding,one_time,1,7500.00,7500.00
1128,1057,114,119,1,Starter plan · 4 seats,subscription,4,29.00,116.00
1129,1058,114,119,1,Starter plan · 4 seats,subscription,4,29.00,116.00
1130,1059,114,119,1,Starter plan · 4 seats,subscription,4,29.00,116.00
1131,1060,114,119,1,Starter plan · 4 seats,subscription,4,29.00,116.00
1132,1061,115,120,2,Team annual · 12 seats,subscription,12,590.00,7080.00
1133,1062,116,121,2,Team plan · 14 seats,subscription,14,59.00,826.00
1134,1063,116,121,2,Team plan · 14 seats,subscription,14,59.00,826.00
1135,1064,116,121,2,Team plan · 14 seats,subscription,14,59.00,826.00
1136,1065,116,121,2,Team plan · 14 seats,subscription,14,59.00,826.00
1137,1066,116,121,3,Business plan · 14 seats,subscription,14,99.00,1386.00
1138,1067,116,121,3,Business plan · 14 seats,subscription,14,99.00,1386.00
1139,1068,116,121,3,Business plan · 14 seats,subscription,14,99.00,1386.00
1140,1069,116,121,3,Business plan · 14 seats,subscription,14,99.00,1386.00
1141,1070,116,121,3,Business plan · 14 seats,subscription,14,99.00,1386.00
1142,1071,116,121,3,Business plan · 14 seats,subscription,14,99.00,1386.00
1143,1072,117,122,2,Team plan · 18 seats,subscription,18,59.00,1062.00
1144,1073,117,122,2,Team plan · 18 seats,subscription,18,59.00,1062.00
1145,1074,117,122,2,Team plan · 18 seats,subscription,18,59.00,1062.00
1146,1075,117,122,2,Team plan · 18 seats,subscription,18,59.00,1062.00
1147,1076,117,122,2,Team plan · 18 seats,subscription,18,59.00,1062.00
1148,1077,117,122,2,Team plan · 18 seats,subscription,18,59.00,1062.00
1149,1078,117,122,2,Team plan · 18 seats,subscription,18,59.00,1062.00
1150,1079,117,122,2,Team plan · 18 seats,subscription,18,59.00,1062.00
1151,1080,117,122,2,Team plan · 18 seats,subscription,18,59.00,1062.00
1152,1081,117,122,2,Team plan · 18 seats,subscription,18,59.00,1062.00
1153,1082,117,122,2,Team plan · 20 seats,subscription,20,59.00,1180.00
1154,1083,117,122,3,Business plan · 20 seats,subscription,20,99.00,1980.00
1155,1084,117,122,3,Business plan · 20 seats,subscription,20,99.00,1980.00
1156,1085,117,122,3,Business plan · 20 seats,subscription,20,99.00,1980.00
1157,1085,117,122,3,Additional storage,addon,1,49.00,49.00
1158,1086,117,122,3,Business plan · 20 seats,subscription,20,99.00,1980.00
1159,1087,117,122,3,Business plan · 20 seats,subscription,20,99.00,1980.00
1160,1087,117,122,3,Additional storage,addon,1,79.00,79.00
1161,1088,117,122,3,Business plan · 22 seats,subscription,22,99.00,2178.00
1162,1089,117,122,3,Business plan · 22 seats,subscription,22,99.00,2178.00
1163,1089,117,122,3,Additional storage,addon,1,129.00,129.00
1164,1090,117,122,3,Business plan · 22 seats,subscription,22,99.00,2178.00
1165,1091,117,122,3,Business plan · 22 seats,subscription,22,99.00,2178.00
1166,1092,118,123,4,Enterprise annual · 611 seats,subscription,611,1490.00,910389.96
1167,1092,118,123,4,Implementation and onboarding,one_time,1,1500.00,1500.00
1168,1093,118,123,4,Enterprise annual · 729 seats,subscription,729,1490.00,1086210.00
1169,1094,119,124,4,Enterprise annual · 202 seats,subscription,202,1490.00,300980.04
1170,1095,119,124,4,Enterprise annual · 202 seats,subscription,202,1490.00,300980.04
1171,1095,119,124,4,Customer success package,addon,1,2400.00,2400.00
1172,1096,120,125,4,Enterprise annual · 25 seats,subscription,25,1490.00,37250.04
1173,1097,120,125,4,Enterprise annual · 22 seats,subscription,22,1490.00,32780.04
1174,1098,120,125,4,Enterprise annual · 23 seats,subscription,23,1490.00,34269.96
1175,1098,120,125,4,Customer success package,addon,1,2400.00,2400.00
1176,1099,121,126,1,Starter plan · 10 seats,subscription,10,29.00,290.00
1177,1100,121,126,1,Starter plan · 10 seats,subscription,10,29.00,290.00
1178,1101,121,126,1,Starter plan · 10 seats,subscription,10,29.00,290.00
1179,1102,121,126,1,Starter plan · 10 seats,subscription,10,29.00,290.00
1180,1103,121,126,1,Starter plan · 10 seats,subscription,10,29.00,290.00
1181,1104,121,126,1,Starter plan · 10 seats,subscription,10,29.00,290.00
1182,1105,122,127,3,Business annual · 307 seats,subscription,307,990.00,303930.00
1183,1105,122,127,3,Implementation and onboarding,one_time,1,4000.00,4000.00
1184,1106,122,127,3,Business annual · 273 seats,subscription,273,990.00,270270.00
1185,1107,122,127,4,Enterprise annual · 330 seats,subscription,330,1490.00,491700.00
1186,1108,123,128,1,Starter plan · 10 seats,subscription,10,29.00,290.00
1187,1109,123,128,1,Starter plan · 10 seats,subscription,10,29.00,290.00
1188,1110,123,128,1,Starter plan · 10 seats,subscription,10,29.00,290.00
1189,1111,123,128,1,Starter plan · 10 seats,subscription,10,29.00,290.00
1190,1112,123,128,1,Starter plan · 10 seats,subscription,10,29.00,290.00
1191,1113,123,128,1,Starter plan · 10 seats,subscription,10,29.00,290.00
1192,1114,123,128,1,Starter plan · 10 seats,subscription,10,29.00,290.00
1193,1115,123,128,1,Starter plan · 10 seats,subscription,10,29.00,290.00
1194,1116,123,128,1,Starter plan · 10 seats,subscription,10,29.00,290.00
1195,1117,123,128,1,Starter plan · 10 seats,subscription,10,29.00,290.00
1196,1118,123,128,1,Starter plan · 10 seats,subscription,10,29.00,290.00
1197,1119,123,128,1,Starter plan · 10 seats,subscription,10,29.00,290.00
1198,1120,123,128,1,Starter plan · 9 seats,subscription,9,29.00,261.00
1199,1121,123,128,1,Starter plan · 9 seats,subscription,9,29.00,261.00
1200,1122,123,128,1,Starter plan · 9 seats,subscription,9,29.00,261.00
1201,1123,123,128,1,Starter plan · 9 seats,subscription,9,29.00,261.00
1202,1124,123,128,1,Starter plan · 9 seats,subscription,9,29.00,261.00
1203,1125,123,128,1,Starter plan · 9 seats,subscription,9,29.00,261.00
1204,1126,123,128,1,Starter plan · 9 seats,subscription,9,29.00,261.00
1205,1127,124,129,1,Starter plan · 10 seats,subscription,10,29.00,290.00
1206,1128,124,129,1,Starter plan · 10 seats,subscription,10,29.00,290.00
1207,1129,124,129,1,Starter plan · 10 seats,subscription,10,29.00,290.00
1208,1130,124,129,1,Starter plan · 10 seats,subscription,10,29.00,290.00
1209,1131,125,130,1,Starter plan · 7 seats,subscription,7,29.00,203.00
1210,1132,125,130,1,Starter plan · 7 seats,subscription,7,29.00,203.00
1211,1133,125,130,1,Starter plan · 7 seats,subscription,7,29.00,203.00
1212,1134,125,130,1,Starter plan · 7 seats,subscription,7,29.00,203.00
1213,1135,125,130,1,Starter plan · 7 seats,subscription,7,29.00,203.00
1214,1136,125,130,1,Starter plan · 7 seats,subscription,7,29.00,203.00
1215,1137,125,130,1,Starter plan · 7 seats,subscription,7,29.00,203.00
1216,1138,125,130,1,Starter plan · 7 seats,subscription,7,29.00,203.00
1217,1139,125,130,1,Starter plan · 7 seats,subscription,7,29.00,203.00
1218,1140,125,130,1,Starter plan · 7 seats,subscription,7,29.00,203.00
1219,1141,125,130,1,Starter plan · 7 seats,subscription,7,29.00,203.00
1220,1142,125,130,1,Starter plan · 7 seats,subscription,7,29.00,203.00
1221,1143,125,130,1,Starter plan · 8 seats,subscription,8,29.00,232.00
1222,1144,125,130,1,Starter plan · 8 seats,subscription,8,29.00,232.00
1223,1145,125,130,1,Starter plan · 8 seats,subscription,8,29.00,232.00
1224,1146,125,130,1,Starter plan · 8 seats,subscription,8,29.00,232.00
1225,1147,125,130,1,Starter plan · 8 seats,subscription,8,29.00,232.00
1226,1148,125,130,1,Starter plan · 8 seats,subscription,8,29.00,232.00
1227,1149,126,131,1,Starter plan · 9 seats,subscription,9,29.00,261.00
1228,1150,126,131,1,Starter plan · 9 seats,subscription,9,29.00,261.00
1229,1151,126,131,1,Starter plan · 9 seats,subscription,9,29.00,261.00
1230,1152,126,131,1,Starter plan · 9 seats,subscription,9,29.00,261.00
1231,1153,126,131,1,Starter plan · 9 seats,subscription,9,29.00,261.00
1232,1154,126,131,1,Starter plan · 9 seats,subscription,9,29.00,261.00
1233,1155,126,131,1,Starter plan · 9 seats,subscription,9,29.00,261.00
1234,1156,127,132,1,Starter plan · 10 seats,subscription,10,29.00,290.00
1235,1157,127,132,1,Starter plan · 10 seats,subscription,10,29.00,290.00
1236,1158,127,132,1,Starter plan · 10 seats,subscription,10,29.00,290.00
1237,1159,127,132,1,Starter plan · 8 seats,subscription,8,29.00,232.00
1238,1160,127,132,1,Starter plan · 8 seats,subscription,8,29.00,232.00
1239,1161,127,132,1,Starter plan · 8 seats,subscription,8,29.00,232.00
1240,1162,127,132,1,Starter plan · 9 seats,subscription,9,29.00,261.00
1241,1163,128,133,2,Team annual · 27 seats,subscription,27,590.00,15930.00
1242,1164,128,133,3,Business annual · 24 seats,subscription,24,990.00,23760.00
1243,1165,128,133,3,Business annual · 35 seats,subscription,35,990.00,34650.00
1244,1166,129,134,4,Enterprise annual · 123 seats,subscription,123,1490.00,183270.00
1245,1167,130,135,1,Starter plan · 4 seats,subscription,4,29.00,116.00
1246,1168,130,135,1,Starter plan · 4 seats,subscription,4,29.00,116.00
1247,1169,130,135,1,Starter plan · 4 seats,subscription,4,29.00,116.00
1248,1170,130,135,1,Starter plan · 4 seats,subscription,4,29.00,116.00
1249,1171,131,136,2,Team plan · 7 seats,subscription,7,59.00,413.00
1250,1172,131,136,2,Team plan · 7 seats,subscription,7,59.00,413.00
1251,1173,131,136,2,Team plan · 7 seats,subscription,7,59.00,413.00
1252,1174,131,136,2,Team plan · 7 seats,subscription,7,59.00,413.00
1253,1175,131,136,2,Team plan · 7 seats,subscription,7,59.00,413.00
1254,1176,131,136,2,Team plan · 7 seats,subscription,7,59.00,413.00
1255,1177,131,136,1,Starter plan · 7 seats,subscription,7,29.00,203.00
1256,1178,131,136,1,Starter plan · 7 seats,subscription,7,29.00,203.00
1257,1179,131,136,1,Starter plan · 7 seats,subscription,7,29.00,203.00
1258,1180,131,136,1,Starter plan · 7 seats,subscription,7,29.00,203.00
1259,1181,131,136,1,Starter plan · 7 seats,subscription,7,29.00,203.00
1260,1182,131,136,1,Starter plan · 7 seats,subscription,7,29.00,203.00
1261,1183,131,136,1,Starter plan · 8 seats,subscription,8,29.00,232.00
1262,1184,131,136,1,Starter plan · 8 seats,subscription,8,29.00,232.00
1263,1185,131,136,1,Starter plan · 8 seats,subscription,8,29.00,232.00
1264,1186,131,136,1,Starter plan · 8 seats,subscription,8,29.00,232.00
1265,1187,131,136,1,Starter plan · 8 seats,subscription,8,29.00,232.00
1266,1188,131,136,1,Starter plan · 8 seats,subscription,8,29.00,232.00
1267,1189,131,136,1,Starter plan · 8 seats,subscription,8,29.00,232.00
1268,1190,131,136,1,Starter plan · 8 seats,subscription,8,29.00,232.00
1269,1191,132,137,1,Starter plan · 6 seats,subscription,6,29.00,174.00
1270,1192,132,137,1,Starter plan · 6 seats,subscription,6,29.00,174.00
1271,1193,132,137,1,Starter plan · 6 seats,subscription,6,29.00,174.00
1272,1194,132,137,1,Starter plan · 6 seats,subscription,6,29.00,174.00
1273,1195,132,137,1,Starter plan · 6 seats,subscription,6,29.00,174.00
1274,1196,132,137,1,Starter plan · 6 seats,subscription,6,29.00,174.00
1275,1197,132,137,1,Starter plan · 6 seats,subscription,6,29.00,174.00
1276,1198,132,137,1,Starter plan · 6 seats,subscription,6,29.00,174.00
1277,1199,132,137,1,Starter plan · 6 seats,subscription,6,29.00,174.00
1278,1200,132,137,1,Starter plan · 6 seats,subscription,6,29.00,174.00
1279,1201,132,137,1,Starter plan · 6 seats,subscription,6,29.00,174.00
1280,1202,132,137,1,Starter plan · 6 seats,subscription,6,29.00,174.00
1281,1203,133,138,2,Team annual · 26 seats,subscription,26,590.00,15339.96
1282,1204,133,138,2,Team annual · 35 seats,subscription,35,590.00,20649.96
1283,1205,134,139,1,Starter plan · 7 seats,subscription,7,29.00,203.00
1284,1206,134,139,1,Starter plan · 7 seats,subscription,7,29.00,203.00
1285,1207,134,139,1,Starter plan · 7 seats,subscription,7,29.00,203.00
1286,1208,134,139,1,Starter plan · 7 seats,subscription,7,29.00,203.00
1287,1209,134,139,1,Starter plan · 7 seats,subscription,7,29.00,203.00
1288,1210,134,139,1,Starter plan · 6 seats,subscription,6,29.00,174.00
1289,1211,134,139,1,Starter plan · 6 seats,subscription,6,29.00,174.00
1290,1212,134,139,1,Starter plan · 6 seats,subscription,6,29.00,174.00
1291,1213,134,139,1,Starter plan · 6 seats,subscription,6,29.00,174.00
1292,1214,134,139,1,Starter plan · 6 seats,subscription,6,29.00,174.00
1293,1215,134,139,1,Starter plan · 6 seats,subscription,6,29.00,174.00
1294,1216,134,139,1,Starter plan · 6 seats,subscription,6,29.00,174.00
1295,1217,134,139,1,Starter plan · 6 seats,subscription,6,29.00,174.00
1296,1218,134,139,1,Starter plan · 6 seats,subscription,6,29.00,174.00
1297,1219,135,140,4,Enterprise annual · 612 seats,subscription,612,1490.00,911880.00
1298,1219,135,140,4,Implementation and onboarding,one_time,1,2500.00,2500.00
1299,1220,135,140,4,Enterprise annual · 662 seats,subscription,662,1490.00,986379.96
1300,1220,135,140,4,Customer success package,addon,1,2400.00,2400.00
1301,1221,136,141,2,Team plan · 8 seats,subscription,8,59.00,472.00
1302,1222,136,141,2,Team plan · 8 seats,subscription,8,59.00,472.00
1303,1223,136,141,2,Team plan · 8 seats,subscription,8,59.00,472.00
1304,1224,136,141,2,Team plan · 8 seats,subscription,8,59.00,472.00
1305,1225,136,141,2,Team plan · 8 seats,subscription,8,59.00,472.00
1306,1226,136,141,2,Team plan · 8 seats,subscription,8,59.00,472.00
1307,1227,136,141,2,Team plan · 8 seats,subscription,8,59.00,472.00
1308,1228,137,142,2,Team plan · 9 seats,subscription,9,59.00,531.00
1309,1229,137,142,2,Team plan · 9 seats,subscription,9,59.00,531.00
1310,1230,137,142,2,Team plan · 9 seats,subscription,9,59.00,531.00
1311,1231,138,143,1,Starter plan · 2 seats,subscription,2,29.00,58.00
1312,1232,138,143,1,Starter plan · 2 seats,subscription,2,29.00,58.00
1313,1233,138,143,1,Starter plan · 3 seats,subscription,3,29.00,87.00
1314,1234,138,143,1,Starter plan · 3 seats,subscription,3,29.00,87.00
1315,1235,138,143,1,Starter plan · 3 seats,subscription,3,29.00,87.00
1316,1236,139,144,4,Enterprise annual · 34 seats,subscription,34,1490.00,50660.04
1317,1237,139,144,4,Enterprise annual · 34 seats,subscription,34,1490.00,50660.04
1318,1238,140,145,3,Business annual · 112 seats,subscription,112,990.00,110880.00
1319,1238,140,145,3,Implementation and onboarding,one_time,1,1500.00,1500.00
1320,1239,140,145,4,Enterprise annual · 132 seats,subscription,132,1490.00,196680.00
1321,1240,141,146,3,Business annual · 3 seats,subscription,3,990.00,2970.00
1322,1241,141,146,3,Business annual · 3 seats,subscription,3,990.00,2970.00
1323,1242,141,146,4,Enterprise annual · 3 seats,subscription,3,1490.00,4470.00
1324,1243,142,147,2,Team plan · 18 seats,subscription,18,59.00,1062.00
1325,1244,142,147,2,Team plan · 18 seats,subscription,18,59.00,1062.00
1326,1245,143,148,1,Starter plan · 3 seats,subscription,3,29.00,87.00
1327,1246,143,148,1,Starter plan · 3 seats,subscription,3,29.00,87.00
1328,1247,143,148,1,Starter plan · 3 seats,subscription,3,29.00,87.00
1329,1248,143,148,1,Starter plan · 3 seats,subscription,3,29.00,87.00
1330,1249,143,148,1,Starter plan · 3 seats,subscription,3,29.00,87.00
1331,1250,143,148,1,Starter plan · 3 seats,subscription,3,29.00,87.00
1332,1251,144,149,3,Business annual · 18 seats,subscription,18,1188.00,21384.00
1333,1251,144,149,3,Implementation and onboarding,one_time,1,1500.00,1500.00
1334,1252,144,149,3,Business annual · 18 seats,subscription,18,1188.00,21384.00
1335,1253,144,149,4,Enterprise annual · 18 seats,subscription,18,1490.00,26820.00
1336,1254,144,149,3,Business annual · 18 seats,subscription,18,990.00,17820.00
1337,1255,145,150,1,Starter plan · 10 seats,subscription,10,29.00,290.00
1338,1256,145,150,1,Starter plan · 10 seats,subscription,10,29.00,290.00
1339,1257,145,150,1,Starter plan · 10 seats,subscription,10,29.00,290.00
1340,1258,145,150,1,Starter plan · 10 seats,subscription,10,29.00,290.00
1341,1259,145,150,1,Starter plan · 10 seats,subscription,10,29.00,290.00
1342,1260,146,151,2,Team annual · 27 seats,subscription,27,590.00,15930.00
1343,1261,147,152,1,Starter plan · 2 seats,subscription,2,29.00,58.00
1344,1262,147,152,1,Starter plan · 2 seats,subscription,2,29.00,58.00
1345,1263,147,152,1,Starter plan · 2 seats,subscription,2,29.00,58.00
1346,1264,147,152,1,Starter plan · 2 seats,subscription,2,29.00,58.00
1347,1265,147,152,1,Starter plan · 2 seats,subscription,2,29.00,58.00
1348,1266,147,152,1,Starter plan · 2 seats,subscription,2,29.00,58.00
1349,1267,147,152,1,Starter plan · 2 seats,subscription,2,29.00,58.00
1350,1268,147,152,1,Starter plan · 2 seats,subscription,2,29.00,58.00
1351,1269,147,152,1,Starter plan · 2 seats,subscription,2,29.00,58.00
1352,1270,147,152,1,Starter plan · 2 seats,subscription,2,29.00,58.00
1353,1271,147,152,1,Starter plan · 2 seats,subscription,2,29.00,58.00
1354,1272,147,152,1,Starter plan · 2 seats,subscription,2,29.00,58.00
1355,1273,147,152,1,Starter plan · 2 seats,subscription,2,29.00,58.00
1356,1274,147,152,1,Starter plan · 2 seats,subscription,2,29.00,58.00
1357,1275,147,152,1,Starter plan · 2 seats,subscription,2,29.00,58.00
1358,1276,147,152,1,Starter plan · 2 seats,subscription,2,29.00,58.00
1359,1277,147,152,1,Starter plan · 2 seats,subscription,2,29.00,58.00
1360,1278,147,152,1,Starter plan · 2 seats,subscription,2,29.00,58.00
1361,1279,147,152,1,Starter plan · 2 seats,subscription,2,29.00,58.00
1362,1280,147,152,1,Starter plan · 2 seats,subscription,2,29.00,58.00
1363,1281,147,152,1,Starter plan · 2 seats,subscription,2,29.00,58.00
1364,1282,147,152,1,Starter plan · 2 seats,subscription,2,29.00,58.00
1365,1283,147,152,1,Starter plan · 2 seats,subscription,2,29.00,58.00
1366,1284,147,152,1,Starter plan · 2 seats,subscription,2,29.00,58.00
1367,1285,147,152,1,Starter plan · 3 seats,subscription,3,29.00,87.00
1368,1286,147,152,1,Starter plan · 3 seats,subscription,3,29.00,87.00
1369,1287,147,152,1,Starter plan · 3 seats,subscription,3,29.00,87.00
1370,1288,147,152,1,Starter plan · 3 seats,subscription,3,29.00,87.00
1371,1289,147,152,1,Starter plan · 3 seats,subscription,3,29.00,87.00
1372,1290,147,152,1,Starter plan · 3 seats,subscription,3,29.00,87.00
1373,1291,147,152,1,Starter plan · 4 seats,subscription,4,29.00,116.00
1374,1292,147,152,1,Starter plan · 4 seats,subscription,4,29.00,116.00
1375,1293,147,152,1,Starter plan · 4 seats,subscription,4,29.00,116.00
1376,1294,147,152,1,Starter plan · 4 seats,subscription,4,29.00,116.00
1377,1295,147,152,1,Starter plan · 4 seats,subscription,4,29.00,116.00
1378,1296,147,152,1,Starter plan · 4 seats,subscription,4,29.00,116.00
1379,1297,147,152,1,Starter plan · 4 seats,subscription,4,29.00,116.00
1380,1298,147,152,1,Starter plan · 4 seats,subscription,4,29.00,116.00
1381,1299,147,152,1,Starter plan · 4 seats,subscription,4,29.00,116.00
1382,1300,147,152,1,Starter plan · 4 seats,subscription,4,29.00,116.00
1383,1301,147,152,2,Team plan · 4 seats,subscription,4,59.00,236.00
1384,1302,147,152,2,Team plan · 4 seats,subscription,4,59.00,236.00
1385,1303,147,152,2,Team plan · 4 seats,subscription,4,59.00,236.00
1386,1304,148,153,2,Team plan · 38 seats,subscription,38,49.17,1868.33
1387,1305,148,153,2,Team plan · 38 seats,subscription,38,49.17,1868.33
1388,1306,148,153,2,Team plan · 44 seats,subscription,44,49.17,2163.33
1389,1307,148,153,2,Team plan · 44 seats,subscription,44,49.17,2163.33
1390,1308,148,153,2,Team plan · 44 seats,subscription,44,49.17,2163.33
1391,1309,148,153,1,Starter plan · 10 seats,subscription,10,29.00,290.00
1392,1310,148,153,1,Starter plan · 10 seats,subscription,10,29.00,290.00
1393,1311,148,153,1,Starter plan · 10 seats,subscription,10,29.00,290.00
1394,1312,148,153,1,Starter plan · 10 seats,subscription,10,29.00,290.00
1395,1313,148,153,1,Starter plan · 10 seats,subscription,10,29.00,290.00
1396,1314,148,153,1,Starter plan · 10 seats,subscription,10,29.00,290.00
1397,1315,148,153,1,Starter plan · 10 seats,subscription,10,29.00,290.00
1398,1316,148,153,1,Starter plan · 10 seats,subscription,10,29.00,290.00
1399,1317,148,153,1,Starter plan · 10 seats,subscription,10,29.00,290.00
1400,1318,148,153,1,Starter plan · 10 seats,subscription,10,29.00,290.00
1401,1319,148,153,1,Starter plan · 10 seats,subscription,10,29.00,290.00
1402,1320,148,153,1,Starter plan · 10 seats,subscription,10,29.00,290.00
1403,1321,148,153,1,Starter plan · 10 seats,subscription,10,29.00,290.00
1404,1322,148,153,1,Starter plan · 10 seats,subscription,10,29.00,290.00
1405,1323,148,153,1,Starter plan · 10 seats,subscription,10,29.00,290.00
1406,1324,148,153,1,Starter plan · 10 seats,subscription,10,29.00,290.00
1407,1325,148,153,1,Starter plan · 10 seats,subscription,10,29.00,290.00
1408,1326,148,153,1,Starter plan · 10 seats,subscription,10,29.00,290.00
1409,1327,148,153,1,Starter plan · 10 seats,subscription,10,29.00,290.00
1410,1328,148,153,1,Starter plan · 10 seats,subscription,10,29.00,290.00
1411,1329,148,153,1,Starter plan · 10 seats,subscription,10,29.00,290.00
1412,1330,148,153,1,Starter plan · 10 seats,subscription,10,29.00,290.00
1413,1331,148,153,1,Starter plan · 10 seats,subscription,10,29.00,290.00
1414,1332,148,153,1,Starter plan · 10 seats,subscription,10,29.00,290.00
1415,1333,148,153,1,Starter plan · 10 seats,subscription,10,29.00,290.00
1416,1334,148,153,1,Starter plan · 10 seats,subscription,10,29.00,290.00
1417,1335,148,153,1,Starter plan · 10 seats,subscription,10,29.00,290.00
1418,1336,148,153,1,Starter plan · 10 seats,subscription,10,29.00,290.00
1419,1337,148,153,1,Starter plan · 10 seats,subscription,10,29.00,290.00
1420,1338,148,153,2,Team plan · 10 seats,subscription,10,59.00,590.00
1421,1339,148,153,2,Team plan · 10 seats,subscription,10,59.00,590.00
1422,1340,148,153,2,Team plan · 10 seats,subscription,10,59.00,590.00
1423,1341,148,153,2,Team plan · 10 seats,subscription,10,59.00,590.00
1424,1342,148,153,2,Team plan · 10 seats,subscription,10,59.00,590.00
1425,1343,148,153,2,Team plan · 10 seats,subscription,10,59.00,590.00
1426,1344,148,153,2,Team plan · 10 seats,subscription,10,59.00,590.00
1427,1345,148,153,2,Team plan · 10 seats,subscription,10,59.00,590.00
1428,1346,148,153,2,Team plan · 10 seats,subscription,10,59.00,590.00
1429,1347,149,154,2,Team annual · 30 seats,subscription,30,590.00,17700.00
1430,1348,149,154,2,Team annual · 30 seats,subscription,30,590.00,17700.00
1431,1349,150,155,3,Business annual · 56 seats,subscription,56,1188.00,66528.00
1432,1350,150,155,4,Enterprise annual · 47 seats,subscription,47,1490.00,70029.96
1433,1351,151,156,2,Team plan · 5 seats,subscription,5,59.00,295.00
1434,1352,151,156,2,Team plan · 5 seats,subscription,5,59.00,295.00
1435,1353,151,156,2,Team plan · 5 seats,subscription,5,59.00,295.00
1436,1354,152,157,1,Starter plan · 4 seats,subscription,4,29.00,116.00
1437,1355,152,157,1,Starter plan · 4 seats,subscription,4,29.00,116.00
1438,1356,152,157,1,Starter plan · 3 seats,subscription,3,29.00,87.00
1439,1357,152,157,1,Starter plan · 3 seats,subscription,3,29.00,87.00
1440,1358,152,157,1,Starter plan · 3 seats,subscription,3,29.00,87.00
1441,1359,152,157,1,Starter plan · 3 seats,subscription,3,29.00,87.00
1442,1360,152,157,1,Starter plan · 3 seats,subscription,3,29.00,87.00
1443,1361,152,157,1,Starter plan · 3 seats,subscription,3,29.00,87.00
1444,1362,152,157,2,Team plan · 3 seats,subscription,3,59.00,177.00
1445,1363,152,157,2,Team plan · 3 seats,subscription,3,59.00,177.00
1446,1364,152,157,2,Team plan · 3 seats,subscription,3,59.00,177.00
1447,1365,152,157,2,Team plan · 3 seats,subscription,3,59.00,177.00
1448,1366,152,157,2,Team plan · 3 seats,subscription,3,59.00,177.00
1449,1367,152,157,2,Team plan · 4 seats,subscription,4,59.00,236.00
1450,1368,152,157,2,Team plan · 4 seats,subscription,4,59.00,236.00
1451,1369,152,157,2,Team plan · 4 seats,subscription,4,59.00,236.00
1452,1370,152,157,2,Team plan · 4 seats,subscription,4,59.00,236.00
1453,1371,152,157,2,Team plan · 4 seats,subscription,4,59.00,236.00
1454,1372,152,157,2,Team plan · 4 seats,subscription,4,59.00,236.00
1455,1373,152,157,2,Team plan · 4 seats,subscription,4,59.00,236.00
1456,1374,152,157,2,Team plan · 5 seats,subscription,5,59.00,295.00
1457,1375,152,157,2,Team plan · 5 seats,subscription,5,59.00,295.00
1458,1376,152,157,2,Team plan · 5 seats,subscription,5,59.00,295.00
1459,1377,152,157,2,Team plan · 4 seats,subscription,4,59.00,236.00
1460,1378,152,157,2,Team plan · 4 seats,subscription,4,59.00,236.00
1461,1379,152,157,2,Team plan · 4 seats,subscription,4,59.00,236.00
1462,1380,152,157,2,Team plan · 4 seats,subscription,4,59.00,236.00
1463,1381,152,157,2,Team plan · 4 seats,subscription,4,59.00,236.00
1464,1382,152,157,1,Starter plan · 4 seats,subscription,4,29.00,116.00
1465,1383,152,157,1,Starter plan · 4 seats,subscription,4,29.00,116.00
1466,1384,152,157,1,Starter plan · 4 seats,subscription,4,29.00,116.00
1467,1385,152,157,2,Team plan · 4 seats,subscription,4,59.00,236.00
1468,1386,153,158,1,Starter plan · 7 seats,subscription,7,29.00,203.00
1469,1387,153,158,1,Starter plan · 7 seats,subscription,7,29.00,203.00
1470,1388,153,158,1,Starter plan · 7 seats,subscription,7,29.00,203.00
1471,1389,153,158,1,Starter plan · 9 seats,subscription,9,29.00,261.00
1472,1390,153,158,1,Starter plan · 9 seats,subscription,9,29.00,261.00
1473,1391,153,158,1,Starter plan · 9 seats,subscription,9,29.00,261.00
1474,1392,153,158,1,Starter plan · 9 seats,subscription,9,29.00,261.00
1475,1393,153,158,1,Starter plan · 10 seats,subscription,10,29.00,290.00
1476,1394,153,158,1,Starter plan · 10 seats,subscription,10,29.00,290.00
1477,1395,153,158,1,Starter plan · 10 seats,subscription,10,29.00,290.00
1478,1396,153,158,1,Starter plan · 10 seats,subscription,10,29.00,290.00
1479,1397,153,158,1,Starter plan · 10 seats,subscription,10,29.00,290.00
1480,1398,153,158,1,Starter plan · 10 seats,subscription,10,29.00,290.00
1481,1399,154,159,1,Starter plan · 2 seats,subscription,2,29.00,58.00
1482,1400,154,159,1,Starter plan · 2 seats,subscription,2,29.00,58.00
1483,1401,154,159,1,Starter plan · 2 seats,subscription,2,29.00,58.00
1484,1402,155,160,1,Starter plan · 7 seats,subscription,7,29.00,203.00
1485,1403,155,160,1,Starter plan · 7 seats,subscription,7,29.00,203.00
1486,1404,155,160,1,Starter plan · 6 seats,subscription,6,29.00,174.00
1487,1405,155,160,1,Starter plan · 6 seats,subscription,6,29.00,174.00
1488,1406,155,160,2,Team plan · 6 seats,subscription,6,59.00,354.00
1489,1407,155,160,2,Team plan · 6 seats,subscription,6,59.00,354.00
1490,1408,155,160,2,Team plan · 6 seats,subscription,6,59.00,354.00
1491,1409,155,160,2,Team plan · 6 seats,subscription,6,59.00,354.00
1492,1410,155,160,2,Team plan · 6 seats,subscription,6,59.00,354.00
1493,1411,155,160,2,Team plan · 6 seats,subscription,6,59.00,354.00
1494,1412,155,160,2,Team plan · 6 seats,subscription,6,59.00,354.00
1495,1413,155,160,2,Team plan · 6 seats,subscription,6,59.00,354.00
1496,1414,155,160,2,Team plan · 6 seats,subscription,6,59.00,354.00
1497,1415,155,160,2,Team plan · 6 seats,subscription,6,59.00,354.00
1498,1416,156,161,3,Business annual · 5 seats,subscription,5,990.00,4950.00
1499,1416,156,161,3,Implementation and onboarding,one_time,1,4000.00,4000.00
1500,1417,156,161,3,Business annual · 8 seats,subscription,8,990.00,7920.00
1501,1418,157,162,4,Enterprise annual · 250 seats,subscription,250,1490.00,372500.04
1502,1418,157,162,4,Implementation and onboarding,one_time,1,4000.00,4000.00
1503,1418,157,162,4,Customer success package,addon,1,6000.00,6000.00
1504,1419,158,163,1,Starter plan · 10 seats,subscription,10,29.00,290.00
1505,1420,158,163,1,Starter plan · 10 seats,subscription,10,29.00,290.00
1506,1421,158,163,1,Starter plan · 10 seats,subscription,10,29.00,290.00
1507,1422,159,164,2,Team annual · 13 seats,subscription,13,590.00,7670.04
1508,1423,160,165,2,Team plan · 6 seats,subscription,6,49.17,295.00
1509,1424,160,165,2,Team plan · 6 seats,subscription,6,49.17,295.00
1510,1425,160,165,2,Team plan · 6 seats,subscription,6,49.17,295.00
1511,1426,160,165,2,Team plan · 6 seats,subscription,6,49.17,295.00
1512,1427,160,165,1,Starter plan · 6 seats,subscription,6,29.00,174.00
1513,1428,160,165,1,Starter plan · 6 seats,subscription,6,29.00,174.00
1514,1429,160,165,1,Starter plan · 6 seats,subscription,6,29.00,174.00
1515,1430,160,165,1,Starter plan · 6 seats,subscription,6,29.00,174.00
1516,1431,160,165,1,Starter plan · 6 seats,subscription,6,29.00,174.00
1517,1432,160,165,1,Starter plan · 6 seats,subscription,6,29.00,174.00
1518,1433,160,165,1,Starter plan · 6 seats,subscription,6,29.00,174.00
1519,1434,160,165,1,Starter plan · 6 seats,subscription,6,29.00,174.00
1520,1435,160,165,1,Starter plan · 6 seats,subscription,6,29.00,174.00
1521,1436,161,166,2,Team plan · 8 seats,subscription,8,59.00,472.00
1522,1437,161,166,2,Team plan · 8 seats,subscription,8,59.00,472.00
1523,1438,161,166,2,Team plan · 9 seats,subscription,9,59.00,531.00
1524,1439,162,167,1,Starter plan · 10 seats,subscription,10,29.00,290.00
1525,1440,162,167,1,Starter plan · 10 seats,subscription,10,29.00,290.00
1526,1441,162,167,1,Starter plan · 10 seats,subscription,10,29.00,290.00
1527,1442,162,167,1,Starter plan · 10 seats,subscription,10,29.00,290.00
1528,1443,162,167,1,Starter plan · 10 seats,subscription,10,29.00,290.00
1529,1444,162,167,1,Starter plan · 10 seats,subscription,10,29.00,290.00
1530,1445,162,167,1,Starter plan · 10 seats,subscription,10,29.00,290.00
1531,1446,162,167,1,Starter plan · 10 seats,subscription,10,29.00,290.00
1532,1447,163,168,2,Team annual · 27 seats,subscription,27,590.00,15930.00
1533,1448,164,169,1,Starter plan · 9 seats,subscription,9,29.00,261.00
1534,1449,164,169,1,Starter plan · 9 seats,subscription,9,29.00,261.00
1535,1450,164,169,1,Starter plan · 9 seats,subscription,9,29.00,261.00
1536,1451,164,169,1,Starter plan · 9 seats,subscription,9,29.00,261.00
1537,1452,164,169,1,Starter plan · 9 seats,subscription,9,29.00,261.00
1538,1453,164,169,1,Starter plan · 9 seats,subscription,9,29.00,261.00
1539,1454,164,169,1,Starter plan · 9 seats,subscription,9,29.00,261.00
1540,1455,164,169,1,Starter plan · 9 seats,subscription,9,29.00,261.00
1541,1456,164,169,1,Starter plan · 9 seats,subscription,9,29.00,261.00
1542,1457,164,169,1,Starter plan · 9 seats,subscription,9,29.00,261.00
1543,1458,164,169,1,Starter plan · 9 seats,subscription,9,29.00,261.00
1544,1459,164,169,1,Starter plan · 9 seats,subscription,9,29.00,261.00
1545,1460,164,169,1,Starter plan · 9 seats,subscription,9,29.00,261.00
1546,1461,164,169,1,Starter plan · 9 seats,subscription,9,29.00,261.00
1547,1462,164,169,1,Starter plan · 9 seats,subscription,9,29.00,261.00
1548,1463,164,169,1,Starter plan · 9 seats,subscription,9,29.00,261.00
1549,1464,164,169,1,Starter plan · 9 seats,subscription,9,29.00,261.00
1550,1465,165,170,3,Business annual · 145 seats,subscription,145,990.00,143550.00
1551,1465,165,170,3,Implementation and onboarding,one_time,1,7500.00,7500.00
1552,1466,165,170,3,Business annual · 213 seats,subscription,213,990.00,210870.00
1553,1467,166,171,2,Team plan · 8 seats,subscription,8,59.00,472.00
1554,1468,166,171,2,Team plan · 8 seats,subscription,8,59.00,472.00
1555,1469,166,171,2,Team plan · 8 seats,subscription,8,59.00,472.00
1556,1470,166,171,2,Team plan · 8 seats,subscription,8,59.00,472.00
1557,1471,166,171,2,Team plan · 8 seats,subscription,8,59.00,472.00
1558,1472,166,171,2,Team plan · 6 seats,subscription,6,59.00,354.00
1559,1473,166,171,2,Team plan · 6 seats,subscription,6,59.00,354.00
1560,1474,166,171,2,Team plan · 6 seats,subscription,6,59.00,354.00
1561,1475,166,171,2,Team plan · 6 seats,subscription,6,59.00,354.00
1562,1476,167,172,3,Business annual · 19 seats,subscription,19,990.00,18810.00
1563,1477,168,173,2,Team annual · 7 seats,subscription,7,590.01,4130.04
1564,1478,168,173,3,Business annual · 8 seats,subscription,8,990.00,7920.00
1565,1479,169,174,3,Business plan · 60 seats,subscription,60,82.50,4950.00
1566,1479,169,174,3,Additional storage,addon,1,129.00,129.00
1567,1480,169,174,2,Team plan · 50 seats,subscription,50,49.17,2458.33
1568,1481,169,174,2,Team plan · 50 seats,subscription,50,49.17,2458.33
1569,1482,169,174,2,Team plan · 50 seats,subscription,50,49.17,2458.33
1570,1483,169,174,1,Starter plan · 10 seats,subscription,10,29.00,290.00
1571,1484,169,174,1,Starter plan · 10 seats,subscription,10,29.00,290.00
1572,1485,169,174,1,Starter plan · 10 seats,subscription,10,29.00,290.00
1573,1486,169,174,1,Starter plan · 10 seats,subscription,10,29.00,290.00
1574,1487,169,174,1,Starter plan · 10 seats,subscription,10,29.00,290.00
1575,1488,169,174,1,Starter plan · 10 seats,subscription,10,29.00,290.00
1576,1489,169,174,1,Starter plan · 10 seats,subscription,10,29.00,290.00
1577,1490,169,174,1,Starter plan · 10 seats,subscription,10,29.00,290.00
1578,1491,169,174,1,Starter plan · 10 seats,subscription,10,29.00,290.00
1579,1492,169,174,1,Starter plan · 10 seats,subscription,10,29.00,290.00
1580,1493,169,174,1,Starter plan · 10 seats,subscription,10,29.00,290.00
1581,1494,169,174,1,Starter plan · 10 seats,subscription,10,29.00,290.00
1582,1495,169,174,1,Starter plan · 10 seats,subscription,10,29.00,290.00
1583,1496,169,174,1,Starter plan · 10 seats,subscription,10,29.00,290.00
1584,1497,170,175,2,Team plan · 8 seats,subscription,8,59.00,472.00
1585,1498,170,175,2,Team plan · 8 seats,subscription,8,59.00,472.00
1586,1499,170,175,2,Team plan · 8 seats,subscription,8,59.00,472.00
1587,1500,170,175,2,Team plan · 8 seats,subscription,8,59.00,472.00
1588,1501,170,175,2,Team plan · 8 seats,subscription,8,59.00,472.00
1589,1502,170,175,2,Team plan · 8 seats,subscription,8,59.00,472.00
1590,1503,170,175,3,Business plan · 8 seats,subscription,8,99.00,792.00
1591,1503,170,175,3,Additional storage,addon,1,49.00,49.00
1592,1504,170,175,3,Business plan · 8 seats,subscription,8,99.00,792.00
1593,1505,171,176,1,Starter plan · 10 seats,subscription,10,29.00,290.00
1594,1506,171,176,1,Starter plan · 10 seats,subscription,10,29.00,290.00
1595,1507,171,176,1,Starter plan · 10 seats,subscription,10,29.00,290.00
1596,1508,171,176,1,Starter plan · 10 seats,subscription,10,29.00,290.00
1597,1509,171,176,1,Starter plan · 10 seats,subscription,10,29.00,290.00
1598,1510,171,176,1,Starter plan · 10 seats,subscription,10,29.00,290.00
1599,1511,171,176,1,Starter plan · 10 seats,subscription,10,29.00,290.00
1600,1512,171,176,1,Starter plan · 10 seats,subscription,10,29.00,290.00
1601,1513,171,176,1,Starter plan · 10 seats,subscription,10,29.00,290.00
1602,1514,172,177,1,Starter plan · 10 seats,subscription,10,29.00,290.00
1603,1515,172,177,1,Starter plan · 10 seats,subscription,10,29.00,290.00
1604,1516,172,177,1,Starter plan · 10 seats,subscription,10,29.00,290.00
1605,1517,172,177,1,Starter plan · 10 seats,subscription,10,29.00,290.00
1606,1518,172,177,1,Starter plan · 10 seats,subscription,10,29.00,290.00
1607,1519,172,177,1,Starter plan · 10 seats,subscription,10,29.00,290.00
1608,1520,172,177,1,Starter plan · 10 seats,subscription,10,29.00,290.00
1609,1521,172,177,1,Starter plan · 10 seats,subscription,10,29.00,290.00
1610,1522,172,177,1,Starter plan · 10 seats,subscription,10,29.00,290.00
1611,1523,172,177,1,Starter plan · 10 seats,subscription,10,29.00,290.00
1612,1524,172,177,1,Starter plan · 10 seats,subscription,10,29.00,290.00
1613,1525,172,177,1,Starter plan · 10 seats,subscription,10,29.00,290.00
1614,1526,172,177,1,Starter plan · 10 seats,subscription,10,29.00,290.00
1615,1527,172,177,1,Starter plan · 10 seats,subscription,10,29.00,290.00
1616,1528,172,177,1,Starter plan · 10 seats,subscription,10,29.00,290.00
1617,1529,172,177,1,Starter plan · 10 seats,subscription,10,29.00,290.00
1618,1530,172,177,1,Starter plan · 10 seats,subscription,10,29.00,290.00
1619,1531,172,177,1,Starter plan · 10 seats,subscription,10,29.00,290.00
1620,1532,172,177,1,Starter plan · 10 seats,subscription,10,29.00,290.00
1621,1533,172,177,1,Starter plan · 10 seats,subscription,10,29.00,290.00
1622,1534,172,177,1,Starter plan · 10 seats,subscription,10,29.00,290.00
1623,1535,172,177,1,Starter plan · 10 seats,subscription,10,29.00,290.00
1624,1536,172,177,1,Starter plan · 10 seats,subscription,10,29.00,290.00
1625,1537,172,177,1,Starter plan · 10 seats,subscription,10,29.00,290.00
1626,1538,172,177,1,Starter plan · 10 seats,subscription,10,29.00,290.00
1627,1539,172,177,1,Starter plan · 10 seats,subscription,10,29.00,290.00
1628,1540,172,177,1,Starter plan · 10 seats,subscription,10,29.00,290.00
1629,1541,172,177,1,Starter plan · 10 seats,subscription,10,29.00,290.00
1630,1542,172,177,1,Starter plan · 10 seats,subscription,10,29.00,290.00
1631,1543,172,177,1,Starter plan · 10 seats,subscription,10,29.00,290.00
1632,1544,172,177,1,Starter plan · 10 seats,subscription,10,29.00,290.00
1633,1545,172,177,1,Starter plan · 10 seats,subscription,10,29.00,290.00
1634,1546,172,177,1,Starter plan · 10 seats,subscription,10,29.00,290.00
1635,1547,172,177,1,Starter plan · 10 seats,subscription,10,29.00,290.00
1636,1548,172,177,1,Starter plan · 10 seats,subscription,10,29.00,290.00
1637,1549,172,177,1,Starter plan · 10 seats,subscription,10,29.00,290.00
1638,1550,172,177,1,Starter plan · 10 seats,subscription,10,29.00,290.00
1639,1551,172,177,1,Starter plan · 10 seats,subscription,10,29.00,290.00
1640,1552,172,177,1,Starter plan · 10 seats,subscription,10,29.00,290.00
1641,1553,172,177,1,Starter plan · 10 seats,subscription,10,29.00,290.00
1642,1554,172,177,1,Starter plan · 10 seats,subscription,10,29.00,290.00
1643,1555,172,177,1,Starter plan · 10 seats,subscription,10,29.00,290.00
1644,1556,172,177,1,Starter plan · 10 seats,subscription,10,29.00,290.00
1645,1557,172,177,1,Starter plan · 10 seats,subscription,10,29.00,290.00
1646,1558,172,177,1,Starter plan · 10 seats,subscription,10,29.00,290.00
1647,1559,173,178,3,Business plan · 34 seats,subscription,34,99.00,3366.00
1648,1560,173,178,3,Business plan · 34 seats,subscription,34,99.00,3366.00
1649,1561,173,178,3,Business plan · 34 seats,subscription,34,99.00,3366.00
1650,1561,173,178,3,Additional storage,addon,1,129.00,129.00
1651,1562,173,178,3,Business plan · 34 seats,subscription,34,99.00,3366.00
1652,1563,173,178,3,Business plan · 34 seats,subscription,34,99.00,3366.00
1653,1564,173,178,3,Business plan · 34 seats,subscription,34,99.00,3366.00
1654,1564,173,178,3,Additional storage,addon,1,129.00,129.00
1655,1565,173,178,3,Business plan · 34 seats,subscription,34,99.00,3366.00
1656,1566,173,178,3,Business plan · 40 seats,subscription,40,99.00,3960.00
1657,1566,173,178,3,Additional storage,addon,1,129.00,129.00
1658,1567,173,178,3,Business plan · 40 seats,subscription,40,99.00,3960.00
1659,1568,173,178,3,Business plan · 40 seats,subscription,40,99.00,3960.00
1660,1569,173,178,3,Business plan · 40 seats,subscription,40,99.00,3960.00
1661,1570,173,178,3,Business plan · 48 seats,subscription,48,99.00,4752.00
1662,1571,173,178,3,Business plan · 48 seats,subscription,48,99.00,4752.00
1663,1572,173,178,3,Business plan · 48 seats,subscription,48,99.00,4752.00
1664,1573,174,179,1,Starter plan · 10 seats,subscription,10,29.00,290.00
1665,1574,175,180,2,Team plan · 25 seats,subscription,25,59.00,1475.00
1666,1575,175,180,2,Team plan · 25 seats,subscription,25,59.00,1475.00
1667,1576,175,180,2,Team plan · 25 seats,subscription,25,59.00,1475.00
1668,1577,175,180,2,Team plan · 25 seats,subscription,25,59.00,1475.00
1669,1578,175,180,2,Team plan · 25 seats,subscription,25,59.00,1475.00
1670,1579,175,180,2,Team plan · 25 seats,subscription,25,59.00,1475.00
1671,1580,175,180,2,Team plan · 25 seats,subscription,25,59.00,1475.00
1672,1581,175,180,2,Team plan · 25 seats,subscription,25,59.00,1475.00
1673,1582,175,180,2,Team plan · 25 seats,subscription,25,59.00,1475.00
1674,1583,175,181,2,Team plan · 17 seats,subscription,17,59.00,1003.00
1675,1584,175,181,2,Team plan · 17 seats,subscription,17,59.00,1003.00
1676,1585,175,181,2,Team plan · 17 seats,subscription,17,59.00,1003.00
1677,1586,175,181,2,Team plan · 17 seats,subscription,17,59.00,1003.00
1678,1587,175,181,2,Team plan · 17 seats,subscription,17,59.00,1003.00
1679,1588,175,181,2,Team plan · 17 seats,subscription,17,59.00,1003.00
1680,1589,175,181,2,Team plan · 17 seats,subscription,17,59.00,1003.00
1681,1590,175,181,2,Team plan · 17 seats,subscription,17,59.00,1003.00
1682,1591,175,181,2,Team plan · 17 seats,subscription,17,59.00,1003.00
1683,1592,175,181,2,Team plan · 17 seats,subscription,17,59.00,1003.00
1684,1593,175,181,2,Team plan · 17 seats,subscription,17,59.00,1003.00
1685,1594,176,182,4,Enterprise annual · 271 seats,subscription,271,1490.00,403790.04
1686,1594,176,182,4,Implementation and onboarding,one_time,1,2500.00,2500.00
1687,1594,176,182,4,Customer success package,addon,1,2400.00,2400.00
1688,1595,176,182,4,Enterprise annual · 271 seats,subscription,271,1490.00,403790.04
1689,1596,176,182,4,Enterprise annual · 291 seats,subscription,291,1490.00,433590.00
1690,1597,177,183,3,Business plan · 16 seats,subscription,16,99.00,1584.00
1691,1598,177,183,3,Business plan · 16 seats,subscription,16,99.00,1584.00
1692,1599,178,184,1,Starter plan · 10 seats,subscription,10,29.00,290.00
1693,1600,178,184,1,Starter plan · 10 seats,subscription,10,29.00,290.00
1694,1601,178,184,2,Team plan · 10 seats,subscription,10,59.00,590.00
1695,1602,178,184,2,Team plan · 10 seats,subscription,10,59.00,590.00
1696,1603,178,184,2,Team plan · 10 seats,subscription,10,59.00,590.00
1697,1604,178,184,2,Team plan · 10 seats,subscription,10,59.00,590.00
1698,1605,178,184,2,Team plan · 10 seats,subscription,10,59.00,590.00
1699,1606,178,184,2,Team plan · 10 seats,subscription,10,59.00,590.00
1700,1607,178,184,2,Team plan · 10 seats,subscription,10,59.00,590.00
1701,1608,178,184,2,Team plan · 9 seats,subscription,9,59.00,531.00
1702,1609,178,184,1,Starter plan · 9 seats,subscription,9,29.00,261.00
1703,1610,178,184,1,Starter plan · 9 seats,subscription,9,29.00,261.00
1704,1611,178,184,1,Starter plan · 9 seats,subscription,9,29.00,261.00
1705,1612,178,184,1,Starter plan · 10 seats,subscription,10,29.00,290.00
1706,1613,178,184,1,Starter plan · 8 seats,subscription,8,29.00,232.00
1707,1614,178,184,1,Starter plan · 8 seats,subscription,8,29.00,232.00
1708,1615,178,184,1,Starter plan · 8 seats,subscription,8,29.00,232.00
1709,1616,178,184,1,Starter plan · 8 seats,subscription,8,29.00,232.00
1710,1617,178,184,1,Starter plan · 8 seats,subscription,8,29.00,232.00
1711,1618,178,184,1,Starter plan · 8 seats,subscription,8,29.00,232.00
1712,1619,178,184,1,Starter plan · 8 seats,subscription,8,29.00,232.00
1713,1620,178,184,1,Starter plan · 8 seats,subscription,8,29.00,232.00
1714,1621,178,184,1,Starter plan · 8 seats,subscription,8,29.00,232.00
1715,1622,178,184,1,Starter plan · 8 seats,subscription,8,29.00,232.00
1716,1623,178,184,1,Starter plan · 8 seats,subscription,8,29.00,232.00
1717,1624,179,185,2,Team plan · 2 seats,subscription,2,59.00,118.00
1718,1625,179,185,2,Team plan · 2 seats,subscription,2,59.00,118.00
1719,1626,179,185,2,Team plan · 2 seats,subscription,2,59.00,118.00
1720,1627,179,185,2,Team plan · 2 seats,subscription,2,59.00,118.00
1721,1628,180,186,1,Starter plan · 2 seats,subscription,2,29.00,58.00
1722,1629,181,187,2,Team plan · 32 seats,subscription,32,59.00,1888.00
1723,1630,181,187,2,Team plan · 32 seats,subscription,32,59.00,1888.00
1724,1631,181,187,2,Team plan · 32 seats,subscription,32,59.00,1888.00
1725,1632,181,187,2,Team plan · 27 seats,subscription,27,59.00,1593.00
1726,1633,181,187,2,Team plan · 27 seats,subscription,27,59.00,1593.00
1727,1634,182,188,4,Enterprise annual · 492 seats,subscription,492,1490.00,733080.00
1728,1634,182,188,4,Implementation and onboarding,one_time,1,2500.00,2500.00
1729,1635,182,188,4,Enterprise annual · 492 seats,subscription,492,1490.00,733080.00
1730,1636,182,188,4,Enterprise annual · 492 seats,subscription,492,1490.00,733080.00
1731,1636,182,188,4,Customer success package,addon,1,2400.00,2400.00
1732,1637,182,188,4,Enterprise annual · 591 seats,subscription,591,1490.00,880590.00
1733,1638,183,189,3,Business annual · 16 seats,subscription,16,1188.00,19008.00
1734,1639,183,189,3,Business annual · 18 seats,subscription,18,1188.00,21384.00
1735,1640,183,189,4,Enterprise annual · 19 seats,subscription,19,1490.00,28310.04
1736,1641,183,189,4,Enterprise annual · 30 seats,subscription,30,1490.00,44700.00
1737,1642,184,190,1,Starter plan · 7 seats,subscription,7,29.00,203.00
1738,1643,184,190,1,Starter plan · 7 seats,subscription,7,29.00,203.00
1739,1644,184,190,1,Starter plan · 7 seats,subscription,7,29.00,203.00
1740,1645,184,190,1,Starter plan · 7 seats,subscription,7,29.00,203.00
1741,1646,185,191,2,Team plan · 16 seats,subscription,16,59.00,944.00
1742,1647,185,191,2,Team plan · 16 seats,subscription,16,59.00,944.00
1743,1648,185,191,2,Team plan · 16 seats,subscription,16,59.00,944.00
1744,1649,185,191,2,Team plan · 16 seats,subscription,16,59.00,944.00
1745,1650,185,191,2,Team plan · 16 seats,subscription,16,59.00,944.00
1746,1651,185,191,2,Team plan · 16 seats,subscription,16,59.00,944.00
1747,1652,185,191,2,Team plan · 16 seats,subscription,16,59.00,944.00
1748,1653,185,191,2,Team plan · 16 seats,subscription,16,59.00,944.00
1749,1654,185,191,2,Team plan · 16 seats,subscription,16,59.00,944.00
1750,1655,185,191,2,Team plan · 16 seats,subscription,16,59.00,944.00
1751,1656,185,191,2,Team plan · 16 seats,subscription,16,59.00,944.00
1752,1657,185,191,2,Team plan · 16 seats,subscription,16,59.00,944.00
1753,1658,185,191,2,Team plan · 16 seats,subscription,16,59.00,944.00
1754,1659,185,191,2,Team plan · 16 seats,subscription,16,59.00,944.00
1755,1660,185,191,2,Team plan · 16 seats,subscription,16,59.00,944.00
1756,1661,185,191,2,Team plan · 17 seats,subscription,17,59.00,1003.00
1757,1662,185,191,2,Team plan · 17 seats,subscription,17,59.00,1003.00
1758,1663,185,191,2,Team plan · 17 seats,subscription,17,59.00,1003.00
1759,1664,185,191,2,Team plan · 17 seats,subscription,17,59.00,1003.00
1760,1665,185,191,2,Team plan · 20 seats,subscription,20,59.00,1180.00
1761,1666,185,191,2,Team plan · 20 seats,subscription,20,59.00,1180.00
1762,1667,185,191,2,Team plan · 18 seats,subscription,18,59.00,1062.00
1763,1668,185,191,2,Team plan · 18 seats,subscription,18,59.00,1062.00
1764,1669,186,192,4,Enterprise annual · 290 seats,subscription,290,1490.00,432099.96
1765,1670,187,193,3,Business annual · 95 seats,subscription,95,990.00,94050.00
1766,1670,187,193,3,Implementation and onboarding,one_time,1,1500.00,1500.00
1767,1671,187,193,3,Business annual · 101 seats,subscription,101,990.00,99990.00
1768,1672,188,194,1,Starter plan · 10 seats,subscription,10,29.00,290.00
1769,1673,188,194,1,Starter plan · 10 seats,subscription,10,29.00,290.00
1770,1674,188,194,1,Starter plan · 10 seats,subscription,10,29.00,290.00
1771,1675,188,194,1,Starter plan · 10 seats,subscription,10,29.00,290.00
1772,1676,188,194,1,Starter plan · 10 seats,subscription,10,29.00,290.00
1773,1677,188,194,1,Starter plan · 10 seats,subscription,10,29.00,290.00
1774,1678,188,194,2,Team plan · 10 seats,subscription,10,59.00,590.00
1775,1679,189,195,3,Business annual · 19 seats,subscription,19,990.00,18810.00
1776,1680,189,195,4,Enterprise annual · 19 seats,subscription,19,1490.00,28310.04
1777,1681,189,195,4,Enterprise annual · 26 seats,subscription,26,1490.00,38739.96
1778,1682,189,195,4,Enterprise annual · 26 seats,subscription,26,1490.00,38739.96
1779,1683,190,196,1,Starter plan · 10 seats,subscription,10,29.00,290.00
1780,1684,190,196,1,Starter plan · 10 seats,subscription,10,29.00,290.00
1781,1685,191,197,3,Business annual · 10 seats,subscription,10,990.00,9900.00
1782,1685,191,197,3,Implementation and onboarding,one_time,1,4000.00,4000.00
1783,1686,192,198,3,Business annual · 75 seats,subscription,75,990.00,74250.00
1784,1686,192,198,3,Implementation and onboarding,one_time,1,1500.00,1500.00
1785,1687,193,199,1,Starter plan · 6 seats,subscription,6,29.00,174.00
1786,1688,193,199,1,Starter plan · 6 seats,subscription,6,29.00,174.00
1787,1689,193,199,1,Starter plan · 6 seats,subscription,6,29.00,174.00
1788,1690,193,199,1,Starter plan · 6 seats,subscription,6,29.00,174.00
1789,1691,193,199,1,Starter plan · 6 seats,subscription,6,29.00,174.00
1790,1692,193,199,1,Starter plan · 6 seats,subscription,6,29.00,174.00
1791,1693,193,199,1,Starter plan · 6 seats,subscription,6,29.00,174.00
1792,1694,193,199,1,Starter plan · 6 seats,subscription,6,29.00,174.00
1793,1695,193,199,1,Starter plan · 6 seats,subscription,6,29.00,174.00
1794,1696,193,199,1,Starter plan · 6 seats,subscription,6,29.00,174.00
1795,1697,193,199,1,Starter plan · 6 seats,subscription,6,29.00,174.00
1796,1698,193,199,1,Starter plan · 6 seats,subscription,6,29.00,174.00
1797,1699,194,200,4,Enterprise annual · 377 seats,subscription,377,1490.00,561729.96
1798,1699,194,200,4,Implementation and onboarding,one_time,1,1500.00,1500.00
1799,1700,194,200,4,Enterprise annual · 377 seats,subscription,377,1490.00,561729.96
1800,1701,194,200,4,Enterprise annual · 377 seats,subscription,377,1490.00,561729.96
1801,1702,194,201,3,Business annual · 342 seats,subscription,342,990.00,338580.00
1802,1703,195,202,2,Team annual · 9 seats,subscription,9,590.00,5310.00
1803,1704,196,203,2,Team plan · 3 seats,subscription,3,59.00,177.00
1804,1705,196,203,2,Team plan · 3 seats,subscription,3,59.00,177.00
1805,1706,196,203,2,Team plan · 3 seats,subscription,3,59.00,177.00
1806,1707,196,203,2,Team plan · 3 seats,subscription,3,59.00,177.00
1807,1708,196,203,2,Team plan · 3 seats,subscription,3,59.00,177.00
1808,1709,196,203,2,Team plan · 3 seats,subscription,3,59.00,177.00
1809,1710,196,203,3,Business plan · 3 seats,subscription,3,99.00,297.00
1810,1711,196,203,3,Business plan · 3 seats,subscription,3,99.00,297.00
1811,1712,196,203,3,Business plan · 3 seats,subscription,3,99.00,297.00
1812,1713,196,203,3,Business plan · 3 seats,subscription,3,99.00,297.00
1813,1714,196,203,3,Business plan · 4 seats,subscription,4,99.00,396.00
1814,1714,196,203,3,Additional storage,addon,1,49.00,49.00
1815,1715,196,203,3,Business plan · 4 seats,subscription,4,99.00,396.00
1816,1716,196,203,3,Business plan · 4 seats,subscription,4,99.00,396.00
1817,1717,196,203,3,Business plan · 4 seats,subscription,4,99.00,396.00
1818,1718,196,203,3,Business plan · 4 seats,subscription,4,99.00,396.00
1819,1719,196,203,3,Business plan · 4 seats,subscription,4,99.00,396.00
1820,1720,197,204,2,Team plan · 35 seats,subscription,35,59.00,2065.00
1821,1721,197,204,2,Team plan · 35 seats,subscription,35,59.00,2065.00
1822,1722,197,204,2,Team plan · 35 seats,subscription,35,59.00,2065.00
1823,1723,197,204,2,Team plan · 35 seats,subscription,35,59.00,2065.00
1824,1724,197,204,2,Team plan · 35 seats,subscription,35,59.00,2065.00
1825,1725,197,204,2,Team plan · 35 seats,subscription,35,59.00,2065.00
1826,1726,197,204,2,Team plan · 35 seats,subscription,35,59.00,2065.00
1827,1727,197,204,2,Team plan · 35 seats,subscription,35,59.00,2065.00
1828,1728,197,204,2,Team plan · 37 seats,subscription,37,59.00,2183.00
1829,1729,197,204,2,Team plan · 37 seats,subscription,37,59.00,2183.00
1830,1730,197,204,2,Team plan · 37 seats,subscription,37,59.00,2183.00
1831,1731,198,205,1,Starter plan · 4 seats,subscription,4,29.00,116.00
1832,1732,198,205,1,Starter plan · 4 seats,subscription,4,29.00,116.00
1833,1733,199,206,2,Team annual · 4 seats,subscription,4,590.01,2360.04
1834,1734,199,207,2,Team plan · 2 seats,subscription,2,59.00,118.00
1835,1735,199,207,2,Team plan · 2 seats,subscription,2,59.00,118.00
1836,1736,199,207,2,Team plan · 2 seats,subscription,2,59.00,118.00
1837,1737,199,207,2,Team plan · 2 seats,subscription,2,59.00,118.00
1838,1738,200,208,3,Business annual · 146 seats,subscription,146,990.00,144540.00
1839,1739,201,209,2,Team plan · 10 seats,subscription,10,59.00,590.00
1840,1740,201,209,2,Team plan · 10 seats,subscription,10,59.00,590.00
1841,1741,201,209,2,Team plan · 10 seats,subscription,10,59.00,590.00
1842,1742,201,209,2,Team plan · 10 seats,subscription,10,59.00,590.00
1843,1743,201,209,2,Team plan · 12 seats,subscription,12,59.00,708.00
1844,1744,201,209,2,Team plan · 12 seats,subscription,12,59.00,708.00
1845,1745,201,209,2,Team plan · 12 seats,subscription,12,59.00,708.00
1846,1746,201,209,2,Team plan · 12 seats,subscription,12,59.00,708.00
1847,1747,201,209,2,Team plan · 12 seats,subscription,12,59.00,708.00
1848,1748,201,209,2,Team plan · 12 seats,subscription,12,59.00,708.00
1849,1749,201,209,1,Starter plan · 10 seats,subscription,10,29.00,290.00
1850,1750,201,209,1,Starter plan · 10 seats,subscription,10,29.00,290.00
1851,1751,201,209,1,Starter plan · 10 seats,subscription,10,29.00,290.00
1852,1752,201,209,1,Starter plan · 10 seats,subscription,10,29.00,290.00
1853,1753,201,209,1,Starter plan · 10 seats,subscription,10,29.00,290.00
1854,1754,201,209,1,Starter plan · 10 seats,subscription,10,29.00,290.00
1855,1755,201,209,1,Starter plan · 10 seats,subscription,10,29.00,290.00
1856,1756,201,209,1,Starter plan · 10 seats,subscription,10,29.00,290.00
1857,1757,201,209,1,Starter plan · 10 seats,subscription,10,29.00,290.00
1858,1758,201,209,1,Starter plan · 10 seats,subscription,10,29.00,290.00
1859,1759,201,209,1,Starter plan · 10 seats,subscription,10,29.00,290.00
1860,1760,201,209,1,Starter plan · 10 seats,subscription,10,29.00,290.00
1861,1761,201,209,1,Starter plan · 10 seats,subscription,10,29.00,290.00
1862,1762,201,209,2,Team plan · 10 seats,subscription,10,59.00,590.00
1863,1763,201,209,2,Team plan · 10 seats,subscription,10,59.00,590.00
1864,1764,201,209,2,Team plan · 10 seats,subscription,10,59.00,590.00
1865,1765,201,209,2,Team plan · 10 seats,subscription,10,59.00,590.00
1866,1766,201,209,2,Team plan · 10 seats,subscription,10,59.00,590.00
1867,1767,201,209,2,Team plan · 10 seats,subscription,10,59.00,590.00
1868,1768,201,209,2,Team plan · 10 seats,subscription,10,59.00,590.00
1869,1769,202,210,1,Starter plan · 7 seats,subscription,7,29.00,203.00
1870,1770,203,211,3,Business annual · 18 seats,subscription,18,990.00,17820.00
1871,1770,203,211,3,Implementation and onboarding,one_time,1,7500.00,7500.00
1872,1771,203,211,4,Enterprise annual · 14 seats,subscription,14,1490.00,20859.96
1873,1772,204,212,2,Team plan · 8 seats,subscription,8,59.00,472.00
1874,1773,204,212,2,Team plan · 8 seats,subscription,8,59.00,472.00
1875,1774,204,212,2,Team plan · 8 seats,subscription,8,59.00,472.00
1876,1775,205,213,2,Team plan · 9 seats,subscription,9,59.00,531.00
1877,1776,205,213,2,Team plan · 9 seats,subscription,9,59.00,531.00
1878,1777,205,213,2,Team plan · 9 seats,subscription,9,59.00,531.00
1879,1778,205,213,2,Team plan · 9 seats,subscription,9,59.00,531.00
1880,1779,205,213,2,Team plan · 8 seats,subscription,8,59.00,472.00
1881,1780,205,213,2,Team plan · 8 seats,subscription,8,59.00,472.00
1882,1781,205,213,2,Team plan · 9 seats,subscription,9,59.00,531.00
1883,1782,205,213,2,Team plan · 9 seats,subscription,9,59.00,531.00
1884,1783,205,213,2,Team plan · 9 seats,subscription,9,59.00,531.00
1885,1784,205,213,2,Team plan · 9 seats,subscription,9,59.00,531.00
1886,1785,205,213,2,Team plan · 9 seats,subscription,9,59.00,531.00
1887,1786,205,213,2,Team plan · 9 seats,subscription,9,59.00,531.00
1888,1787,205,213,2,Team plan · 9 seats,subscription,9,59.00,531.00
1889,1788,205,213,2,Team plan · 9 seats,subscription,9,59.00,531.00
1890,1789,205,213,2,Team plan · 9 seats,subscription,9,59.00,531.00
1891,1790,205,213,2,Team plan · 9 seats,subscription,9,59.00,531.00
1892,1791,206,214,4,Enterprise annual · 153 seats,subscription,153,1490.00,227970.00
1893,1791,206,214,4,Implementation and onboarding,one_time,1,2500.00,2500.00
1894,1792,207,215,3,Business plan · 11 seats,subscription,11,99.00,1089.00
1895,1793,207,215,3,Business plan · 11 seats,subscription,11,99.00,1089.00
1896,1794,207,215,3,Business plan · 11 seats,subscription,11,99.00,1089.00
1897,1795,207,215,3,Business plan · 11 seats,subscription,11,99.00,1089.00
1898,1796,207,215,3,Business plan · 11 seats,subscription,11,99.00,1089.00
1899,1797,207,215,3,Business plan · 11 seats,subscription,11,99.00,1089.00
1900,1798,207,215,3,Business plan · 11 seats,subscription,11,99.00,1089.00
1901,1799,207,215,3,Business plan · 11 seats,subscription,11,99.00,1089.00
1902,1799,207,215,3,Additional storage,addon,1,79.00,79.00
1903,1800,207,215,3,Business plan · 11 seats,subscription,11,99.00,1089.00
1904,1800,207,215,3,Additional storage,addon,1,79.00,79.00
1905,1801,208,216,2,Team plan · 18 seats,subscription,18,59.00,1062.00
1906,1802,208,216,2,Team plan · 18 seats,subscription,18,59.00,1062.00
1907,1803,208,216,2,Team plan · 18 seats,subscription,18,59.00,1062.00
1908,1804,208,216,2,Team plan · 18 seats,subscription,18,59.00,1062.00
1909,1805,208,216,2,Team plan · 18 seats,subscription,18,59.00,1062.00
1910,1806,208,216,2,Team plan · 20 seats,subscription,20,59.00,1180.00
1911,1807,209,217,1,Starter plan · 10 seats,subscription,10,29.00,290.00
1912,1808,209,217,1,Starter plan · 10 seats,subscription,10,29.00,290.00
1913,1809,209,217,1,Starter plan · 10 seats,subscription,10,29.00,290.00
1914,1810,209,217,1,Starter plan · 10 seats,subscription,10,29.00,290.00
1915,1811,209,217,1,Starter plan · 10 seats,subscription,10,29.00,290.00
1916,1812,209,217,1,Starter plan · 10 seats,subscription,10,29.00,290.00
1917,1813,209,217,1,Starter plan · 10 seats,subscription,10,29.00,290.00
1918,1814,209,217,1,Starter plan · 10 seats,subscription,10,29.00,290.00
1919,1815,209,217,1,Starter plan · 10 seats,subscription,10,29.00,290.00
1920,1816,209,217,1,Starter plan · 10 seats,subscription,10,29.00,290.00
1921,1817,209,217,1,Starter plan · 10 seats,subscription,10,29.00,290.00
1922,1818,209,217,1,Starter plan · 10 seats,subscription,10,29.00,290.00
1923,1819,209,217,1,Starter plan · 10 seats,subscription,10,29.00,290.00
1924,1820,209,217,1,Starter plan · 10 seats,subscription,10,29.00,290.00
1925,1821,209,217,1,Starter plan · 8 seats,subscription,8,29.00,232.00
1926,1822,209,217,1,Starter plan · 8 seats,subscription,8,29.00,232.00
1927,1823,209,217,1,Starter plan · 8 seats,subscription,8,29.00,232.00
1928,1824,209,217,1,Starter plan · 8 seats,subscription,8,29.00,232.00
1929,1825,209,217,1,Starter plan · 8 seats,subscription,8,29.00,232.00
1930,1826,209,217,1,Starter plan · 8 seats,subscription,8,29.00,232.00
1931,1827,209,217,1,Starter plan · 8 seats,subscription,8,29.00,232.00
1932,1828,210,218,2,Team plan · 3 seats,subscription,3,59.00,177.00
1933,1829,210,218,2,Team plan · 3 seats,subscription,3,59.00,177.00
1934,1830,211,219,1,Starter plan · 2 seats,subscription,2,29.00,58.00
1935,1831,211,219,1,Starter plan · 2 seats,subscription,2,29.00,58.00
1936,1832,211,219,1,Starter plan · 2 seats,subscription,2,29.00,58.00
1937,1833,211,219,1,Starter plan · 2 seats,subscription,2,29.00,58.00
1938,1834,211,219,1,Starter plan · 3 seats,subscription,3,29.00,87.00
1939,1835,211,219,1,Starter plan · 3 seats,subscription,3,29.00,87.00
1940,1836,211,219,1,Starter plan · 3 seats,subscription,3,29.00,87.00
1941,1837,211,219,1,Starter plan · 3 seats,subscription,3,29.00,87.00
1942,1838,211,219,1,Starter plan · 3 seats,subscription,3,29.00,87.00
1943,1839,211,219,1,Starter plan · 3 seats,subscription,3,29.00,87.00
1944,1840,211,219,1,Starter plan · 3 seats,subscription,3,29.00,87.00
1945,1841,211,219,1,Starter plan · 2 seats,subscription,2,29.00,58.00
1946,1842,211,219,1,Starter plan · 2 seats,subscription,2,29.00,58.00
1947,1843,211,219,1,Starter plan · 2 seats,subscription,2,29.00,58.00
1948,1844,211,219,1,Starter plan · 2 seats,subscription,2,29.00,58.00
1949,1845,211,219,1,Starter plan · 2 seats,subscription,2,29.00,58.00
1950,1846,211,219,1,Starter plan · 2 seats,subscription,2,29.00,58.00
1951,1847,211,219,1,Starter plan · 2 seats,subscription,2,29.00,58.00
1952,1848,211,219,1,Starter plan · 2 seats,subscription,2,29.00,58.00
1953,1849,211,219,1,Starter plan · 2 seats,subscription,2,29.00,58.00
1954,1850,211,219,1,Starter plan · 2 seats,subscription,2,29.00,58.00
1955,1851,211,219,1,Starter plan · 2 seats,subscription,2,29.00,58.00
1956,1852,211,219,1,Starter plan · 2 seats,subscription,2,29.00,58.00
1957,1853,211,219,1,Starter plan · 2 seats,subscription,2,29.00,58.00
1958,1854,211,219,1,Starter plan · 2 seats,subscription,2,29.00,58.00
1959,1855,212,220,4,Enterprise annual · 356 seats,subscription,356,1490.00,530439.96
1960,1856,212,220,3,Business annual · 365 seats,subscription,365,990.00,361350.00
1961,1857,212,220,3,Business annual · 495 seats,subscription,495,990.00,490050.00
1962,1858,212,220,4,Enterprise annual · 495 seats,subscription,495,1490.00,737550.00
1963,1858,212,220,4,Customer success package,addon,1,2400.00,2400.00
1964,1859,213,221,4,Enterprise annual · 166 seats,subscription,166,1490.00,247340.04
1965,1859,213,221,4,Customer success package,addon,1,3600.00,3600.00
1966,1860,213,221,4,Enterprise annual · 177 seats,subscription,177,1490.00,263730.00
1967,1861,213,221,4,Enterprise annual · 209 seats,subscription,209,1490.00,311409.96
1968,1862,214,222,3,Business annual · 19 seats,subscription,19,990.00,18810.00
1969,1863,214,222,3,Business annual · 19 seats,subscription,19,990.00,18810.00
1970,1864,215,223,1,Starter plan · 4 seats,subscription,4,29.00,116.00
1971,1865,215,223,1,Starter plan · 4 seats,subscription,4,29.00,116.00
1972,1866,215,223,1,Starter plan · 4 seats,subscription,4,29.00,116.00
1973,1867,215,223,1,Starter plan · 4 seats,subscription,4,29.00,116.00
1974,1868,215,223,1,Starter plan · 4 seats,subscription,4,29.00,116.00
1975,1869,215,223,1,Starter plan · 4 seats,subscription,4,29.00,116.00
1976,1870,215,223,1,Starter plan · 4 seats,subscription,4,29.00,116.00
1977,1871,215,223,1,Starter plan · 4 seats,subscription,4,29.00,116.00
1978,1872,215,223,1,Starter plan · 4 seats,subscription,4,29.00,116.00
1979,1873,215,223,1,Starter plan · 4 seats,subscription,4,29.00,116.00
1980,1874,215,223,1,Starter plan · 4 seats,subscription,4,29.00,116.00
1981,1875,215,223,1,Starter plan · 4 seats,subscription,4,29.00,116.00
1982,1876,215,223,1,Starter plan · 4 seats,subscription,4,29.00,116.00
1983,1877,215,223,1,Starter plan · 4 seats,subscription,4,29.00,116.00
1984,1878,215,223,1,Starter plan · 4 seats,subscription,4,29.00,116.00
1985,1879,215,223,1,Starter plan · 4 seats,subscription,4,29.00,116.00
1986,1880,215,223,1,Starter plan · 5 seats,subscription,5,29.00,145.00
1987,1881,215,223,1,Starter plan · 5 seats,subscription,5,29.00,145.00
1988,1882,215,223,1,Starter plan · 5 seats,subscription,5,29.00,145.00
1989,1883,215,223,1,Starter plan · 5 seats,subscription,5,29.00,145.00
1990,1884,215,223,1,Starter plan · 5 seats,subscription,5,29.00,145.00
1991,1885,215,223,1,Starter plan · 5 seats,subscription,5,29.00,145.00
1992,1886,215,223,1,Starter plan · 5 seats,subscription,5,29.00,145.00
1993,1887,215,223,1,Starter plan · 5 seats,subscription,5,29.00,145.00
1994,1888,215,223,1,Starter plan · 5 seats,subscription,5,29.00,145.00
1995,1889,215,223,1,Starter plan · 5 seats,subscription,5,29.00,145.00
1996,1890,215,223,1,Starter plan · 7 seats,subscription,7,29.00,203.00
1997,1891,215,223,1,Starter plan · 7 seats,subscription,7,29.00,203.00
1998,1892,215,223,1,Starter plan · 7 seats,subscription,7,29.00,203.00
1999,1893,215,223,1,Starter plan · 7 seats,subscription,7,29.00,203.00
2000,1894,215,223,1,Starter plan · 7 seats,subscription,7,29.00,203.00
2001,1895,215,223,1,Starter plan · 7 seats,subscription,7,29.00,203.00
2002,1896,215,223,1,Starter plan · 7 seats,subscription,7,29.00,203.00
2003,1897,215,223,1,Starter plan · 7 seats,subscription,7,29.00,203.00
2004,1898,215,223,1,Starter plan · 7 seats,subscription,7,29.00,203.00
2005,1899,216,224,3,Business annual · 159 seats,subscription,159,990.00,157410.00
2006,1900,217,225,3,Business plan · 5 seats,subscription,5,99.00,495.00
2007,1901,217,225,3,Business plan · 5 seats,subscription,5,99.00,495.00
2008,1902,217,225,3,Business plan · 5 seats,subscription,5,99.00,495.00
2009,1903,218,226,1,Starter plan · 3 seats,subscription,3,29.00,87.00
2010,1904,218,226,1,Starter plan · 3 seats,subscription,3,29.00,87.00
2011,1905,218,226,2,Team plan · 3 seats,subscription,3,59.00,177.00
2012,1906,218,226,2,Team plan · 3 seats,subscription,3,59.00,177.00
2013,1907,218,226,3,Business plan · 3 seats,subscription,3,99.00,297.00
2014,1908,218,226,3,Business plan · 3 seats,subscription,3,99.00,297.00
2015,1908,218,226,3,Additional storage,addon,1,79.00,79.00
2016,1909,218,226,3,Business plan · 3 seats,subscription,3,99.00,297.00
2017,1909,218,226,3,Additional storage,addon,1,79.00,79.00
2018,1910,218,226,3,Business plan · 3 seats,subscription,3,99.00,297.00
2019,1911,218,226,3,Business plan · 4 seats,subscription,4,99.00,396.00
2020,1912,218,226,3,Business plan · 4 seats,subscription,4,99.00,396.00
2021,1913,218,226,3,Business plan · 4 seats,subscription,4,99.00,396.00
2022,1914,218,226,3,Business plan · 4 seats,subscription,4,99.00,396.00
2023,1915,218,226,3,Business plan · 4 seats,subscription,4,99.00,396.00
2024,1916,218,226,3,Business plan · 4 seats,subscription,4,99.00,396.00
2025,1917,218,226,3,Business plan · 4 seats,subscription,4,99.00,396.00
2026,1918,218,226,3,Business plan · 4 seats,subscription,4,99.00,396.00
2027,1918,218,226,3,Additional storage,addon,1,49.00,49.00
2028,1919,218,226,3,Business plan · 4 seats,subscription,4,99.00,396.00
2029,1920,218,226,3,Business plan · 4 seats,subscription,4,99.00,396.00
2030,1920,218,226,3,Additional storage,addon,1,129.00,129.00
2031,1921,218,226,3,Business plan · 4 seats,subscription,4,99.00,396.00
2032,1921,218,226,3,Additional storage,addon,1,79.00,79.00
2033,1922,218,226,3,Business plan · 4 seats,subscription,4,99.00,396.00
2034,1923,218,226,3,Business plan · 4 seats,subscription,4,99.00,396.00
2035,1924,218,226,3,Business plan · 4 seats,subscription,4,99.00,396.00
2036,1925,218,226,3,Business plan · 4 seats,subscription,4,99.00,396.00
2037,1925,218,226,3,Additional storage,addon,1,49.00,49.00
2038,1926,218,226,3,Business plan · 4 seats,subscription,4,99.00,396.00
2039,1927,219,227,3,Business plan · 9 seats,subscription,9,99.00,891.00
2040,1928,219,227,3,Business plan · 9 seats,subscription,9,99.00,891.00
2041,1929,219,227,3,Business plan · 10 seats,subscription,10,99.00,990.00
2042,1930,219,227,3,Business plan · 10 seats,subscription,10,99.00,990.00
2043,1931,219,227,3,Business plan · 10 seats,subscription,10,99.00,990.00
2044,1932,219,227,3,Business plan · 10 seats,subscription,10,99.00,990.00
2045,1933,219,227,3,Business plan · 11 seats,subscription,11,99.00,1089.00
2046,1934,219,227,3,Business plan · 11 seats,subscription,11,99.00,1089.00
2047,1934,219,227,3,Additional storage,addon,1,49.00,49.00
2048,1935,219,227,3,Business plan · 11 seats,subscription,11,99.00,1089.00
2049,1936,219,227,3,Business plan · 11 seats,subscription,11,99.00,1089.00
2050,1937,219,227,3,Business plan · 11 seats,subscription,11,99.00,1089.00
2051,1938,219,227,3,Business plan · 11 seats,subscription,11,99.00,1089.00
2052,1939,219,227,3,Business plan · 11 seats,subscription,11,99.00,1089.00
2053,1940,219,227,3,Business plan · 11 seats,subscription,11,99.00,1089.00
2054,1940,219,227,3,Additional storage,addon,1,79.00,79.00
2055,1941,219,227,3,Business plan · 11 seats,subscription,11,99.00,1089.00
2056,1942,219,227,3,Business plan · 11 seats,subscription,11,99.00,1089.00
2057,1943,219,227,3,Business plan · 11 seats,subscription,11,99.00,1089.00
2058,1944,219,227,3,Business plan · 11 seats,subscription,11,99.00,1089.00
2059,1945,219,227,3,Business plan · 11 seats,subscription,11,99.00,1089.00
2060,1946,219,227,3,Business plan · 11 seats,subscription,11,99.00,1089.00
2061,1946,219,227,3,Additional storage,addon,1,129.00,129.00
2062,1947,219,227,3,Business plan · 11 seats,subscription,11,99.00,1089.00
2063,1948,220,228,3,Business plan · 14 seats,subscription,14,99.00,1386.00
2064,1949,220,228,3,Business plan · 14 seats,subscription,14,99.00,1386.00
2065,1950,220,228,3,Business plan · 14 seats,subscription,14,99.00,1386.00
2066,1951,220,228,3,Business plan · 14 seats,subscription,14,99.00,1386.00
2067,1951,220,228,3,Additional storage,addon,1,129.00,129.00
2068,1952,220,228,3,Business plan · 15 seats,subscription,15,99.00,1485.00
2069,1953,220,228,3,Business plan · 15 seats,subscription,15,99.00,1485.00
2070,1954,221,229,4,Enterprise annual · 120 seats,subscription,120,1490.00,178800.00
2071,1954,221,229,4,Implementation and onboarding,one_time,1,1500.00,1500.00
2072,1955,222,230,3,Business annual · 125 seats,subscription,125,1188.00,148500.00
2073,1955,222,230,3,Implementation and onboarding,one_time,1,4000.00,4000.00
2074,1956,222,230,3,Business annual · 186 seats,subscription,186,1188.00,220968.00
2075,1957,222,230,4,Enterprise annual · 186 seats,subscription,186,1490.00,277140.00
2076,1958,223,231,2,Team annual · 7 seats,subscription,7,708.00,4956.00
2077,1959,223,231,4,Enterprise annual · 9 seats,subscription,9,1490.00,13410.00
2078,1960,224,232,2,Team plan · 15 seats,subscription,15,59.00,885.00
2079,1961,224,232,2,Team plan · 13 seats,subscription,13,59.00,767.00
2080,1962,224,232,2,Team plan · 13 seats,subscription,13,59.00,767.00
2081,1963,224,232,2,Team plan · 13 seats,subscription,13,59.00,767.00
2082,1964,224,232,2,Team plan · 13 seats,subscription,13,59.00,767.00
2083,1965,224,232,2,Team plan · 11 seats,subscription,11,59.00,649.00
2084,1966,224,232,2,Team plan · 11 seats,subscription,11,59.00,649.00
2085,1967,224,232,2,Team plan · 11 seats,subscription,11,59.00,649.00
2086,1968,224,232,2,Team plan · 12 seats,subscription,12,59.00,708.00
2087,1969,224,232,2,Team plan · 12 seats,subscription,12,59.00,708.00
2088,1970,224,232,2,Team plan · 12 seats,subscription,12,59.00,708.00
2089,1971,224,232,2,Team plan · 13 seats,subscription,13,59.00,767.00
2090,1972,224,232,2,Team plan · 13 seats,subscription,13,59.00,767.00
2091,1973,224,232,2,Team plan · 13 seats,subscription,13,59.00,767.00
2092,1974,224,232,2,Team plan · 13 seats,subscription,13,59.00,767.00
2093,1975,224,232,2,Team plan · 13 seats,subscription,13,59.00,767.00
2094,1976,224,232,2,Team plan · 12 seats,subscription,12,59.00,708.00
2095,1977,224,232,2,Team plan · 12 seats,subscription,12,59.00,708.00
2096,1978,224,232,2,Team plan · 12 seats,subscription,12,59.00,708.00
2097,1979,224,232,2,Team plan · 12 seats,subscription,12,59.00,708.00
2098,1980,224,232,2,Team plan · 12 seats,subscription,12,59.00,708.00
2099,1981,224,232,2,Team plan · 12 seats,subscription,12,59.00,708.00
2100,1982,224,232,2,Team plan · 12 seats,subscription,12,59.00,708.00
2101,1983,225,233,3,Business annual · 19 seats,subscription,19,990.00,18810.00
2102,1983,225,233,3,Implementation and onboarding,one_time,1,4000.00,4000.00
2103,1984,226,234,1,Starter plan · 7 seats,subscription,7,29.00,203.00
2104,1985,226,234,1,Starter plan · 7 seats,subscription,7,29.00,203.00
2105,1986,226,234,1,Starter plan · 7 seats,subscription,7,29.00,203.00
2106,1987,226,234,1,Starter plan · 7 seats,subscription,7,29.00,203.00
2107,1988,226,234,1,Starter plan · 7 seats,subscription,7,29.00,203.00
2108,1989,226,234,1,Starter plan · 7 seats,subscription,7,29.00,203.00
2109,1990,226,234,1,Starter plan · 7 seats,subscription,7,29.00,203.00
2110,1991,226,234,1,Starter plan · 7 seats,subscription,7,29.00,203.00
2111,1992,226,234,1,Starter plan · 7 seats,subscription,7,29.00,203.00
2112,1993,226,234,1,Starter plan · 7 seats,subscription,7,29.00,203.00
2113,1994,226,234,1,Starter plan · 7 seats,subscription,7,29.00,203.00
2114,1995,226,234,1,Starter plan · 7 seats,subscription,7,29.00,203.00
2115,1996,226,234,1,Starter plan · 7 seats,subscription,7,29.00,203.00
2116,1997,226,234,1,Starter plan · 7 seats,subscription,7,29.00,203.00
2117,1998,227,235,2,Team annual · 6 seats,subscription,6,590.00,3540.00
2118,1999,227,235,2,Team annual · 6 seats,subscription,6,590.00,3540.00
2119,2000,228,236,2,Team annual · 19 seats,subscription,19,590.00,11210.04
2120,2001,229,237,2,Team plan · 12 seats,subscription,12,59.00,708.00
2121,2002,229,237,2,Team plan · 12 seats,subscription,12,59.00,708.00
2122,2003,229,237,2,Team plan · 12 seats,subscription,12,59.00,708.00
2123,2004,229,237,2,Team plan · 12 seats,subscription,12,59.00,708.00
2124,2005,229,237,2,Team plan · 12 seats,subscription,12,59.00,708.00
2125,2006,230,238,2,Team annual · 26 seats,subscription,26,708.00,18408.00
2126,2007,230,238,4,Enterprise annual · 20 seats,subscription,20,1490.00,29799.96
2127,2008,231,239,2,Team annual · 10 seats,subscription,10,590.00,5900.04
2128,2009,232,240,2,Team plan · 9 seats,subscription,9,59.00,531.00
2129,2010,232,240,2,Team plan · 9 seats,subscription,9,59.00,531.00
2130,2011,232,240,2,Team plan · 9 seats,subscription,9,59.00,531.00
2131,2012,232,240,2,Team plan · 9 seats,subscription,9,59.00,531.00
2132,2013,232,240,2,Team plan · 10 seats,subscription,10,59.00,590.00
2133,2014,232,240,2,Team plan · 10 seats,subscription,10,59.00,590.00
2134,2015,232,240,2,Team plan · 10 seats,subscription,10,59.00,590.00
2135,2016,232,240,2,Team plan · 10 seats,subscription,10,59.00,590.00
2136,2017,232,240,2,Team plan · 10 seats,subscription,10,59.00,590.00
2137,2018,232,240,2,Team plan · 10 seats,subscription,10,59.00,590.00
2138,2019,232,240,2,Team plan · 10 seats,subscription,10,59.00,590.00
2139,2020,232,240,2,Team plan · 10 seats,subscription,10,59.00,590.00
2140,2021,232,240,2,Team plan · 10 seats,subscription,10,59.00,590.00
2141,2022,232,240,2,Team plan · 10 seats,subscription,10,59.00,590.00
2142,2023,232,240,2,Team plan · 10 seats,subscription,10,59.00,590.00
2143,2024,232,240,2,Team plan · 10 seats,subscription,10,59.00,590.00
2144,2025,232,240,2,Team plan · 10 seats,subscription,10,59.00,590.00
2145,2026,232,240,2,Team plan · 10 seats,subscription,10,59.00,590.00
2146,2027,232,240,2,Team plan · 10 seats,subscription,10,59.00,590.00
2147,2028,232,240,2,Team plan · 10 seats,subscription,10,59.00,590.00
2148,2029,232,240,2,Team plan · 10 seats,subscription,10,59.00,590.00
2149,2030,232,240,2,Team plan · 10 seats,subscription,10,59.00,590.00
2150,2031,232,240,2,Team plan · 10 seats,subscription,10,59.00,590.00
2151,2032,232,240,2,Team plan · 10 seats,subscription,10,59.00,590.00
2152,2033,232,240,2,Team plan · 10 seats,subscription,10,59.00,590.00
2153,2034,232,240,2,Team plan · 10 seats,subscription,10,59.00,590.00
2154,2035,232,240,2,Team plan · 10 seats,subscription,10,59.00,590.00
2155,2036,232,240,2,Team plan · 10 seats,subscription,10,59.00,590.00
2156,2037,232,240,2,Team plan · 10 seats,subscription,10,59.00,590.00
2157,2038,233,241,2,Team annual · 4 seats,subscription,4,590.01,2360.04
2158,2039,234,242,2,Team plan · 2 seats,subscription,2,59.00,118.00
2159,2040,234,242,2,Team plan · 2 seats,subscription,2,59.00,118.00
2160,2041,234,242,2,Team plan · 2 seats,subscription,2,59.00,118.00
2161,2042,234,242,2,Team plan · 2 seats,subscription,2,59.00,118.00
2162,2043,234,242,2,Team plan · 2 seats,subscription,2,59.00,118.00
2163,2044,234,242,2,Team plan · 2 seats,subscription,2,59.00,118.00
2164,2045,234,242,2,Team plan · 2 seats,subscription,2,59.00,118.00
2165,2046,234,242,2,Team plan · 2 seats,subscription,2,59.00,118.00
2166,2047,234,242,3,Business plan · 2 seats,subscription,2,99.00,198.00
2167,2048,234,242,3,Business plan · 2 seats,subscription,2,99.00,198.00
2168,2049,234,242,3,Business plan · 2 seats,subscription,2,99.00,198.00
2169,2049,234,242,3,Additional storage,addon,1,79.00,79.00
2170,2050,234,242,3,Business plan · 2 seats,subscription,2,99.00,198.00
2171,2051,234,242,3,Business plan · 2 seats,subscription,2,99.00,198.00
2172,2052,235,243,2,Team plan · 46 seats,subscription,46,59.00,2714.00
2173,2053,235,243,2,Team plan · 46 seats,subscription,46,59.00,2714.00
2174,2054,235,243,2,Team plan · 46 seats,subscription,46,59.00,2714.00
2175,2055,235,243,2,Team plan · 46 seats,subscription,46,59.00,2714.00
2176,2056,235,243,2,Team plan · 46 seats,subscription,46,59.00,2714.00
2177,2057,235,243,2,Team plan · 46 seats,subscription,46,59.00,2714.00
2178,2058,235,243,2,Team plan · 46 seats,subscription,46,59.00,2714.00
2179,2059,235,243,2,Team plan · 46 seats,subscription,46,59.00,2714.00
2180,2060,235,243,2,Team plan · 46 seats,subscription,46,59.00,2714.00
2181,2061,235,243,2,Team plan · 46 seats,subscription,46,59.00,2714.00
2182,2062,235,243,2,Team plan · 46 seats,subscription,46,59.00,2714.00
2183,2063,235,243,2,Team plan · 46 seats,subscription,46,59.00,2714.00
2184,2064,235,243,2,Team plan · 49 seats,subscription,49,59.00,2891.00
2185,2065,236,244,2,Team annual · 16 seats,subscription,16,590.00,9440.04
2186,2066,236,244,2,Team annual · 18 seats,subscription,18,590.00,10620.00
2187,2067,236,244,2,Team annual · 18 seats,subscription,18,590.00,10620.00
2188,2068,237,245,3,Business annual · 212 seats,subscription,212,990.00,209880.00
2189,2068,237,245,3,Implementation and onboarding,one_time,1,1500.00,1500.00
2190,2069,237,245,3,Business annual · 212 seats,subscription,212,990.00,209880.00
2191,2070,237,245,3,Business annual · 307 seats,subscription,307,990.00,303930.00
2192,2071,237,245,3,Business annual · 307 seats,subscription,307,990.00,303930.00
2193,2072,238,246,2,Team annual · 26 seats,subscription,26,590.00,15339.96
2194,2073,238,246,2,Team annual · 28 seats,subscription,28,590.00,16520.04
2195,2074,238,246,2,Team annual · 35 seats,subscription,35,590.00,20649.96
2196,2075,239,247,3,Business annual · 151 seats,subscription,151,990.00,149490.00
2197,2075,239,247,3,Implementation and onboarding,one_time,1,7500.00,7500.00
2198,2076,240,248,3,Business plan · 19 seats,subscription,19,99.00,1881.00
2199,2077,240,248,3,Business plan · 19 seats,subscription,19,99.00,1881.00
2200,2077,240,248,3,Additional storage,addon,1,49.00,49.00
2201,2078,241,249,3,Business annual · 19 seats,subscription,19,990.00,18810.00
2202,2079,242,250,2,Team plan · 3 seats,subscription,3,59.00,177.00
2203,2080,242,250,2,Team plan · 3 seats,subscription,3,59.00,177.00
2204,2081,242,250,2,Team plan · 3 seats,subscription,3,59.00,177.00
2205,2082,243,251,2,Team plan · 10 seats,subscription,10,59.00,590.00
2206,2083,243,251,2,Team plan · 10 seats,subscription,10,59.00,590.00
2207,2084,243,251,2,Team plan · 11 seats,subscription,11,59.00,649.00
2208,2085,243,251,2,Team plan · 11 seats,subscription,11,59.00,649.00
2209,2086,244,252,1,Starter plan · 8 seats,subscription,8,29.00,232.00
2210,2087,244,252,1,Starter plan · 8 seats,subscription,8,29.00,232.00
2211,2088,244,252,1,Starter plan · 8 seats,subscription,8,29.00,232.00
2212,2089,244,252,1,Starter plan · 9 seats,subscription,9,29.00,261.00
2213,2090,244,253,1,Starter plan · 8 seats,subscription,8,29.00,232.00
2214,2091,244,253,1,Starter plan · 8 seats,subscription,8,29.00,232.00
2215,2092,244,253,1,Starter plan · 8 seats,subscription,8,29.00,232.00
2216,2093,244,253,1,Starter plan · 8 seats,subscription,8,29.00,232.00
2217,2094,244,253,1,Starter plan · 8 seats,subscription,8,29.00,232.00
2218,2095,244,253,1,Starter plan · 8 seats,subscription,8,29.00,232.00
2219,2096,244,253,1,Starter plan · 8 seats,subscription,8,29.00,232.00
2220,2097,244,253,1,Starter plan · 8 seats,subscription,8,29.00,232.00
2221,2098,244,253,1,Starter plan · 8 seats,subscription,8,29.00,232.00
2222,2099,244,253,1,Starter plan · 8 seats,subscription,8,29.00,232.00
2223,2100,244,253,1,Starter plan · 8 seats,subscription,8,29.00,232.00
2224,2101,245,254,3,Business annual · 556 seats,subscription,556,990.00,550440.00
2225,2102,245,254,3,Business annual · 755 seats,subscription,755,990.00,747450.00
2226,2103,246,255,3,Business annual · 45 seats,subscription,45,990.00,44550.00
2227,2103,246,255,3,Implementation and onboarding,one_time,1,4000.00,4000.00
2228,2104,246,255,2,Team annual · 50 seats,subscription,50,590.00,29499.96
2229,2105,246,255,3,Business annual · 50 seats,subscription,50,990.00,49500.00
2230,2106,247,256,2,Team annual · 31 seats,subscription,31,590.00,18290.04
2231,2107,248,257,2,Team plan · 4 seats,subscription,4,59.00,236.00
2232,2108,248,257,2,Team plan · 4 seats,subscription,4,59.00,236.00
2233,2109,248,257,2,Team plan · 4 seats,subscription,4,59.00,236.00
2234,2110,248,257,2,Team plan · 4 seats,subscription,4,59.00,236.00
2235,2111,248,257,2,Team plan · 4 seats,subscription,4,59.00,236.00
2236,2112,248,257,2,Team plan · 4 seats,subscription,4,59.00,236.00
2237,2113,248,257,2,Team plan · 4 seats,subscription,4,59.00,236.00
2238,2114,248,257,2,Team plan · 4 seats,subscription,4,59.00,236.00
2239,2115,248,257,2,Team plan · 4 seats,subscription,4,59.00,236.00
2240,2116,248,257,2,Team plan · 4 seats,subscription,4,59.00,236.00
2241,2117,249,258,2,Team annual · 9 seats,subscription,9,708.00,6372.00
2242,2118,249,258,4,Enterprise annual · 10 seats,subscription,10,1490.00,14900.04
2243,2119,249,258,4,Enterprise annual · 10 seats,subscription,10,1490.00,14900.04
2244,2120,249,258,4,Enterprise annual · 11 seats,subscription,11,1490.00,16389.96
2245,2121,249,258,4,Enterprise annual · 11 seats,subscription,11,1490.00,16389.96
2246,2122,250,259,1,Starter plan · 10 seats,subscription,10,29.00,290.00
2247,2123,250,259,1,Starter plan · 10 seats,subscription,10,29.00,290.00
2248,2124,250,259,1,Starter plan · 10 seats,subscription,10,29.00,290.00
2249,2125,251,260,3,Business annual · 12 seats,subscription,12,990.00,11880.00
2250,2125,251,260,3,Implementation and onboarding,one_time,1,7500.00,7500.00
2251,2126,251,260,4,Enterprise annual · 12 seats,subscription,12,1490.00,17880.00
2252,2127,252,261,2,Team plan · 5 seats,subscription,5,59.00,295.00
2253,2128,252,261,2,Team plan · 5 seats,subscription,5,59.00,295.00
2254,2129,252,261,2,Team plan · 6 seats,subscription,6,59.00,354.00
2255,2130,252,261,2,Team plan · 6 seats,subscription,6,59.00,354.00
2256,2131,252,261,2,Team plan · 6 seats,subscription,6,59.00,354.00
2257,2132,253,262,4,Enterprise annual · 12 seats,subscription,12,1490.00,17880.00
2258,2132,253,262,4,Customer success package,addon,1,3600.00,3600.00
2259,2133,254,263,1,Starter plan · 7 seats,subscription,7,29.00,203.00
2260,2134,254,263,1,Starter plan · 7 seats,subscription,7,29.00,203.00
2261,2135,254,263,1,Starter plan · 7 seats,subscription,7,29.00,203.00
2262,2136,255,264,1,Starter plan · 10 seats,subscription,10,29.00,290.00
2263,2137,255,264,1,Starter plan · 10 seats,subscription,10,29.00,290.00
2264,2138,255,264,1,Starter plan · 10 seats,subscription,10,29.00,290.00
2265,2139,255,264,1,Starter plan · 10 seats,subscription,10,29.00,290.00
2266,2140,255,264,1,Starter plan · 10 seats,subscription,10,29.00,290.00
2267,2141,255,264,1,Starter plan · 10 seats,subscription,10,29.00,290.00
2268,2142,255,264,1,Starter plan · 10 seats,subscription,10,29.00,290.00
2269,2143,255,264,1,Starter plan · 10 seats,subscription,10,29.00,290.00
2270,2144,255,264,1,Starter plan · 10 seats,subscription,10,29.00,290.00
2271,2145,256,265,2,Team plan · 4 seats,subscription,4,59.00,236.00
2272,2146,256,265,2,Team plan · 4 seats,subscription,4,59.00,236.00
2273,2147,256,265,2,Team plan · 4 seats,subscription,4,59.00,236.00
2274,2148,256,265,2,Team plan · 4 seats,subscription,4,59.00,236.00
2275,2149,256,265,2,Team plan · 4 seats,subscription,4,59.00,236.00
2276,2150,256,265,2,Team plan · 4 seats,subscription,4,59.00,236.00
2277,2151,256,265,3,Business plan · 4 seats,subscription,4,99.00,396.00
2278,2152,256,265,3,Business plan · 4 seats,subscription,4,99.00,396.00
2279,2153,256,265,3,Business plan · 4 seats,subscription,4,99.00,396.00
2280,2154,256,265,3,Business plan · 4 seats,subscription,4,99.00,396.00
2281,2155,256,265,3,Business plan · 4 seats,subscription,4,99.00,396.00
2282,2155,256,265,3,Additional storage,addon,1,49.00,49.00
2283,2156,256,265,3,Business plan · 4 seats,subscription,4,99.00,396.00
2284,2156,256,265,3,Additional storage,addon,1,49.00,49.00
2285,2157,256,265,3,Business plan · 4 seats,subscription,4,99.00,396.00
2286,2158,256,265,3,Business plan · 4 seats,subscription,4,99.00,396.00
2287,2158,256,265,3,Additional storage,addon,1,79.00,79.00
2288,2159,256,265,3,Business plan · 4 seats,subscription,4,99.00,396.00
2289,2160,256,265,3,Business plan · 4 seats,subscription,4,99.00,396.00
2290,2161,256,265,3,Business plan · 4 seats,subscription,4,99.00,396.00
2291,2162,256,265,3,Business plan · 4 seats,subscription,4,99.00,396.00
2292,2162,256,265,3,Additional storage,addon,1,79.00,79.00
2293,2163,256,265,3,Business plan · 4 seats,subscription,4,99.00,396.00
2294,2163,256,265,3,Additional storage,addon,1,79.00,79.00
2295,2164,256,265,3,Business plan · 4 seats,subscription,4,99.00,396.00
2296,2165,256,265,3,Business plan · 4 seats,subscription,4,99.00,396.00
2297,2166,256,265,3,Business plan · 4 seats,subscription,4,99.00,396.00
2298,2166,256,265,3,Additional storage,addon,1,79.00,79.00
2299,2167,256,265,3,Business plan · 4 seats,subscription,4,99.00,396.00
2300,2168,256,265,3,Business plan · 4 seats,subscription,4,99.00,396.00
2301,2169,256,265,3,Business plan · 4 seats,subscription,4,99.00,396.00
2302,2170,256,265,3,Business plan · 4 seats,subscription,4,99.00,396.00
2303,2171,256,265,3,Business plan · 4 seats,subscription,4,99.00,396.00
2304,2172,256,265,3,Business plan · 4 seats,subscription,4,99.00,396.00
2305,2173,256,265,3,Business plan · 4 seats,subscription,4,99.00,396.00
2306,2174,256,265,3,Business plan · 4 seats,subscription,4,99.00,396.00
2307,2175,256,265,3,Business plan · 4 seats,subscription,4,99.00,396.00
2308,2176,256,265,3,Business plan · 4 seats,subscription,4,99.00,396.00
2309,2177,256,265,3,Business plan · 4 seats,subscription,4,99.00,396.00
2310,2178,256,265,3,Business plan · 4 seats,subscription,4,99.00,396.00
2311,2178,256,265,3,Additional storage,addon,1,49.00,49.00
2312,2179,256,265,3,Business plan · 4 seats,subscription,4,99.00,396.00
2313,2180,256,265,3,Business plan · 4 seats,subscription,4,99.00,396.00
2314,2181,256,265,3,Business plan · 4 seats,subscription,4,99.00,396.00
2315,2182,256,265,3,Business plan · 5 seats,subscription,5,99.00,495.00
2316,2182,256,265,3,Additional storage,addon,1,79.00,79.00
2317,2183,256,265,3,Business plan · 5 seats,subscription,5,99.00,495.00
2318,2184,256,265,3,Business plan · 6 seats,subscription,6,99.00,594.00
2319,2185,257,266,3,Business annual · 12 seats,subscription,12,990.00,11880.00
2320,2186,257,266,2,Team annual · 11 seats,subscription,11,590.00,6489.96
2321,2187,258,267,2,Team plan · 10 seats,subscription,10,59.00,590.00
2322,2188,258,267,2,Team plan · 10 seats,subscription,10,59.00,590.00
2323,2189,258,267,2,Team plan · 10 seats,subscription,10,59.00,590.00
2324,2190,258,267,2,Team plan · 10 seats,subscription,10,59.00,590.00
2325,2191,258,267,2,Team plan · 10 seats,subscription,10,59.00,590.00
2326,2192,258,267,2,Team plan · 10 seats,subscription,10,59.00,590.00
2327,2193,258,267,2,Team plan · 10 seats,subscription,10,59.00,590.00
2328,2194,258,267,2,Team plan · 10 seats,subscription,10,59.00,590.00
2329,2195,258,267,2,Team plan · 10 seats,subscription,10,59.00,590.00
2330,2196,258,267,2,Team plan · 10 seats,subscription,10,59.00,590.00
2331,2197,258,267,2,Team plan · 8 seats,subscription,8,59.00,472.00
2332,2198,258,267,2,Team plan · 8 seats,subscription,8,59.00,472.00
2333,2199,258,267,2,Team plan · 8 seats,subscription,8,59.00,472.00
2334,2200,259,268,2,Team annual · 50 seats,subscription,50,590.00,29499.96
2335,2201,259,268,3,Business annual · 50 seats,subscription,50,990.00,49500.00
2336,2202,260,269,2,Team plan · 10 seats,subscription,10,59.00,590.00
2337,2203,260,269,2,Team plan · 11 seats,subscription,11,59.00,649.00
2338,2204,260,269,2,Team plan · 11 seats,subscription,11,59.00,649.00
2339,2205,260,269,2,Team plan · 11 seats,subscription,11,59.00,649.00
2340,2206,260,269,2,Team plan · 11 seats,subscription,11,59.00,649.00
2341,2207,260,269,2,Team plan · 11 seats,subscription,11,59.00,649.00
2342,2208,260,269,2,Team plan · 11 seats,subscription,11,59.00,649.00
2343,2209,261,270,2,Team plan · 2 seats,subscription,2,49.17,98.33
2344,2210,261,270,2,Team plan · 2 seats,subscription,2,49.17,98.33
2345,2211,261,270,2,Team plan · 2 seats,subscription,2,49.17,98.33
2346,2212,261,270,2,Team plan · 2 seats,subscription,2,49.17,98.33
2347,2213,261,270,2,Team plan · 2 seats,subscription,2,49.17,98.33
2348,2214,261,270,2,Team plan · 2 seats,subscription,2,49.17,98.33
2349,2215,261,270,2,Team plan · 2 seats,subscription,2,49.17,98.33
2350,2216,261,270,2,Team plan · 2 seats,subscription,2,49.17,98.33
2351,2217,261,270,2,Team plan · 2 seats,subscription,2,49.17,98.33
2352,2218,261,270,2,Team plan · 2 seats,subscription,2,49.17,98.33
2353,2219,261,270,2,Team plan · 2 seats,subscription,2,49.17,98.33
2354,2220,261,270,2,Team plan · 2 seats,subscription,2,49.17,98.33
2355,2221,261,270,2,Team plan · 2 seats,subscription,2,49.17,98.33
2356,2222,261,270,2,Team plan · 2 seats,subscription,2,49.17,98.33
2357,2223,261,270,2,Team plan · 2 seats,subscription,2,49.17,98.33
2358,2224,261,270,2,Team plan · 2 seats,subscription,2,49.17,98.33
2359,2225,261,270,2,Team plan · 2 seats,subscription,2,49.17,98.33
2360,2226,261,270,2,Team plan · 2 seats,subscription,2,49.17,98.33
2361,2227,261,270,2,Team plan · 2 seats,subscription,2,49.17,98.33
2362,2228,261,270,2,Team plan · 2 seats,subscription,2,49.17,98.33
2363,2229,261,270,2,Team plan · 2 seats,subscription,2,49.17,98.33
2364,2230,261,270,2,Team plan · 2 seats,subscription,2,49.17,98.33
2365,2231,261,270,2,Team plan · 2 seats,subscription,2,49.17,98.33
2366,2232,261,270,2,Team plan · 2 seats,subscription,2,49.17,98.33
2367,2233,261,270,2,Team plan · 2 seats,subscription,2,49.17,98.33
2368,2234,261,270,1,Starter plan · 2 seats,subscription,2,29.00,58.00
2369,2235,262,271,1,Starter plan · 5 seats,subscription,5,29.00,145.00
2370,2236,262,271,1,Starter plan · 5 seats,subscription,5,29.00,145.00
2371,2237,262,271,1,Starter plan · 5 seats,subscription,5,29.00,145.00
2372,2238,262,271,1,Starter plan · 5 seats,subscription,5,29.00,145.00
2373,2239,262,271,1,Starter plan · 5 seats,subscription,5,29.00,145.00
2374,2240,263,272,1,Starter plan · 2 seats,subscription,2,29.00,58.00
2375,2241,263,272,1,Starter plan · 2 seats,subscription,2,29.00,58.00
2376,2242,264,273,3,Business plan · 24 seats,subscription,24,99.00,2376.00
2377,2243,264,273,3,Business plan · 24 seats,subscription,24,99.00,2376.00
2378,2243,264,273,3,Additional storage,addon,1,79.00,79.00
2379,2244,264,273,3,Business plan · 24 seats,subscription,24,99.00,2376.00
2380,2245,264,273,3,Business plan · 24 seats,subscription,24,99.00,2376.00
2381,2246,264,273,3,Business plan · 24 seats,subscription,24,99.00,2376.00
2382,2247,264,273,3,Business plan · 24 seats,subscription,24,99.00,2376.00
2383,2248,264,273,3,Business plan · 24 seats,subscription,24,99.00,2376.00
2384,2248,264,273,3,Additional storage,addon,1,49.00,49.00
2385,2249,264,273,3,Business plan · 24 seats,subscription,24,99.00,2376.00
2386,2250,264,273,3,Business plan · 24 seats,subscription,24,99.00,2376.00
2387,2251,264,273,3,Business plan · 24 seats,subscription,24,99.00,2376.00
2388,2252,264,273,3,Business plan · 24 seats,subscription,24,99.00,2376.00
2389,2253,264,273,3,Business plan · 24 seats,subscription,24,99.00,2376.00
2390,2253,264,273,3,Additional storage,addon,1,79.00,79.00
2391,2254,264,273,3,Business plan · 27 seats,subscription,27,99.00,2673.00
2392,2255,264,273,3,Business plan · 27 seats,subscription,27,99.00,2673.00
2393,2256,264,273,3,Business plan · 27 seats,subscription,27,99.00,2673.00
2394,2257,264,273,3,Business plan · 27 seats,subscription,27,99.00,2673.00
2395,2258,264,273,3,Business plan · 27 seats,subscription,27,99.00,2673.00
2396,2259,264,273,3,Business plan · 27 seats,subscription,27,99.00,2673.00
2397,2260,264,273,3,Business plan · 27 seats,subscription,27,99.00,2673.00
2398,2261,264,273,3,Business plan · 27 seats,subscription,27,99.00,2673.00
2399,2262,264,273,3,Business plan · 27 seats,subscription,27,99.00,2673.00
2400,2263,264,273,3,Business plan · 27 seats,subscription,27,99.00,2673.00
2401,2264,264,273,3,Business plan · 27 seats,subscription,27,99.00,2673.00
2402,2265,264,273,3,Business plan · 27 seats,subscription,27,99.00,2673.00
2403,2265,264,273,3,Additional storage,addon,1,129.00,129.00
2404,2266,264,273,3,Business plan · 27 seats,subscription,27,99.00,2673.00
2405,2267,264,273,3,Business plan · 27 seats,subscription,27,99.00,2673.00
2406,2267,264,273,3,Additional storage,addon,1,79.00,79.00
2407,2268,264,273,3,Business plan · 27 seats,subscription,27,99.00,2673.00
2408,2269,264,273,3,Business plan · 27 seats,subscription,27,99.00,2673.00
2409,2270,264,273,3,Business plan · 27 seats,subscription,27,99.00,2673.00
2410,2271,264,273,3,Business plan · 27 seats,subscription,27,99.00,2673.00
2411,2272,264,273,2,Team plan · 27 seats,subscription,27,59.00,1593.00
2412,2273,264,273,2,Team plan · 27 seats,subscription,27,59.00,1593.00
2413,2274,264,273,2,Team plan · 27 seats,subscription,27,59.00,1593.00
2414,2275,264,273,2,Team plan · 27 seats,subscription,27,59.00,1593.00
2415,2276,264,273,2,Team plan · 27 seats,subscription,27,59.00,1593.00
2416,2277,264,273,2,Team plan · 27 seats,subscription,27,59.00,1593.00
2417,2278,264,273,2,Team plan · 27 seats,subscription,27,59.00,1593.00
2418,2279,264,273,2,Team plan · 27 seats,subscription,27,59.00,1593.00
2419,2280,264,273,2,Team plan · 27 seats,subscription,27,59.00,1593.00
2420,2281,264,273,2,Team plan · 27 seats,subscription,27,59.00,1593.00
2421,2282,264,273,2,Team plan · 27 seats,subscription,27,59.00,1593.00
2422,2283,264,273,2,Team plan · 27 seats,subscription,27,59.00,1593.00
2423,2284,264,273,2,Team plan · 27 seats,subscription,27,59.00,1593.00
2424,2285,264,273,2,Team plan · 27 seats,subscription,27,59.00,1593.00
2425,2286,264,273,2,Team plan · 27 seats,subscription,27,59.00,1593.00
2426,2287,264,273,2,Team plan · 27 seats,subscription,27,59.00,1593.00
2427,2288,264,273,2,Team plan · 27 seats,subscription,27,59.00,1593.00
2428,2289,265,274,2,Team plan · 6 seats,subscription,6,59.00,354.00
2429,2290,265,274,2,Team plan · 6 seats,subscription,6,59.00,354.00
2430,2291,265,274,2,Team plan · 6 seats,subscription,6,59.00,354.00
2431,2292,266,275,3,Business plan · 28 seats,subscription,28,82.50,2310.00
2432,2293,266,275,3,Business plan · 28 seats,subscription,28,82.50,2310.00
2433,2294,266,275,3,Business plan · 28 seats,subscription,28,82.50,2310.00
2434,2294,266,275,3,Additional storage,addon,1,129.00,129.00
2435,2295,266,275,3,Business plan · 28 seats,subscription,28,82.50,2310.00
2436,2296,266,275,3,Business plan · 28 seats,subscription,28,82.50,2310.00
2437,2296,266,275,3,Additional storage,addon,1,79.00,79.00
2438,2297,266,275,3,Business plan · 28 seats,subscription,28,82.50,2310.00
2439,2298,266,275,3,Business plan · 28 seats,subscription,28,82.50,2310.00
2440,2298,266,275,3,Additional storage,addon,1,129.00,129.00
2441,2299,266,275,3,Business plan · 28 seats,subscription,28,82.50,2310.00
2442,2300,266,275,3,Business plan · 28 seats,subscription,28,82.50,2310.00
2443,2301,266,275,3,Business plan · 28 seats,subscription,28,82.50,2310.00
2444,2302,266,275,3,Business plan · 28 seats,subscription,28,82.50,2310.00
2445,2303,266,275,2,Team plan · 28 seats,subscription,28,49.17,1376.67
2446,2304,266,275,2,Team plan · 28 seats,subscription,28,49.17,1376.67
2447,2305,266,275,2,Team plan · 28 seats,subscription,28,49.17,1376.67
2448,2306,266,275,2,Team plan · 28 seats,subscription,28,49.17,1376.67
2449,2307,266,275,1,Starter plan · 10 seats,subscription,10,29.00,290.00
2450,2308,266,275,1,Starter plan · 10 seats,subscription,10,29.00,290.00
2451,2309,266,275,1,Starter plan · 10 seats,subscription,10,29.00,290.00
2452,2310,266,275,1,Starter plan · 10 seats,subscription,10,29.00,290.00
2453,2311,267,276,3,Business annual · 27 seats,subscription,27,990.00,26730.00
2454,2311,267,276,3,Implementation and onboarding,one_time,1,7500.00,7500.00
2455,2312,267,276,3,Business annual · 32 seats,subscription,32,990.00,31680.00
2456,2313,268,277,2,Team plan · 13 seats,subscription,13,59.00,767.00
2457,2314,268,277,2,Team plan · 13 seats,subscription,13,59.00,767.00
2458,2315,268,277,2,Team plan · 13 seats,subscription,13,59.00,767.00
2459,2316,268,277,2,Team plan · 13 seats,subscription,13,59.00,767.00
2460,2317,268,277,2,Team plan · 13 seats,subscription,13,59.00,767.00
2461,2318,268,277,2,Team plan · 13 seats,subscription,13,59.00,767.00
2462,2319,268,277,2,Team plan · 13 seats,subscription,13,59.00,767.00
2463,2320,268,277,2,Team plan · 13 seats,subscription,13,59.00,767.00
2464,2321,268,277,2,Team plan · 13 seats,subscription,13,59.00,767.00
2465,2322,268,277,2,Team plan · 13 seats,subscription,13,59.00,767.00
2466,2323,268,277,2,Team plan · 13 seats,subscription,13,59.00,767.00
2467,2324,268,277,2,Team plan · 13 seats,subscription,13,59.00,767.00
2468,2325,268,277,2,Team plan · 13 seats,subscription,13,59.00,767.00
2469,2326,268,277,2,Team plan · 12 seats,subscription,12,59.00,708.00
2470,2327,268,277,2,Team plan · 12 seats,subscription,12,59.00,708.00
2471,2328,268,277,2,Team plan · 12 seats,subscription,12,59.00,708.00
2472,2329,268,277,2,Team plan · 12 seats,subscription,12,59.00,708.00
2473,2330,268,277,3,Business plan · 12 seats,subscription,12,99.00,1188.00
2474,2331,268,277,3,Business plan · 12 seats,subscription,12,99.00,1188.00
2475,2332,268,277,3,Business plan · 12 seats,subscription,12,99.00,1188.00
2476,2333,268,277,3,Business plan · 12 seats,subscription,12,99.00,1188.00
2477,2333,268,277,3,Additional storage,addon,1,129.00,129.00
2478,2334,268,277,3,Business plan · 12 seats,subscription,12,99.00,1188.00
2479,2335,268,277,3,Business plan · 12 seats,subscription,12,99.00,1188.00
2480,2336,268,277,3,Business plan · 12 seats,subscription,12,99.00,1188.00
2481,2337,268,277,3,Business plan · 14 seats,subscription,14,99.00,1386.00
2482,2338,268,277,3,Business plan · 14 seats,subscription,14,99.00,1386.00
2483,2339,268,277,3,Business plan · 14 seats,subscription,14,99.00,1386.00
2484,2339,268,277,3,Additional storage,addon,1,79.00,79.00
2485,2340,268,277,3,Business plan · 14 seats,subscription,14,99.00,1386.00
2486,2341,268,277,3,Business plan · 14 seats,subscription,14,99.00,1386.00
2487,2341,268,277,3,Additional storage,addon,1,79.00,79.00
2488,2342,268,277,3,Business plan · 14 seats,subscription,14,99.00,1386.00
2489,2343,269,278,2,Team annual · 6 seats,subscription,6,708.00,4248.00
2490,2344,269,278,3,Business annual · 7 seats,subscription,7,1188.00,8316.00
2491,2345,270,279,2,Team annual · 22 seats,subscription,22,590.00,12980.04
2492,2346,270,279,2,Team annual · 25 seats,subscription,25,590.00,14750.04
2493,2347,271,280,2,Team plan · 19 seats,subscription,19,59.00,1121.00
2494,2348,271,280,3,Business plan · 19 seats,subscription,19,99.00,1881.00
2495,2349,271,280,3,Business plan · 19 seats,subscription,19,99.00,1881.00
2496,2350,271,280,3,Business plan · 19 seats,subscription,19,99.00,1881.00
2497,2351,271,280,3,Business plan · 19 seats,subscription,19,99.00,1881.00
2498,2352,271,280,3,Business plan · 19 seats,subscription,19,99.00,1881.00
2499,2353,271,280,3,Business plan · 19 seats,subscription,19,99.00,1881.00
2500,2353,271,280,3,Additional storage,addon,1,129.00,129.00
2501,2354,271,280,3,Business plan · 19 seats,subscription,19,99.00,1881.00
2502,2355,271,280,3,Business plan · 19 seats,subscription,19,99.00,1881.00
2503,2356,271,280,3,Business plan · 19 seats,subscription,19,99.00,1881.00
2504,2357,271,280,3,Business plan · 19 seats,subscription,19,99.00,1881.00
2505,2358,271,280,3,Business plan · 19 seats,subscription,19,99.00,1881.00
2506,2359,271,280,3,Business plan · 19 seats,subscription,19,99.00,1881.00
2507,2360,271,280,3,Business plan · 19 seats,subscription,19,99.00,1881.00
2508,2360,271,280,3,Additional storage,addon,1,79.00,79.00
2509,2361,271,280,3,Business plan · 19 seats,subscription,19,99.00,1881.00
2510,2362,271,280,3,Business plan · 19 seats,subscription,19,99.00,1881.00
2511,2363,271,280,3,Business plan · 19 seats,subscription,19,99.00,1881.00
2512,2363,271,280,3,Additional storage,addon,1,79.00,79.00
2513,2364,271,280,3,Business plan · 19 seats,subscription,19,99.00,1881.00
2514,2364,271,280,3,Additional storage,addon,1,49.00,49.00
2515,2365,271,280,3,Business plan · 19 seats,subscription,19,99.00,1881.00
2516,2365,271,280,3,Additional storage,addon,1,49.00,49.00
2517,2366,271,280,3,Business plan · 19 seats,subscription,19,99.00,1881.00
2518,2367,271,280,3,Business plan · 19 seats,subscription,19,99.00,1881.00
2519,2368,271,280,3,Business plan · 19 seats,subscription,19,99.00,1881.00
2520,2369,271,280,3,Business plan · 19 seats,subscription,19,99.00,1881.00
2521,2370,271,280,3,Business plan · 22 seats,subscription,22,99.00,2178.00
2522,2371,271,280,3,Business plan · 22 seats,subscription,22,99.00,2178.00
2523,2371,271,280,3,Additional storage,addon,1,49.00,49.00
2524,2372,271,280,3,Business plan · 22 seats,subscription,22,99.00,2178.00
2525,2373,271,280,3,Business plan · 22 seats,subscription,22,99.00,2178.00
2526,2373,271,280,3,Additional storage,addon,1,49.00,49.00
2527,2374,271,280,3,Business plan · 25 seats,subscription,25,99.00,2475.00
2528,2375,271,280,3,Business plan · 25 seats,subscription,25,99.00,2475.00
2529,2376,271,280,3,Business plan · 30 seats,subscription,30,99.00,2970.00
2530,2377,271,280,3,Business plan · 30 seats,subscription,30,99.00,2970.00
2531,2378,271,280,3,Business plan · 30 seats,subscription,30,99.00,2970.00
2532,2379,271,280,3,Business plan · 30 seats,subscription,30,99.00,2970.00
2533,2379,271,280,3,Additional storage,addon,1,79.00,79.00
2534,2380,271,280,3,Business plan · 30 seats,subscription,30,99.00,2970.00
2535,2381,271,280,3,Business plan · 30 seats,subscription,30,99.00,2970.00
2536,2382,271,280,3,Business plan · 30 seats,subscription,30,99.00,2970.00
2537,2383,271,280,3,Business plan · 30 seats,subscription,30,99.00,2970.00
2538,2384,272,281,4,Enterprise annual · 686 seats,subscription,686,1490.00,1022139.96
2539,2384,272,281,4,Implementation and onboarding,one_time,1,4000.00,4000.00
2540,2385,273,282,3,Business plan · 9 seats,subscription,9,99.00,891.00
2541,2385,273,282,3,Additional storage,addon,1,79.00,79.00
2542,2386,273,282,3,Business plan · 9 seats,subscription,9,99.00,891.00
2543,2387,273,282,3,Business plan · 9 seats,subscription,9,99.00,891.00
2544,2388,273,282,3,Business plan · 9 seats,subscription,9,99.00,891.00
2545,2388,273,282,3,Additional storage,addon,1,79.00,79.00
2546,2389,273,282,3,Business plan · 9 seats,subscription,9,99.00,891.00
2547,2390,274,283,3,Business annual · 15 seats,subscription,15,990.00,14850.00
2548,2390,274,283,3,Implementation and onboarding,one_time,1,4000.00,4000.00
2549,2391,274,283,3,Business annual · 16 seats,subscription,16,990.00,15840.00
2550,2392,275,284,2,Team annual · 5 seats,subscription,5,589.99,2949.96
2551,2393,276,285,1,Starter plan · 2 seats,subscription,2,29.00,58.00
2552,2394,276,285,1,Starter plan · 2 seats,subscription,2,29.00,58.00
2553,2395,276,285,1,Starter plan · 2 seats,subscription,2,29.00,58.00
2554,2396,276,285,1,Starter plan · 2 seats,subscription,2,29.00,58.00
2555,2397,276,285,1,Starter plan · 3 seats,subscription,3,29.00,87.00
2556,2398,276,285,1,Starter plan · 3 seats,subscription,3,29.00,87.00
2557,2399,277,286,4,Enterprise annual · 18 seats,subscription,18,1490.00,26820.00
2558,2400,278,287,3,Business annual · 436 seats,subscription,436,990.00,431640.00
2559,2400,278,287,3,Implementation and onboarding,one_time,1,2500.00,2500.00
2560,2401,279,288,1,Starter plan · 5 seats,subscription,5,29.00,145.00
2561,2402,279,288,1,Starter plan · 5 seats,subscription,5,29.00,145.00
2562,2403,279,288,1,Starter plan · 6 seats,subscription,6,29.00,174.00
2563,2404,279,288,1,Starter plan · 6 seats,subscription,6,29.00,174.00
2564,2405,279,288,1,Starter plan · 6 seats,subscription,6,29.00,174.00
2565,2406,279,288,1,Starter plan · 6 seats,subscription,6,29.00,174.00
2566,2407,279,288,1,Starter plan · 6 seats,subscription,6,29.00,174.00
2567,2408,279,288,1,Starter plan · 6 seats,subscription,6,29.00,174.00
2568,2409,280,289,1,Starter plan · 10 seats,subscription,10,29.00,290.00
2569,2410,280,289,1,Starter plan · 10 seats,subscription,10,29.00,290.00
2570,2411,280,289,1,Starter plan · 10 seats,subscription,10,29.00,290.00
2571,2412,280,289,1,Starter plan · 10 seats,subscription,10,29.00,290.00
2572,2413,280,289,1,Starter plan · 10 seats,subscription,10,29.00,290.00
2573,2414,280,289,1,Starter plan · 10 seats,subscription,10,29.00,290.00
2574,2415,281,290,2,Team plan · 4 seats,subscription,4,59.00,236.00
2575,2416,281,290,2,Team plan · 4 seats,subscription,4,59.00,236.00
2576,2417,281,290,2,Team plan · 4 seats,subscription,4,59.00,236.00
2577,2418,281,290,2,Team plan · 4 seats,subscription,4,59.00,236.00
2578,2419,281,290,2,Team plan · 4 seats,subscription,4,59.00,236.00
2579,2420,281,290,2,Team plan · 4 seats,subscription,4,59.00,236.00
2580,2421,281,290,2,Team plan · 4 seats,subscription,4,59.00,236.00
2581,2422,281,290,2,Team plan · 4 seats,subscription,4,59.00,236.00
2582,2423,281,290,2,Team plan · 4 seats,subscription,4,59.00,236.00
2583,2424,281,290,2,Team plan · 4 seats,subscription,4,59.00,236.00
2584,2425,281,290,2,Team plan · 4 seats,subscription,4,59.00,236.00
2585,2426,281,290,2,Team plan · 4 seats,subscription,4,59.00,236.00
2586,2427,281,290,2,Team plan · 4 seats,subscription,4,59.00,236.00
2587,2428,281,290,2,Team plan · 4 seats,subscription,4,59.00,236.00
2588,2429,281,290,2,Team plan · 4 seats,subscription,4,59.00,236.00
2589,2430,281,290,2,Team plan · 4 seats,subscription,4,59.00,236.00
2590,2431,281,290,2,Team plan · 4 seats,subscription,4,59.00,236.00
2591,2432,281,290,2,Team plan · 4 seats,subscription,4,59.00,236.00
2592,2433,281,290,2,Team plan · 4 seats,subscription,4,59.00,236.00
2593,2434,281,290,2,Team plan · 4 seats,subscription,4,59.00,236.00
2594,2435,281,290,2,Team plan · 4 seats,subscription,4,59.00,236.00
2595,2436,281,290,2,Team plan · 4 seats,subscription,4,59.00,236.00
2596,2437,281,290,2,Team plan · 4 seats,subscription,4,59.00,236.00
2597,2438,281,290,2,Team plan · 4 seats,subscription,4,59.00,236.00
2598,2439,281,290,2,Team plan · 4 seats,subscription,4,59.00,236.00
2599,2440,281,290,2,Team plan · 4 seats,subscription,4,59.00,236.00
2600,2441,281,290,2,Team plan · 4 seats,subscription,4,59.00,236.00
2601,2442,282,291,1,Starter plan · 7 seats,subscription,7,29.00,203.00
2602,2443,282,291,1,Starter plan · 7 seats,subscription,7,29.00,203.00
2603,2444,283,292,1,Starter plan · 10 seats,subscription,10,29.00,290.00
2604,2445,283,292,1,Starter plan · 10 seats,subscription,10,29.00,290.00
2605,2446,283,292,1,Starter plan · 10 seats,subscription,10,29.00,290.00
2606,2447,283,292,1,Starter plan · 10 seats,subscription,10,29.00,290.00
2607,2448,283,292,1,Starter plan · 10 seats,subscription,10,29.00,290.00
2608,2449,283,292,1,Starter plan · 10 seats,subscription,10,29.00,290.00
2609,2450,283,292,1,Starter plan · 10 seats,subscription,10,29.00,290.00
2610,2451,283,292,1,Starter plan · 10 seats,subscription,10,29.00,290.00
2611,2452,283,292,1,Starter plan · 10 seats,subscription,10,29.00,290.00
2612,2453,283,292,1,Starter plan · 10 seats,subscription,10,29.00,290.00
2613,2454,283,292,1,Starter plan · 10 seats,subscription,10,29.00,290.00
2614,2455,283,292,1,Starter plan · 10 seats,subscription,10,29.00,290.00
2615,2456,283,292,1,Starter plan · 10 seats,subscription,10,29.00,290.00
2616,2457,283,292,1,Starter plan · 10 seats,subscription,10,29.00,290.00
2617,2458,283,292,1,Starter plan · 10 seats,subscription,10,29.00,290.00
2618,2459,283,292,1,Starter plan · 10 seats,subscription,10,29.00,290.00
2619,2460,283,292,1,Starter plan · 10 seats,subscription,10,29.00,290.00
2620,2461,283,292,1,Starter plan · 10 seats,subscription,10,29.00,290.00
2621,2462,283,292,1,Starter plan · 10 seats,subscription,10,29.00,290.00
2622,2463,283,292,1,Starter plan · 10 seats,subscription,10,29.00,290.00
2623,2464,283,292,1,Starter plan · 8 seats,subscription,8,29.00,232.00
2624,2465,283,292,1,Starter plan · 8 seats,subscription,8,29.00,232.00
2625,2466,284,293,2,Team plan · 5 seats,subscription,5,59.00,295.00
2626,2467,284,293,2,Team plan · 5 seats,subscription,5,59.00,295.00
2627,2468,284,293,2,Team plan · 5 seats,subscription,5,59.00,295.00
2628,2469,284,293,2,Team plan · 5 seats,subscription,5,59.00,295.00
2629,2470,284,293,2,Team plan · 5 seats,subscription,5,59.00,295.00
2630,2471,284,293,2,Team plan · 5 seats,subscription,5,59.00,295.00
2631,2472,284,293,2,Team plan · 5 seats,subscription,5,59.00,295.00
2632,2473,284,293,2,Team plan · 5 seats,subscription,5,59.00,295.00
2633,2474,284,293,2,Team plan · 5 seats,subscription,5,59.00,295.00
2634,2475,284,293,2,Team plan · 5 seats,subscription,5,59.00,295.00
2635,2476,284,293,2,Team plan · 4 seats,subscription,4,59.00,236.00
2636,2477,284,293,2,Team plan · 4 seats,subscription,4,59.00,236.00
2637,2478,284,293,2,Team plan · 4 seats,subscription,4,59.00,236.00
2638,2479,284,293,2,Team plan · 4 seats,subscription,4,59.00,236.00
2639,2480,284,293,2,Team plan · 4 seats,subscription,4,59.00,236.00
2640,2481,284,293,2,Team plan · 4 seats,subscription,4,59.00,236.00
2641,2482,284,293,2,Team plan · 4 seats,subscription,4,59.00,236.00
2642,2483,284,293,2,Team plan · 4 seats,subscription,4,59.00,236.00
2643,2484,284,293,2,Team plan · 4 seats,subscription,4,59.00,236.00
2644,2485,284,293,2,Team plan · 4 seats,subscription,4,59.00,236.00
2645,2486,285,294,2,Team annual · 50 seats,subscription,50,590.00,29499.96
2646,2487,285,294,2,Team annual · 50 seats,subscription,50,590.00,29499.96
2647,2488,286,295,2,Team plan · 14 seats,subscription,14,59.00,826.00
2648,2489,286,295,2,Team plan · 17 seats,subscription,17,59.00,1003.00
2649,2490,286,295,2,Team plan · 17 seats,subscription,17,59.00,1003.00
2650,2491,286,295,2,Team plan · 17 seats,subscription,17,59.00,1003.00
2651,2492,286,295,2,Team plan · 17 seats,subscription,17,59.00,1003.00
2652,2493,286,295,2,Team plan · 17 seats,subscription,17,59.00,1003.00
2653,2494,286,295,2,Team plan · 19 seats,subscription,19,59.00,1121.00
2654,2495,286,295,2,Team plan · 19 seats,subscription,19,59.00,1121.00
2655,2496,286,295,2,Team plan · 19 seats,subscription,19,59.00,1121.00
2656,2497,286,295,2,Team plan · 19 seats,subscription,19,59.00,1121.00
2657,2498,286,295,2,Team plan · 19 seats,subscription,19,59.00,1121.00
2658,2499,287,296,1,Starter plan · 7 seats,subscription,7,29.00,203.00
2659,2500,287,296,1,Starter plan · 7 seats,subscription,7,29.00,203.00
2660,2501,288,297,3,Business annual · 24 seats,subscription,24,990.00,23760.00
2661,2502,288,297,3,Business annual · 24 seats,subscription,24,990.00,23760.00
2662,2503,289,298,1,Starter plan · 7 seats,subscription,7,29.00,203.00
2663,2504,289,298,1,Starter plan · 7 seats,subscription,7,29.00,203.00
2664,2505,289,298,1,Starter plan · 7 seats,subscription,7,29.00,203.00
2665,2506,289,298,1,Starter plan · 7 seats,subscription,7,29.00,203.00
2666,2507,289,298,1,Starter plan · 7 seats,subscription,7,29.00,203.00
2667,2508,289,298,1,Starter plan · 8 seats,subscription,8,29.00,232.00
2668,2509,289,298,1,Starter plan · 8 seats,subscription,8,29.00,232.00
2669,2510,289,298,1,Starter plan · 8 seats,subscription,8,29.00,232.00
2670,2511,289,298,1,Starter plan · 8 seats,subscription,8,29.00,232.00
2671,2512,289,298,1,Starter plan · 8 seats,subscription,8,29.00,232.00
2672,2513,289,298,1,Starter plan · 8 seats,subscription,8,29.00,232.00
2673,2514,289,298,1,Starter plan · 8 seats,subscription,8,29.00,232.00
2674,2515,289,298,1,Starter plan · 8 seats,subscription,8,29.00,232.00
2675,2516,289,298,1,Starter plan · 10 seats,subscription,10,29.00,290.00
2676,2517,289,298,1,Starter plan · 10 seats,subscription,10,29.00,290.00
2677,2518,289,298,1,Starter plan · 10 seats,subscription,10,29.00,290.00
2678,2519,289,298,1,Starter plan · 10 seats,subscription,10,29.00,290.00
2679,2520,289,298,1,Starter plan · 10 seats,subscription,10,29.00,290.00
2680,2521,289,298,1,Starter plan · 10 seats,subscription,10,29.00,290.00
2681,2522,289,298,2,Team plan · 10 seats,subscription,10,59.00,590.00
2682,2523,290,299,3,Business annual · 9 seats,subscription,9,990.00,8910.00
2683,2523,290,299,3,Implementation and onboarding,one_time,1,1500.00,1500.00
2684,2524,290,299,3,Business annual · 9 seats,subscription,9,990.00,8910.00
2685,2525,291,300,3,Business annual · 22 seats,subscription,22,990.00,21780.00
2686,2525,291,300,3,Implementation and onboarding,one_time,1,4000.00,4000.00
2687,2526,292,301,2,Team annual · 14 seats,subscription,14,590.00,8259.96
2688,2527,292,301,2,Team annual · 16 seats,subscription,16,590.00,9440.04
2689,2528,292,301,3,Business annual · 16 seats,subscription,16,990.00,15840.00
2690,2529,293,302,2,Team annual · 12 seats,subscription,12,590.00,7080.00
2691,2530,293,302,2,Team annual · 13 seats,subscription,13,590.00,7670.04
2692,2531,294,303,1,Starter plan · 5 seats,subscription,5,29.00,145.00
2693,2532,294,303,1,Starter plan · 5 seats,subscription,5,29.00,145.00
2694,2533,294,303,1,Starter plan · 5 seats,subscription,5,29.00,145.00
2695,2534,294,303,1,Starter plan · 5 seats,subscription,5,29.00,145.00
2696,2535,294,303,1,Starter plan · 5 seats,subscription,5,29.00,145.00
2697,2536,294,303,1,Starter plan · 5 seats,subscription,5,29.00,145.00
2698,2537,294,303,1,Starter plan · 6 seats,subscription,6,29.00,174.00
2699,2538,294,303,1,Starter plan · 6 seats,subscription,6,29.00,174.00
2700,2539,294,303,1,Starter plan · 6 seats,subscription,6,29.00,174.00
2701,2540,294,303,1,Starter plan · 6 seats,subscription,6,29.00,174.00
2702,2541,294,303,1,Starter plan · 6 seats,subscription,6,29.00,174.00
2703,2542,294,303,1,Starter plan · 6 seats,subscription,6,29.00,174.00
2704,2543,294,303,1,Starter plan · 6 seats,subscription,6,29.00,174.00
2705,2544,294,303,1,Starter plan · 6 seats,subscription,6,29.00,174.00
2706,2545,294,303,1,Starter plan · 6 seats,subscription,6,29.00,174.00
2707,2546,294,303,1,Starter plan · 6 seats,subscription,6,29.00,174.00
2708,2547,294,303,1,Starter plan · 6 seats,subscription,6,29.00,174.00
2709,2548,294,303,1,Starter plan · 6 seats,subscription,6,29.00,174.00
2710,2549,294,303,1,Starter plan · 6 seats,subscription,6,29.00,174.00
2711,2550,294,303,1,Starter plan · 6 seats,subscription,6,29.00,174.00
2712,2551,294,303,1,Starter plan · 6 seats,subscription,6,29.00,174.00
2713,2552,294,303,1,Starter plan · 6 seats,subscription,6,29.00,174.00
2714,2553,294,303,1,Starter plan · 6 seats,subscription,6,29.00,174.00
2715,2554,294,303,1,Starter plan · 6 seats,subscription,6,29.00,174.00
2716,2555,294,303,1,Starter plan · 6 seats,subscription,6,29.00,174.00
2717,2556,295,304,1,Starter plan · 6 seats,subscription,6,29.00,174.00
2718,2557,295,304,1,Starter plan · 6 seats,subscription,6,29.00,174.00
2719,2558,295,304,1,Starter plan · 6 seats,subscription,6,29.00,174.00
2720,2559,295,304,1,Starter plan · 6 seats,subscription,6,29.00,174.00
2721,2560,295,304,2,Team plan · 6 seats,subscription,6,59.00,354.00
2722,2561,295,304,2,Team plan · 6 seats,subscription,6,59.00,354.00
2723,2562,295,304,2,Team plan · 6 seats,subscription,6,59.00,354.00
2724,2563,295,304,1,Starter plan · 6 seats,subscription,6,29.00,174.00
2725,2564,295,304,1,Starter plan · 6 seats,subscription,6,29.00,174.00
2726,2565,295,304,1,Starter plan · 6 seats,subscription,6,29.00,174.00
2727,2566,295,304,1,Starter plan · 6 seats,subscription,6,29.00,174.00
2728,2567,295,304,1,Starter plan · 6 seats,subscription,6,29.00,174.00
2729,2568,295,304,1,Starter plan · 6 seats,subscription,6,29.00,174.00
2730,2569,295,304,1,Starter plan · 5 seats,subscription,5,29.00,145.00
2731,2570,295,304,1,Starter plan · 5 seats,subscription,5,29.00,145.00
2732,2571,295,304,1,Starter plan · 5 seats,subscription,5,29.00,145.00
2733,2572,296,305,2,Team plan · 5 seats,subscription,5,59.00,295.00
2734,2573,296,305,2,Team plan · 5 seats,subscription,5,59.00,295.00
2735,2574,296,305,2,Team plan · 5 seats,subscription,5,59.00,295.00
2736,2575,296,305,2,Team plan · 6 seats,subscription,6,59.00,354.00
2737,2576,296,305,1,Starter plan · 6 seats,subscription,6,29.00,174.00
2738,2577,296,305,1,Starter plan · 6 seats,subscription,6,29.00,174.00
2739,2578,296,306,1,Starter plan · 4 seats,subscription,4,29.00,116.00
2740,2579,296,306,1,Starter plan · 4 seats,subscription,4,29.00,116.00
2741,2580,296,306,1,Starter plan · 4 seats,subscription,4,29.00,116.00
2742,2581,296,306,1,Starter plan · 4 seats,subscription,4,29.00,116.00
2743,2582,296,306,1,Starter plan · 4 seats,subscription,4,29.00,116.00
2744,2583,296,306,1,Starter plan · 4 seats,subscription,4,29.00,116.00
2745,2584,296,306,1,Starter plan · 4 seats,subscription,4,29.00,116.00
2746,2585,296,306,1,Starter plan · 4 seats,subscription,4,29.00,116.00
2747,2586,296,306,1,Starter plan · 4 seats,subscription,4,29.00,116.00
2748,2587,296,306,1,Starter plan · 4 seats,subscription,4,29.00,116.00
2749,2588,296,306,1,Starter plan · 4 seats,subscription,4,29.00,116.00
2750,2589,296,306,1,Starter plan · 4 seats,subscription,4,29.00,116.00
2751,2590,297,307,3,Business plan · 9 seats,subscription,9,99.00,891.00
2752,2591,297,307,3,Business plan · 9 seats,subscription,9,99.00,891.00
2753,2591,297,307,3,Additional storage,addon,1,129.00,129.00
2754,2592,298,308,1,Starter plan · 10 seats,subscription,10,29.00,290.00
2755,2593,298,308,1,Starter plan · 10 seats,subscription,10,29.00,290.00
2756,2594,298,308,1,Starter plan · 10 seats,subscription,10,29.00,290.00
2757,2595,298,308,1,Starter plan · 10 seats,subscription,10,29.00,290.00
2758,2596,298,308,1,Starter plan · 10 seats,subscription,10,29.00,290.00
2759,2597,298,308,1,Starter plan · 10 seats,subscription,10,29.00,290.00
2760,2598,298,308,1,Starter plan · 10 seats,subscription,10,29.00,290.00
2761,2599,298,308,1,Starter plan · 10 seats,subscription,10,29.00,290.00
2762,2600,298,308,1,Starter plan · 10 seats,subscription,10,29.00,290.00
2763,2601,298,308,1,Starter plan · 10 seats,subscription,10,29.00,290.00
2764,2602,298,308,1,Starter plan · 10 seats,subscription,10,29.00,290.00
2765,2603,298,308,1,Starter plan · 10 seats,subscription,10,29.00,290.00
2766,2604,298,308,1,Starter plan · 10 seats,subscription,10,29.00,290.00
2767,2605,298,308,1,Starter plan · 10 seats,subscription,10,29.00,290.00
2768,2606,298,308,1,Starter plan · 10 seats,subscription,10,29.00,290.00
2769,2607,298,308,2,Team plan · 10 seats,subscription,10,59.00,590.00
2770,2608,298,308,1,Starter plan · 10 seats,subscription,10,29.00,290.00
2771,2609,298,308,1,Starter plan · 10 seats,subscription,10,29.00,290.00
2772,2610,298,308,1,Starter plan · 10 seats,subscription,10,29.00,290.00
2773,2611,298,308,1,Starter plan · 10 seats,subscription,10,29.00,290.00
2774,2612,298,308,2,Team plan · 10 seats,subscription,10,59.00,590.00
2775,2613,298,308,2,Team plan · 10 seats,subscription,10,59.00,590.00
2776,2614,298,308,2,Team plan · 10 seats,subscription,10,59.00,590.00
2777,2615,298,308,2,Team plan · 10 seats,subscription,10,59.00,590.00
2778,2616,298,308,2,Team plan · 10 seats,subscription,10,59.00,590.00
2779,2617,298,308,2,Team plan · 10 seats,subscription,10,59.00,590.00
2780,2618,298,308,2,Team plan · 10 seats,subscription,10,59.00,590.00
2781,2619,298,308,2,Team plan · 10 seats,subscription,10,59.00,590.00
2782,2620,298,308,2,Team plan · 10 seats,subscription,10,59.00,590.00
2783,2621,298,308,2,Team plan · 10 seats,subscription,10,59.00,590.00
2784,2622,298,308,2,Team plan · 10 seats,subscription,10,59.00,590.00
2785,2623,298,308,2,Team plan · 10 seats,subscription,10,59.00,590.00
2786,2624,298,308,2,Team plan · 10 seats,subscription,10,59.00,590.00
2787,2625,298,308,2,Team plan · 10 seats,subscription,10,59.00,590.00
2788,2626,298,308,2,Team plan · 10 seats,subscription,10,59.00,590.00
2789,2627,298,308,3,Business plan · 10 seats,subscription,10,99.00,990.00
2790,2627,298,308,3,Additional storage,addon,1,129.00,129.00
2791,2628,299,309,2,Team annual · 35 seats,subscription,35,590.00,20649.96
2792,2629,299,309,2,Team annual · 42 seats,subscription,42,590.00,24780.00
2793,2630,300,310,2,Team annual · 25 seats,subscription,25,590.00,14750.04
2794,2631,300,310,2,Team annual · 27 seats,subscription,27,590.00,15930.00
2795,2632,300,310,2,Team annual · 27 seats,subscription,27,590.00,15930.00
2796,2633,301,311,4,Enterprise annual · 263 seats,subscription,263,1490.00,391869.96
2797,2633,301,311,4,Customer success package,addon,1,3600.00,3600.00
2798,2634,301,311,4,Enterprise annual · 263 seats,subscription,263,1490.00,391869.96
2799,2635,301,311,4,Enterprise annual · 263 seats,subscription,263,1490.00,391869.96
2800,2636,301,311,4,Enterprise annual · 288 seats,subscription,288,1490.00,429120.00
2801,2637,302,312,1,Starter plan · 10 seats,subscription,10,29.00,290.00
2802,2638,302,312,1,Starter plan · 8 seats,subscription,8,29.00,232.00
2803,2639,302,312,1,Starter plan · 8 seats,subscription,8,29.00,232.00
2804,2640,302,312,1,Starter plan · 8 seats,subscription,8,29.00,232.00
2805,2641,302,312,1,Starter plan · 8 seats,subscription,8,29.00,232.00
2806,2642,302,312,2,Team plan · 8 seats,subscription,8,59.00,472.00
2807,2643,303,313,1,Starter plan · 10 seats,subscription,10,29.00,290.00
2808,2644,303,313,1,Starter plan · 10 seats,subscription,10,29.00,290.00
2809,2645,303,313,1,Starter plan · 10 seats,subscription,10,29.00,290.00
2810,2646,303,313,1,Starter plan · 10 seats,subscription,10,29.00,290.00
2811,2647,303,313,1,Starter plan · 10 seats,subscription,10,29.00,290.00
2812,2648,303,313,1,Starter plan · 10 seats,subscription,10,29.00,290.00
2813,2649,303,313,1,Starter plan · 10 seats,subscription,10,29.00,290.00
2814,2650,303,313,1,Starter plan · 10 seats,subscription,10,29.00,290.00
2815,2651,303,313,1,Starter plan · 10 seats,subscription,10,29.00,290.00
2816,2652,303,313,1,Starter plan · 10 seats,subscription,10,29.00,290.00
2817,2653,303,313,1,Starter plan · 10 seats,subscription,10,29.00,290.00
2818,2654,303,313,1,Starter plan · 10 seats,subscription,10,29.00,290.00
2819,2655,303,313,1,Starter plan · 10 seats,subscription,10,29.00,290.00
2820,2656,303,313,1,Starter plan · 10 seats,subscription,10,29.00,290.00
2821,2657,303,313,1,Starter plan · 10 seats,subscription,10,29.00,290.00
2822,2658,303,313,1,Starter plan · 10 seats,subscription,10,29.00,290.00
2823,2659,303,313,1,Starter plan · 10 seats,subscription,10,29.00,290.00
2824,2660,303,313,1,Starter plan · 10 seats,subscription,10,29.00,290.00
2825,2661,303,313,1,Starter plan · 10 seats,subscription,10,29.00,290.00
2826,2662,303,313,1,Starter plan · 10 seats,subscription,10,29.00,290.00
2827,2663,303,313,1,Starter plan · 10 seats,subscription,10,29.00,290.00
2828,2664,303,313,1,Starter plan · 10 seats,subscription,10,29.00,290.00
2829,2665,303,313,1,Starter plan · 10 seats,subscription,10,29.00,290.00
2830,2666,303,313,1,Starter plan · 10 seats,subscription,10,29.00,290.00
2831,2667,303,313,1,Starter plan · 10 seats,subscription,10,29.00,290.00
2832,2668,303,313,1,Starter plan · 10 seats,subscription,10,29.00,290.00
2833,2669,303,313,1,Starter plan · 10 seats,subscription,10,29.00,290.00
2834,2670,303,313,1,Starter plan · 10 seats,subscription,10,29.00,290.00
2835,2671,303,313,1,Starter plan · 10 seats,subscription,10,29.00,290.00
2836,2672,303,313,1,Starter plan · 10 seats,subscription,10,29.00,290.00
2837,2673,303,313,1,Starter plan · 9 seats,subscription,9,29.00,261.00
2838,2674,303,313,1,Starter plan · 9 seats,subscription,9,29.00,261.00
2839,2675,303,313,1,Starter plan · 9 seats,subscription,9,29.00,261.00
2840,2676,303,313,1,Starter plan · 9 seats,subscription,9,29.00,261.00
2841,2677,303,313,1,Starter plan · 9 seats,subscription,9,29.00,261.00
2842,2678,303,313,1,Starter plan · 9 seats,subscription,9,29.00,261.00
2843,2679,303,313,1,Starter plan · 10 seats,subscription,10,29.00,290.00
2844,2680,303,313,1,Starter plan · 10 seats,subscription,10,29.00,290.00
2845,2681,303,313,1,Starter plan · 10 seats,subscription,10,29.00,290.00
2846,2682,303,313,1,Starter plan · 10 seats,subscription,10,29.00,290.00
2847,2683,303,313,1,Starter plan · 10 seats,subscription,10,29.00,290.00
2848,2684,303,313,1,Starter plan · 10 seats,subscription,10,29.00,290.00
2849,2685,303,313,1,Starter plan · 10 seats,subscription,10,29.00,290.00
2850,2686,303,313,1,Starter plan · 10 seats,subscription,10,29.00,290.00
2851,2687,303,313,1,Starter plan · 10 seats,subscription,10,29.00,290.00
2852,2688,303,313,2,Team plan · 10 seats,subscription,10,59.00,590.00
2853,2689,303,313,2,Team plan · 10 seats,subscription,10,59.00,590.00
2854,2690,304,314,3,Business annual · 46 seats,subscription,46,990.00,45540.00
2855,2690,304,314,3,Implementation and onboarding,one_time,1,2500.00,2500.00
2856,2691,304,314,4,Enterprise annual · 55 seats,subscription,55,1490.00,81950.04
2857,2692,304,314,4,Enterprise annual · 55 seats,subscription,55,1490.00,81950.04
2858,2693,304,314,4,Enterprise annual · 55 seats,subscription,55,1490.00,81950.04
2859,2694,305,315,1,Starter plan · 8 seats,subscription,8,29.00,232.00
2860,2695,305,315,1,Starter plan · 8 seats,subscription,8,29.00,232.00
2861,2696,305,315,1,Starter plan · 8 seats,subscription,8,29.00,232.00
2862,2697,305,315,1,Starter plan · 8 seats,subscription,8,29.00,232.00
2863,2698,306,316,2,Team annual · 13 seats,subscription,13,590.00,7670.04
2864,2699,307,317,1,Starter plan · 8 seats,subscription,8,29.00,232.00
2865,2700,307,317,1,Starter plan · 8 seats,subscription,8,29.00,232.00
2866,2701,307,317,1,Starter plan · 8 seats,subscription,8,29.00,232.00
2867,2702,308,318,1,Starter plan · 4 seats,subscription,4,29.00,116.00
2868,2703,308,318,1,Starter plan · 4 seats,subscription,4,29.00,116.00
2869,2704,308,318,1,Starter plan · 4 seats,subscription,4,29.00,116.00
2870,2705,308,318,1,Starter plan · 4 seats,subscription,4,29.00,116.00
2871,2706,308,318,1,Starter plan · 3 seats,subscription,3,29.00,87.00
2872,2707,308,318,1,Starter plan · 3 seats,subscription,3,29.00,87.00
2873,2708,308,318,1,Starter plan · 3 seats,subscription,3,29.00,87.00
2874,2709,308,318,1,Starter plan · 4 seats,subscription,4,29.00,116.00
2875,2710,308,318,1,Starter plan · 5 seats,subscription,5,29.00,145.00
2876,2711,308,318,1,Starter plan · 5 seats,subscription,5,29.00,145.00
2877,2712,308,318,1,Starter plan · 5 seats,subscription,5,29.00,145.00
2878,2713,308,318,1,Starter plan · 5 seats,subscription,5,29.00,145.00
2879,2714,308,318,2,Team plan · 5 seats,subscription,5,59.00,295.00
2880,2715,308,318,2,Team plan · 5 seats,subscription,5,59.00,295.00
2881,2716,308,318,2,Team plan · 5 seats,subscription,5,59.00,295.00
2882,2717,308,318,2,Team plan · 5 seats,subscription,5,59.00,295.00
2883,2718,308,318,2,Team plan · 5 seats,subscription,5,59.00,295.00
2884,2719,309,319,2,Team annual · 12 seats,subscription,12,590.00,7080.00
2885,2720,310,320,3,Business annual · 68 seats,subscription,68,990.00,67320.00
2886,2720,310,320,3,Implementation and onboarding,one_time,1,2500.00,2500.00
2887,2721,310,320,3,Business annual · 68 seats,subscription,68,990.00,67320.00
2888,2722,311,321,2,Team annual · 17 seats,subscription,17,590.00,10029.96
2889,2723,311,321,2,Team annual · 20 seats,subscription,20,590.00,11799.96
2890,2724,312,322,3,Business annual · 55 seats,subscription,55,990.00,54450.00
2891,2724,312,322,3,Implementation and onboarding,one_time,1,4000.00,4000.00
2892,2725,313,323,1,Starter plan · 10 seats,subscription,10,29.00,290.00
2893,2726,313,323,1,Starter plan · 10 seats,subscription,10,29.00,290.00
2894,2727,313,323,1,Starter plan · 10 seats,subscription,10,29.00,290.00
2895,2728,313,323,1,Starter plan · 10 seats,subscription,10,29.00,290.00
2896,2729,313,323,1,Starter plan · 10 seats,subscription,10,29.00,290.00
2897,2730,313,323,1,Starter plan · 10 seats,subscription,10,29.00,290.00
2898,2731,313,323,1,Starter plan · 10 seats,subscription,10,29.00,290.00
2899,2732,313,323,1,Starter plan · 10 seats,subscription,10,29.00,290.00
2900,2733,313,323,1,Starter plan · 10 seats,subscription,10,29.00,290.00
2901,2734,313,323,1,Starter plan · 10 seats,subscription,10,29.00,290.00
2902,2735,313,323,1,Starter plan · 10 seats,subscription,10,29.00,290.00
2903,2736,313,323,1,Starter plan · 10 seats,subscription,10,29.00,290.00
2904,2737,313,323,1,Starter plan · 10 seats,subscription,10,29.00,290.00
2905,2738,313,323,1,Starter plan · 10 seats,subscription,10,29.00,290.00
2906,2739,313,323,1,Starter plan · 10 seats,subscription,10,29.00,290.00
2907,2740,313,323,1,Starter plan · 10 seats,subscription,10,29.00,290.00
2908,2741,313,323,1,Starter plan · 10 seats,subscription,10,29.00,290.00
2909,2742,313,323,2,Team plan · 10 seats,subscription,10,59.00,590.00
2910,2743,313,323,2,Team plan · 10 seats,subscription,10,59.00,590.00
2911,2744,313,323,2,Team plan · 10 seats,subscription,10,59.00,590.00
2912,2745,313,323,2,Team plan · 10 seats,subscription,10,59.00,590.00
2913,2746,313,323,2,Team plan · 10 seats,subscription,10,59.00,590.00
2914,2747,313,323,2,Team plan · 10 seats,subscription,10,59.00,590.00
2915,2748,313,323,2,Team plan · 10 seats,subscription,10,59.00,590.00
2916,2749,313,323,2,Team plan · 10 seats,subscription,10,59.00,590.00
2917,2750,313,323,2,Team plan · 12 seats,subscription,12,59.00,708.00
2918,2751,313,323,2,Team plan · 12 seats,subscription,12,59.00,708.00
2919,2752,313,323,2,Team plan · 12 seats,subscription,12,59.00,708.00
2920,2753,313,323,2,Team plan · 12 seats,subscription,12,59.00,708.00
2921,2754,313,323,3,Business plan · 12 seats,subscription,12,99.00,1188.00
2922,2755,313,323,3,Business plan · 12 seats,subscription,12,99.00,1188.00
2923,2756,313,323,3,Business plan · 12 seats,subscription,12,99.00,1188.00
2924,2757,313,323,3,Business plan · 12 seats,subscription,12,99.00,1188.00
2925,2757,313,323,3,Additional storage,addon,1,49.00,49.00
2926,2758,313,323,3,Business plan · 12 seats,subscription,12,99.00,1188.00
2927,2759,313,323,3,Business plan · 12 seats,subscription,12,99.00,1188.00
2928,2760,313,323,3,Business plan · 12 seats,subscription,12,99.00,1188.00
2929,2761,313,323,3,Business plan · 12 seats,subscription,12,99.00,1188.00
2930,2761,313,323,3,Additional storage,addon,1,129.00,129.00
2931,2762,313,323,3,Business plan · 12 seats,subscription,12,99.00,1188.00
2932,2763,313,323,3,Business plan · 12 seats,subscription,12,99.00,1188.00
2933,2764,313,323,3,Business plan · 12 seats,subscription,12,99.00,1188.00
2934,2765,313,323,3,Business plan · 12 seats,subscription,12,99.00,1188.00
2935,2766,314,324,2,Team annual · 40 seats,subscription,40,590.00,23600.04
2936,2767,314,324,2,Team annual · 43 seats,subscription,43,590.00,25370.04
2937,2768,315,325,1,Starter plan · 10 seats,subscription,10,29.00,290.00
2938,2769,315,325,1,Starter plan · 10 seats,subscription,10,29.00,290.00
2939,2770,315,325,1,Starter plan · 10 seats,subscription,10,29.00,290.00
2940,2771,315,325,1,Starter plan · 10 seats,subscription,10,29.00,290.00
2941,2772,315,325,1,Starter plan · 10 seats,subscription,10,29.00,290.00
2942,2773,315,325,1,Starter plan · 10 seats,subscription,10,29.00,290.00
2943,2774,315,325,1,Starter plan · 10 seats,subscription,10,29.00,290.00
2944,2775,315,325,1,Starter plan · 10 seats,subscription,10,29.00,290.00
2945,2776,315,325,1,Starter plan · 10 seats,subscription,10,29.00,290.00
2946,2777,315,325,1,Starter plan · 10 seats,subscription,10,29.00,290.00
2947,2778,316,326,1,Starter plan · 2 seats,subscription,2,29.00,58.00
2948,2779,316,326,1,Starter plan · 2 seats,subscription,2,29.00,58.00
2949,2780,316,326,1,Starter plan · 2 seats,subscription,2,29.00,58.00
2950,2781,316,326,1,Starter plan · 2 seats,subscription,2,29.00,58.00
2951,2782,316,326,1,Starter plan · 2 seats,subscription,2,29.00,58.00
2952,2783,316,326,1,Starter plan · 2 seats,subscription,2,29.00,58.00
2953,2784,316,326,1,Starter plan · 2 seats,subscription,2,29.00,58.00
2954,2785,316,326,1,Starter plan · 2 seats,subscription,2,29.00,58.00
2955,2786,316,326,1,Starter plan · 2 seats,subscription,2,29.00,58.00
2956,2787,316,326,1,Starter plan · 2 seats,subscription,2,29.00,58.00
2957,2788,316,326,1,Starter plan · 2 seats,subscription,2,29.00,58.00
2958,2789,316,326,1,Starter plan · 2 seats,subscription,2,29.00,58.00
2959,2790,316,326,1,Starter plan · 2 seats,subscription,2,29.00,58.00
2960,2791,316,326,1,Starter plan · 2 seats,subscription,2,29.00,58.00
2961,2792,316,326,1,Starter plan · 2 seats,subscription,2,29.00,58.00
2962,2793,316,326,1,Starter plan · 2 seats,subscription,2,29.00,58.00
2963,2794,316,326,1,Starter plan · 3 seats,subscription,3,29.00,87.00
2964,2795,316,326,1,Starter plan · 3 seats,subscription,3,29.00,87.00
2965,2796,316,326,1,Starter plan · 3 seats,subscription,3,29.00,87.00
2966,2797,316,326,1,Starter plan · 3 seats,subscription,3,29.00,87.00
2967,2798,316,326,1,Starter plan · 3 seats,subscription,3,29.00,87.00
2968,2799,316,326,1,Starter plan · 3 seats,subscription,3,29.00,87.00
2969,2800,316,326,1,Starter plan · 3 seats,subscription,3,29.00,87.00
2970,2801,316,326,1,Starter plan · 3 seats,subscription,3,29.00,87.00
2971,2802,316,326,1,Starter plan · 3 seats,subscription,3,29.00,87.00
2972,2803,316,326,1,Starter plan · 3 seats,subscription,3,29.00,87.00
2973,2804,316,326,1,Starter plan · 3 seats,subscription,3,29.00,87.00
2974,2805,316,326,1,Starter plan · 3 seats,subscription,3,29.00,87.00
2975,2806,316,326,1,Starter plan · 3 seats,subscription,3,29.00,87.00
2976,2807,316,326,1,Starter plan · 3 seats,subscription,3,29.00,87.00
2977,2808,316,326,1,Starter plan · 3 seats,subscription,3,29.00,87.00
2978,2809,316,326,1,Starter plan · 3 seats,subscription,3,29.00,87.00
2979,2810,316,326,1,Starter plan · 3 seats,subscription,3,29.00,87.00
2980,2811,316,326,1,Starter plan · 3 seats,subscription,3,29.00,87.00
2981,2812,316,326,1,Starter plan · 3 seats,subscription,3,29.00,87.00
2982,2813,316,326,1,Starter plan · 3 seats,subscription,3,29.00,87.00
2983,2814,316,326,1,Starter plan · 3 seats,subscription,3,29.00,87.00
2984,2815,316,326,1,Starter plan · 3 seats,subscription,3,29.00,87.00
2985,2816,316,326,1,Starter plan · 3 seats,subscription,3,29.00,87.00
2986,2817,316,326,1,Starter plan · 3 seats,subscription,3,29.00,87.00
2987,2818,316,326,1,Starter plan · 3 seats,subscription,3,29.00,87.00
2988,2819,317,327,1,Starter plan · 2 seats,subscription,2,29.00,58.00
2989,2820,317,327,1,Starter plan · 2 seats,subscription,2,29.00,58.00
2990,2821,318,328,2,Team plan · 8 seats,subscription,8,59.00,472.00
2991,2822,318,328,2,Team plan · 9 seats,subscription,9,59.00,531.00
2992,2823,318,328,2,Team plan · 9 seats,subscription,9,59.00,531.00
2993,2824,318,328,3,Business plan · 9 seats,subscription,9,99.00,891.00
2994,2825,318,328,3,Business plan · 9 seats,subscription,9,99.00,891.00
2995,2826,318,328,3,Business plan · 9 seats,subscription,9,99.00,891.00
2996,2827,318,328,3,Business plan · 9 seats,subscription,9,99.00,891.00
2997,2828,318,328,3,Business plan · 9 seats,subscription,9,99.00,891.00
2998,2829,319,329,1,Starter plan · 10 seats,subscription,10,29.00,290.00
2999,2830,319,329,1,Starter plan · 10 seats,subscription,10,29.00,290.00
3000,2831,319,329,1,Starter plan · 10 seats,subscription,10,29.00,290.00
3001,2832,319,329,1,Starter plan · 10 seats,subscription,10,29.00,290.00
3002,2833,319,329,1,Starter plan · 10 seats,subscription,10,29.00,290.00
3003,2834,319,329,1,Starter plan · 10 seats,subscription,10,29.00,290.00
3004,2835,319,329,1,Starter plan · 10 seats,subscription,10,29.00,290.00
3005,2836,319,329,1,Starter plan · 10 seats,subscription,10,29.00,290.00
3006,2837,319,329,1,Starter plan · 10 seats,subscription,10,29.00,290.00
3007,2838,319,329,1,Starter plan · 10 seats,subscription,10,29.00,290.00
3008,2839,319,329,1,Starter plan · 10 seats,subscription,10,29.00,290.00
3009,2840,319,329,1,Starter plan · 10 seats,subscription,10,29.00,290.00
3010,2841,319,329,1,Starter plan · 10 seats,subscription,10,29.00,290.00
3011,2842,319,329,1,Starter plan · 10 seats,subscription,10,29.00,290.00
3012,2843,319,329,1,Starter plan · 10 seats,subscription,10,29.00,290.00
3013,2844,319,329,1,Starter plan · 10 seats,subscription,10,29.00,290.00
3014,2845,319,329,1,Starter plan · 10 seats,subscription,10,29.00,290.00
3015,2846,319,329,1,Starter plan · 8 seats,subscription,8,29.00,232.00
3016,2847,319,329,1,Starter plan · 8 seats,subscription,8,29.00,232.00
3017,2848,319,329,1,Starter plan · 8 seats,subscription,8,29.00,232.00
3018,2849,320,330,3,Business annual · 11 seats,subscription,11,990.00,10890.00
3019,2849,320,330,3,Implementation and onboarding,one_time,1,4000.00,4000.00
3020,2850,320,330,3,Business annual · 11 seats,subscription,11,990.00,10890.00
3021,2851,320,330,3,Business annual · 9 seats,subscription,9,990.00,8910.00
3022,2852,321,331,1,Starter plan · 10 seats,subscription,10,29.00,290.00
3023,2853,321,331,1,Starter plan · 10 seats,subscription,10,29.00,290.00
3024,2854,321,331,1,Starter plan · 10 seats,subscription,10,29.00,290.00
3025,2855,321,331,1,Starter plan · 10 seats,subscription,10,29.00,290.00
3026,2856,321,331,1,Starter plan · 10 seats,subscription,10,29.00,290.00
3027,2857,321,331,1,Starter plan · 10 seats,subscription,10,29.00,290.00
3028,2858,321,331,1,Starter plan · 10 seats,subscription,10,29.00,290.00
3029,2859,321,331,1,Starter plan · 9 seats,subscription,9,29.00,261.00
3030,2860,321,331,1,Starter plan · 9 seats,subscription,9,29.00,261.00
3031,2861,321,331,1,Starter plan · 9 seats,subscription,9,29.00,261.00
3032,2862,321,331,2,Team plan · 9 seats,subscription,9,59.00,531.00
3033,2863,321,331,2,Team plan · 9 seats,subscription,9,59.00,531.00
3034,2864,321,331,2,Team plan · 9 seats,subscription,9,59.00,531.00
3035,2865,321,331,2,Team plan · 9 seats,subscription,9,59.00,531.00
3036,2866,321,331,2,Team plan · 9 seats,subscription,9,59.00,531.00
3037,2867,321,331,2,Team plan · 9 seats,subscription,9,59.00,531.00
3038,2868,321,331,2,Team plan · 9 seats,subscription,9,59.00,531.00
3039,2869,321,331,2,Team plan · 9 seats,subscription,9,59.00,531.00
3040,2870,321,331,2,Team plan · 9 seats,subscription,9,59.00,531.00
3041,2871,321,331,2,Team plan · 9 seats,subscription,9,59.00,531.00
3042,2872,321,331,2,Team plan · 9 seats,subscription,9,59.00,531.00
3043,2873,321,331,2,Team plan · 9 seats,subscription,9,59.00,531.00
3044,2874,322,332,2,Team annual · 16 seats,subscription,16,590.00,9440.04
3045,2875,322,332,3,Business annual · 23 seats,subscription,23,990.00,22770.00
3046,2876,322,332,4,Enterprise annual · 23 seats,subscription,23,1490.00,34269.96
3047,2877,323,333,3,Business plan · 34 seats,subscription,34,99.00,3366.00
3048,2878,323,333,3,Business plan · 34 seats,subscription,34,99.00,3366.00
3049,2879,323,333,3,Business plan · 34 seats,subscription,34,99.00,3366.00
3050,2880,323,333,3,Business plan · 26 seats,subscription,26,99.00,2574.00
3051,2881,323,333,3,Business plan · 26 seats,subscription,26,99.00,2574.00
3052,2882,323,333,3,Business plan · 26 seats,subscription,26,99.00,2574.00
3053,2883,323,333,3,Business plan · 26 seats,subscription,26,99.00,2574.00
3054,2884,323,333,3,Business plan · 26 seats,subscription,26,99.00,2574.00
3055,2885,323,333,3,Business plan · 26 seats,subscription,26,99.00,2574.00
3056,2886,323,333,3,Business plan · 26 seats,subscription,26,99.00,2574.00
3057,2886,323,333,3,Additional storage,addon,1,49.00,49.00
3058,2887,324,334,3,Business annual · 198 seats,subscription,198,1188.00,235224.00
3059,2887,324,334,3,Implementation and onboarding,one_time,1,2500.00,2500.00
3060,2888,325,335,3,Business annual · 14 seats,subscription,14,1188.00,16632.00
3061,2888,325,335,3,Implementation and onboarding,one_time,1,4000.00,4000.00
3062,2889,326,336,3,Business annual · 25 seats,subscription,25,990.00,24750.00
3063,2890,326,336,3,Business annual · 27 seats,subscription,27,990.00,26730.00
3064,2891,327,337,4,Enterprise annual · 32 seats,subscription,32,1490.00,47679.96
3065,2891,327,337,4,Customer success package,addon,1,2400.00,2400.00
3066,2892,328,338,1,Starter plan · 4 seats,subscription,4,29.00,116.00
3067,2893,328,338,1,Starter plan · 4 seats,subscription,4,29.00,116.00
3068,2894,328,338,1,Starter plan · 4 seats,subscription,4,29.00,116.00
3069,2895,328,338,1,Starter plan · 4 seats,subscription,4,29.00,116.00
3070,2896,328,338,1,Starter plan · 4 seats,subscription,4,29.00,116.00
3071,2897,328,338,1,Starter plan · 4 seats,subscription,4,29.00,116.00
3072,2898,328,338,1,Starter plan · 4 seats,subscription,4,29.00,116.00
3073,2899,328,338,1,Starter plan · 4 seats,subscription,4,29.00,116.00
3074,2900,328,338,1,Starter plan · 4 seats,subscription,4,29.00,116.00
3075,2901,328,338,1,Starter plan · 4 seats,subscription,4,29.00,116.00
3076,2902,328,338,1,Starter plan · 4 seats,subscription,4,29.00,116.00
3077,2903,328,338,1,Starter plan · 4 seats,subscription,4,29.00,116.00
3078,2904,328,338,1,Starter plan · 4 seats,subscription,4,29.00,116.00
3079,2905,328,338,1,Starter plan · 4 seats,subscription,4,29.00,116.00
3080,2906,328,338,1,Starter plan · 4 seats,subscription,4,29.00,116.00
3081,2907,328,338,1,Starter plan · 4 seats,subscription,4,29.00,116.00
3082,2908,328,338,1,Starter plan · 4 seats,subscription,4,29.00,116.00
3083,2909,328,338,1,Starter plan · 4 seats,subscription,4,29.00,116.00
3084,2910,328,338,1,Starter plan · 4 seats,subscription,4,29.00,116.00
3085,2911,328,338,1,Starter plan · 4 seats,subscription,4,29.00,116.00
3086,2912,328,338,1,Starter plan · 4 seats,subscription,4,29.00,116.00
3087,2913,328,338,1,Starter plan · 4 seats,subscription,4,29.00,116.00
3088,2914,328,338,1,Starter plan · 4 seats,subscription,4,29.00,116.00
3089,2915,328,338,1,Starter plan · 4 seats,subscription,4,29.00,116.00
3090,2916,328,338,1,Starter plan · 4 seats,subscription,4,29.00,116.00
3091,2917,328,338,1,Starter plan · 4 seats,subscription,4,29.00,116.00
3092,2918,328,338,1,Starter plan · 4 seats,subscription,4,29.00,116.00
3093,2919,328,338,1,Starter plan · 4 seats,subscription,4,29.00,116.00
3094,2920,328,338,1,Starter plan · 4 seats,subscription,4,29.00,116.00
3095,2921,328,338,1,Starter plan · 4 seats,subscription,4,29.00,116.00
3096,2922,328,338,1,Starter plan · 4 seats,subscription,4,29.00,116.00
3097,2923,328,338,1,Starter plan · 4 seats,subscription,4,29.00,116.00
3098,2924,328,338,1,Starter plan · 4 seats,subscription,4,29.00,116.00
3099,2925,328,338,1,Starter plan · 4 seats,subscription,4,29.00,116.00
3100,2926,328,338,1,Starter plan · 4 seats,subscription,4,29.00,116.00
3101,2927,328,338,2,Team plan · 4 seats,subscription,4,59.00,236.00
3102,2928,328,338,2,Team plan · 4 seats,subscription,4,59.00,236.00
3103,2929,329,339,2,Team plan · 19 seats,subscription,19,59.00,1121.00
3104,2930,329,339,2,Team plan · 19 seats,subscription,19,59.00,1121.00
3105,2931,329,339,2,Team plan · 19 seats,subscription,19,59.00,1121.00
3106,2932,329,339,2,Team plan · 19 seats,subscription,19,59.00,1121.00
3107,2933,329,339,2,Team plan · 19 seats,subscription,19,59.00,1121.00
3108,2934,329,339,2,Team plan · 19 seats,subscription,19,59.00,1121.00
3109,2935,330,340,3,Business annual · 3 seats,subscription,3,990.00,2970.00
3110,2936,330,340,3,Business annual · 3 seats,subscription,3,990.00,2970.00
3111,2937,330,340,4,Enterprise annual · 4 seats,subscription,4,1490.01,5960.04
3112,2937,330,340,4,Customer success package,addon,1,2400.00,2400.00
3113,2938,331,341,4,Enterprise annual · 137 seats,subscription,137,1490.00,204129.96
3114,2938,331,341,4,Customer success package,addon,1,6000.00,6000.00
3115,2939,332,342,3,Business annual · 28 seats,subscription,28,1188.00,33264.00
3116,2939,332,342,3,Implementation and onboarding,one_time,1,4000.00,4000.00
3117,2940,333,343,2,Team annual · 15 seats,subscription,15,590.00,8850.00
3118,2941,334,344,3,Business annual · 56 seats,subscription,56,1188.00,66528.00
3119,2941,334,344,3,Implementation and onboarding,one_time,1,7500.00,7500.00
3120,2942,334,344,3,Business annual · 61 seats,subscription,61,1188.00,72468.00
3121,2943,334,344,3,Business annual · 72 seats,subscription,72,1188.00,85536.00
3122,2944,334,344,4,Enterprise annual · 72 seats,subscription,72,1490.00,107280.00
3123,2944,334,344,4,Customer success package,addon,1,6000.00,6000.00
3124,2945,335,345,1,Starter plan · 6 seats,subscription,6,29.00,174.00
3125,2946,335,345,1,Starter plan · 6 seats,subscription,6,29.00,174.00
3126,2947,335,345,1,Starter plan · 6 seats,subscription,6,29.00,174.00
3127,2948,335,345,1,Starter plan · 6 seats,subscription,6,29.00,174.00
3128,2949,335,345,1,Starter plan · 7 seats,subscription,7,29.00,203.00
3129,2950,335,345,1,Starter plan · 7 seats,subscription,7,29.00,203.00
3130,2951,335,345,1,Starter plan · 7 seats,subscription,7,29.00,203.00
3131,2952,335,345,1,Starter plan · 7 seats,subscription,7,29.00,203.00
3132,2953,336,346,1,Starter plan · 5 seats,subscription,5,29.00,145.00
3133,2954,337,347,3,Business annual · 57 seats,subscription,57,990.00,56430.00
3134,2954,337,347,3,Implementation and onboarding,one_time,1,7500.00,7500.00
3135,2955,338,348,3,Business plan · 340 seats,subscription,340,82.50,28050.00
3136,2956,338,348,3,Business plan · 340 seats,subscription,340,82.50,28050.00
3137,2957,338,348,3,Business plan · 340 seats,subscription,340,82.50,28050.00
3138,2958,338,348,3,Business plan · 340 seats,subscription,340,82.50,28050.00
3139,2959,338,348,3,Business plan · 340 seats,subscription,340,82.50,28050.00
3140,2960,338,348,3,Business plan · 340 seats,subscription,340,82.50,28050.00
3141,2961,338,348,3,Business plan · 340 seats,subscription,340,82.50,28050.00
3142,2962,338,348,3,Business plan · 256 seats,subscription,256,82.50,21120.00
3143,2963,338,348,3,Business plan · 256 seats,subscription,256,82.50,21120.00
3144,2964,338,348,3,Business plan · 256 seats,subscription,256,82.50,21120.00
3145,2965,338,348,3,Business plan · 256 seats,subscription,256,82.50,21120.00
3146,2966,338,348,3,Business plan · 256 seats,subscription,256,82.50,21120.00
3147,2967,338,348,3,Business plan · 256 seats,subscription,256,82.50,21120.00
3148,2968,338,348,3,Business plan · 256 seats,subscription,256,82.50,21120.00
3149,2969,338,348,3,Business plan · 256 seats,subscription,256,82.50,21120.00
3150,2970,338,348,3,Business plan · 256 seats,subscription,256,82.50,21120.00
3151,2971,338,348,3,Business plan · 256 seats,subscription,256,82.50,21120.00
3152,2972,338,348,3,Business plan · 256 seats,subscription,256,82.50,21120.00
3153,2973,338,348,3,Business plan · 256 seats,subscription,256,82.50,21120.00
3154,2974,338,348,3,Business plan · 256 seats,subscription,256,82.50,21120.00
3155,2975,338,348,3,Business plan · 256 seats,subscription,256,82.50,21120.00
3156,2976,338,348,3,Business plan · 256 seats,subscription,256,82.50,21120.00
3157,2976,338,348,3,Additional storage,addon,1,79.00,79.00
3158,2977,338,348,2,Team plan · 50 seats,subscription,50,49.17,2458.33
3159,2978,338,348,2,Team plan · 50 seats,subscription,50,49.17,2458.33
3160,2979,338,348,2,Team plan · 50 seats,subscription,50,49.17,2458.33
3161,2980,338,348,1,Starter plan · 10 seats,subscription,10,29.00,290.00
3162,2981,339,349,1,Starter plan · 3 seats,subscription,3,29.00,87.00
3163,2982,339,349,1,Starter plan · 3 seats,subscription,3,29.00,87.00
3164,2983,339,349,1,Starter plan · 3 seats,subscription,3,29.00,87.00
3165,2984,339,349,1,Starter plan · 3 seats,subscription,3,29.00,87.00
3166,2985,339,349,1,Starter plan · 3 seats,subscription,3,29.00,87.00
3167,2986,339,349,1,Starter plan · 3 seats,subscription,3,29.00,87.00
3168,2987,339,349,1,Starter plan · 3 seats,subscription,3,29.00,87.00
3169,2988,339,349,1,Starter plan · 3 seats,subscription,3,29.00,87.00
3170,2989,339,349,1,Starter plan · 3 seats,subscription,3,29.00,87.00
3171,2990,339,349,1,Starter plan · 3 seats,subscription,3,29.00,87.00
3172,2991,339,349,1,Starter plan · 3 seats,subscription,3,29.00,87.00
3173,2992,339,349,1,Starter plan · 3 seats,subscription,3,29.00,87.00
3174,2993,339,349,1,Starter plan · 3 seats,subscription,3,29.00,87.00
3175,2994,339,349,1,Starter plan · 3 seats,subscription,3,29.00,87.00
3176,2995,339,349,1,Starter plan · 3 seats,subscription,3,29.00,87.00
3177,2996,340,350,2,Team plan · 5 seats,subscription,5,59.00,295.00
3178,2997,340,350,2,Team plan · 5 seats,subscription,5,59.00,295.00
3179,2998,340,350,2,Team plan · 5 seats,subscription,5,59.00,295.00
3180,2999,340,350,2,Team plan · 5 seats,subscription,5,59.00,295.00
3181,3000,341,351,4,Enterprise annual · 51 seats,subscription,51,1490.00,75990.00
3182,3001,342,352,4,Enterprise annual · 142 seats,subscription,142,1490.00,211580.04
3183,3002,342,352,4,Enterprise annual · 157 seats,subscription,157,1490.00,233930.04
3184,3002,342,352,4,Customer success package,addon,1,3600.00,3600.00
3185,3003,343,353,4,Enterprise annual · 285 seats,subscription,285,1490.00,424650.00
3186,3004,344,354,1,Starter plan · 2 seats,subscription,2,29.00,58.00
3187,3005,344,354,1,Starter plan · 2 seats,subscription,2,29.00,58.00
3188,3006,344,354,1,Starter plan · 2 seats,subscription,2,29.00,58.00
3189,3007,344,354,1,Starter plan · 2 seats,subscription,2,29.00,58.00
3190,3008,344,354,1,Starter plan · 2 seats,subscription,2,29.00,58.00
3191,3009,344,354,1,Starter plan · 2 seats,subscription,2,29.00,58.00
3192,3010,344,354,1,Starter plan · 2 seats,subscription,2,29.00,58.00
3193,3011,344,354,1,Starter plan · 2 seats,subscription,2,29.00,58.00
3194,3012,344,354,1,Starter plan · 2 seats,subscription,2,29.00,58.00
3195,3013,344,354,1,Starter plan · 2 seats,subscription,2,29.00,58.00
3196,3014,344,354,1,Starter plan · 2 seats,subscription,2,29.00,58.00
3197,3015,344,354,1,Starter plan · 2 seats,subscription,2,29.00,58.00
3198,3016,344,354,1,Starter plan · 2 seats,subscription,2,29.00,58.00
3199,3017,344,354,1,Starter plan · 2 seats,subscription,2,29.00,58.00
3200,3018,344,354,1,Starter plan · 2 seats,subscription,2,29.00,58.00
3201,3019,344,354,1,Starter plan · 2 seats,subscription,2,29.00,58.00
3202,3020,344,354,1,Starter plan · 2 seats,subscription,2,29.00,58.00
3203,3021,344,354,1,Starter plan · 2 seats,subscription,2,29.00,58.00
3204,3022,344,354,1,Starter plan · 2 seats,subscription,2,29.00,58.00
3205,3023,344,354,1,Starter plan · 2 seats,subscription,2,29.00,58.00
3206,3024,344,354,1,Starter plan · 2 seats,subscription,2,29.00,58.00
3207,3025,344,354,1,Starter plan · 2 seats,subscription,2,29.00,58.00
3208,3026,344,354,1,Starter plan · 2 seats,subscription,2,29.00,58.00
3209,3027,344,354,1,Starter plan · 2 seats,subscription,2,29.00,58.00
3210,3028,344,354,1,Starter plan · 2 seats,subscription,2,29.00,58.00
3211,3029,344,354,1,Starter plan · 2 seats,subscription,2,29.00,58.00
3212,3030,344,354,1,Starter plan · 2 seats,subscription,2,29.00,58.00
3213,3031,344,354,1,Starter plan · 2 seats,subscription,2,29.00,58.00
3214,3032,344,354,1,Starter plan · 2 seats,subscription,2,29.00,58.00
3215,3033,344,354,1,Starter plan · 2 seats,subscription,2,29.00,58.00
3216,3034,344,354,1,Starter plan · 3 seats,subscription,3,29.00,87.00
3217,3035,344,354,1,Starter plan · 3 seats,subscription,3,29.00,87.00
3218,3036,344,354,1,Starter plan · 3 seats,subscription,3,29.00,87.00
3219,3037,344,354,1,Starter plan · 3 seats,subscription,3,29.00,87.00
3220,3038,344,354,1,Starter plan · 3 seats,subscription,3,29.00,87.00
3221,3039,344,354,1,Starter plan · 3 seats,subscription,3,29.00,87.00
3222,3040,344,354,1,Starter plan · 3 seats,subscription,3,29.00,87.00
3223,3041,344,354,1,Starter plan · 3 seats,subscription,3,29.00,87.00
3224,3042,344,354,1,Starter plan · 3 seats,subscription,3,29.00,87.00
3225,3043,344,354,1,Starter plan · 3 seats,subscription,3,29.00,87.00
3226,3044,344,354,1,Starter plan · 3 seats,subscription,3,29.00,87.00
3227,3045,345,355,4,Enterprise annual · 681 seats,subscription,681,1490.00,1014690.00
3228,3046,345,355,4,Enterprise annual · 670 seats,subscription,670,1490.00,998300.04
3229,3047,346,356,4,Enterprise annual · 167 seats,subscription,167,1490.00,248829.96
3230,3048,346,356,4,Enterprise annual · 215 seats,subscription,215,1490.00,320349.96
3231,3049,346,357,4,Enterprise annual · 168 seats,subscription,168,1490.00,250320.00
3232,3050,346,357,4,Enterprise annual · 168 seats,subscription,168,1490.00,250320.00
3233,3051,347,358,2,Team plan · 6 seats,subscription,6,59.00,354.00
3234,3052,347,358,2,Team plan · 6 seats,subscription,6,59.00,354.00
3235,3053,347,358,2,Team plan · 6 seats,subscription,6,59.00,354.00
3236,3054,347,358,2,Team plan · 6 seats,subscription,6,59.00,354.00
3237,3055,347,358,2,Team plan · 6 seats,subscription,6,59.00,354.00
3238,3056,348,359,3,Business plan · 8 seats,subscription,8,99.00,792.00
3239,3057,348,359,3,Business plan · 8 seats,subscription,8,99.00,792.00
3240,3058,348,359,3,Business plan · 8 seats,subscription,8,99.00,792.00
3241,3059,348,359,3,Business plan · 8 seats,subscription,8,99.00,792.00
3242,3060,348,359,3,Business plan · 8 seats,subscription,8,99.00,792.00
3243,3061,348,359,3,Business plan · 8 seats,subscription,8,99.00,792.00
3244,3061,348,359,3,Additional storage,addon,1,79.00,79.00
3245,3062,348,359,3,Business plan · 8 seats,subscription,8,99.00,792.00
3246,3062,348,359,3,Additional storage,addon,1,79.00,79.00
3247,3063,348,359,3,Business plan · 9 seats,subscription,9,99.00,891.00
3248,3064,348,359,3,Business plan · 9 seats,subscription,9,99.00,891.00
3249,3065,348,359,3,Business plan · 9 seats,subscription,9,99.00,891.00
3250,3066,348,359,3,Business plan · 9 seats,subscription,9,99.00,891.00
3251,3067,348,359,3,Business plan · 9 seats,subscription,9,99.00,891.00
3252,3068,348,359,3,Business plan · 9 seats,subscription,9,99.00,891.00
3253,3069,348,359,3,Business plan · 9 seats,subscription,9,99.00,891.00
3254,3070,348,359,3,Business plan · 9 seats,subscription,9,99.00,891.00
3255,3071,348,359,3,Business plan · 9 seats,subscription,9,99.00,891.00
3256,3072,348,359,3,Business plan · 9 seats,subscription,9,99.00,891.00
3257,3073,348,359,3,Business plan · 9 seats,subscription,9,99.00,891.00
3258,3073,348,359,3,Additional storage,addon,1,129.00,129.00
3259,3074,348,359,3,Business plan · 9 seats,subscription,9,99.00,891.00
3260,3075,348,359,3,Business plan · 9 seats,subscription,9,99.00,891.00
3261,3076,348,359,3,Business plan · 9 seats,subscription,9,99.00,891.00
3262,3077,348,359,3,Business plan · 9 seats,subscription,9,99.00,891.00
3263,3078,348,359,3,Business plan · 9 seats,subscription,9,99.00,891.00
3264,3079,348,359,3,Business plan · 9 seats,subscription,9,99.00,891.00
3265,3080,348,359,3,Business plan · 9 seats,subscription,9,99.00,891.00
3266,3081,348,359,3,Business plan · 9 seats,subscription,9,99.00,891.00
3267,3082,349,360,4,Enterprise annual · 39 seats,subscription,39,1490.00,58110.00
3268,3083,350,361,4,Enterprise annual · 33 seats,subscription,33,1490.00,49170.00
3269,3083,350,361,4,Implementation and onboarding,one_time,1,1500.00,1500.00
3270,3084,351,362,1,Starter plan · 3 seats,subscription,3,29.00,87.00
3271,3085,351,362,1,Starter plan · 3 seats,subscription,3,29.00,87.00
3272,3086,351,362,1,Starter plan · 3 seats,subscription,3,29.00,87.00
3273,3087,351,362,1,Starter plan · 3 seats,subscription,3,29.00,87.00
3274,3088,351,362,1,Starter plan · 3 seats,subscription,3,29.00,87.00
3275,3089,351,362,1,Starter plan · 3 seats,subscription,3,29.00,87.00
3276,3090,351,362,1,Starter plan · 3 seats,subscription,3,29.00,87.00
3277,3091,351,362,1,Starter plan · 4 seats,subscription,4,29.00,116.00
3278,3092,351,362,1,Starter plan · 4 seats,subscription,4,29.00,116.00
3279,3093,351,362,1,Starter plan · 4 seats,subscription,4,29.00,116.00
3280,3094,351,362,1,Starter plan · 4 seats,subscription,4,29.00,116.00
3281,3095,351,362,1,Starter plan · 4 seats,subscription,4,29.00,116.00
3282,3096,351,362,1,Starter plan · 4 seats,subscription,4,29.00,116.00
3283,3097,351,362,1,Starter plan · 4 seats,subscription,4,29.00,116.00
3284,3098,351,362,1,Starter plan · 4 seats,subscription,4,29.00,116.00
3285,3099,351,362,1,Starter plan · 4 seats,subscription,4,29.00,116.00
3286,3100,352,363,1,Starter plan · 5 seats,subscription,5,29.00,145.00
3287,3101,352,363,1,Starter plan · 5 seats,subscription,5,29.00,145.00
3288,3102,352,363,1,Starter plan · 5 seats,subscription,5,29.00,145.00
3289,3103,352,363,1,Starter plan · 6 seats,subscription,6,29.00,174.00
3290,3104,352,363,1,Starter plan · 6 seats,subscription,6,29.00,174.00
3291,3105,352,363,1,Starter plan · 6 seats,subscription,6,29.00,174.00
3292,3106,352,363,1,Starter plan · 6 seats,subscription,6,29.00,174.00
3293,3107,352,363,1,Starter plan · 6 seats,subscription,6,29.00,174.00
3294,3108,352,363,1,Starter plan · 6 seats,subscription,6,29.00,174.00
3295,3109,352,363,1,Starter plan · 6 seats,subscription,6,29.00,174.00
3296,3110,352,363,1,Starter plan · 6 seats,subscription,6,29.00,174.00
3297,3111,352,363,1,Starter plan · 6 seats,subscription,6,29.00,174.00
3298,3112,353,364,1,Starter plan · 10 seats,subscription,10,29.00,290.00
3299,3113,353,364,1,Starter plan · 10 seats,subscription,10,29.00,290.00
3300,3114,353,364,1,Starter plan · 10 seats,subscription,10,29.00,290.00
3301,3115,353,364,1,Starter plan · 10 seats,subscription,10,29.00,290.00
3302,3116,353,364,1,Starter plan · 10 seats,subscription,10,29.00,290.00
3303,3117,353,364,1,Starter plan · 10 seats,subscription,10,29.00,290.00
3304,3118,353,364,1,Starter plan · 10 seats,subscription,10,29.00,290.00
3305,3119,353,364,1,Starter plan · 10 seats,subscription,10,29.00,290.00
3306,3120,353,364,1,Starter plan · 10 seats,subscription,10,29.00,290.00
3307,3121,353,364,1,Starter plan · 10 seats,subscription,10,29.00,290.00
3308,3122,354,365,2,Team plan · 9 seats,subscription,9,59.00,531.00
3309,3123,354,365,2,Team plan · 7 seats,subscription,7,59.00,413.00
3310,3124,354,365,2,Team plan · 7 seats,subscription,7,59.00,413.00
3311,3125,355,366,1,Starter plan · 8 seats,subscription,8,29.00,232.00
3312,3126,355,366,1,Starter plan · 8 seats,subscription,8,29.00,232.00
3313,3127,355,366,1,Starter plan · 8 seats,subscription,8,29.00,232.00
3314,3128,355,366,1,Starter plan · 8 seats,subscription,8,29.00,232.00
3315,3129,355,366,1,Starter plan · 9 seats,subscription,9,29.00,261.00
3316,3130,355,366,1,Starter plan · 9 seats,subscription,9,29.00,261.00
3317,3131,356,367,2,Team annual · 50 seats,subscription,50,590.00,29499.96
3318,3132,356,367,2,Team annual · 50 seats,subscription,50,590.00,29499.96
3319,3133,356,367,2,Team annual · 50 seats,subscription,50,590.00,29499.96
3320,3134,357,368,1,Starter plan · 10 seats,subscription,10,29.00,290.00
3321,3135,357,368,1,Starter plan · 10 seats,subscription,10,29.00,290.00
3322,3136,357,368,1,Starter plan · 10 seats,subscription,10,29.00,290.00
3323,3137,357,368,1,Starter plan · 10 seats,subscription,10,29.00,290.00
3324,3138,357,368,1,Starter plan · 10 seats,subscription,10,29.00,290.00
3325,3139,357,368,1,Starter plan · 10 seats,subscription,10,29.00,290.00
3326,3140,357,368,1,Starter plan · 10 seats,subscription,10,29.00,290.00
3327,3141,357,368,1,Starter plan · 10 seats,subscription,10,29.00,290.00
3328,3142,357,368,1,Starter plan · 10 seats,subscription,10,29.00,290.00
3329,3143,357,368,1,Starter plan · 10 seats,subscription,10,29.00,290.00
3330,3144,357,368,1,Starter plan · 10 seats,subscription,10,29.00,290.00
3331,3145,357,368,1,Starter plan · 10 seats,subscription,10,29.00,290.00
3332,3146,357,368,1,Starter plan · 10 seats,subscription,10,29.00,290.00
3333,3147,357,368,1,Starter plan · 10 seats,subscription,10,29.00,290.00
3334,3148,357,368,1,Starter plan · 10 seats,subscription,10,29.00,290.00
3335,3149,358,369,2,Team annual · 13 seats,subscription,13,590.00,7670.04
3336,3150,358,369,2,Team annual · 13 seats,subscription,13,590.00,7670.04
3337,3151,359,370,3,Business annual · 12 seats,subscription,12,990.00,11880.00
3338,3152,359,370,4,Enterprise annual · 15 seats,subscription,15,1490.00,22350.00
3339,3153,359,370,4,Enterprise annual · 15 seats,subscription,15,1490.00,22350.00
3340,3154,359,370,4,Enterprise annual · 16 seats,subscription,16,1490.00,23840.04
3341,3155,359,370,4,Enterprise annual · 16 seats,subscription,16,1490.00,23840.04
3342,3156,360,371,2,Team annual · 6 seats,subscription,6,590.00,3540.00
3343,3157,360,371,2,Team annual · 7 seats,subscription,7,590.01,4130.04
3344,3158,361,372,1,Starter plan · 4 seats,subscription,4,29.00,116.00
3345,3159,361,372,1,Starter plan · 4 seats,subscription,4,29.00,116.00
3346,3160,361,372,1,Starter plan · 4 seats,subscription,4,29.00,116.00
3347,3161,361,372,1,Starter plan · 4 seats,subscription,4,29.00,116.00
3348,3162,362,373,2,Team plan · 2 seats,subscription,2,59.00,118.00
3349,3163,362,373,2,Team plan · 2 seats,subscription,2,59.00,118.00
3350,3164,362,373,2,Team plan · 2 seats,subscription,2,59.00,118.00
3351,3165,362,373,2,Team plan · 3 seats,subscription,3,59.00,177.00
3352,3166,362,373,2,Team plan · 3 seats,subscription,3,59.00,177.00
3353,3167,362,373,2,Team plan · 3 seats,subscription,3,59.00,177.00
3354,3168,362,373,2,Team plan · 3 seats,subscription,3,59.00,177.00
3355,3169,362,373,2,Team plan · 3 seats,subscription,3,59.00,177.00
3356,3170,362,373,2,Team plan · 3 seats,subscription,3,59.00,177.00
3357,3171,362,373,2,Team plan · 3 seats,subscription,3,59.00,177.00
3358,3172,362,373,2,Team plan · 3 seats,subscription,3,59.00,177.00
3359,3173,362,373,2,Team plan · 3 seats,subscription,3,59.00,177.00
3360,3174,362,373,2,Team plan · 4 seats,subscription,4,59.00,236.00
3361,3175,362,373,3,Business plan · 4 seats,subscription,4,99.00,396.00
3362,3175,362,373,3,Additional storage,addon,1,129.00,129.00
3363,3176,362,373,3,Business plan · 4 seats,subscription,4,99.00,396.00
3364,3176,362,373,3,Additional storage,addon,1,49.00,49.00
3365,3177,363,374,2,Team plan · 15 seats,subscription,15,59.00,885.00
3366,3178,363,374,2,Team plan · 15 seats,subscription,15,59.00,885.00
3367,3179,363,374,2,Team plan · 15 seats,subscription,15,59.00,885.00
3368,3180,364,375,3,Business annual · 76 seats,subscription,76,990.00,75240.00
3369,3181,364,375,3,Business annual · 50 seats,subscription,50,990.00,49500.00
3370,3182,365,376,1,Starter plan · 5 seats,subscription,5,29.00,145.00
3371,3183,365,376,1,Starter plan · 5 seats,subscription,5,29.00,145.00
3372,3184,365,376,1,Starter plan · 6 seats,subscription,6,29.00,174.00
3373,3185,365,376,1,Starter plan · 6 seats,subscription,6,29.00,174.00
3374,3186,365,376,1,Starter plan · 6 seats,subscription,6,29.00,174.00
3375,3187,365,376,1,Starter plan · 6 seats,subscription,6,29.00,174.00
3376,3188,365,376,1,Starter plan · 6 seats,subscription,6,29.00,174.00
3377,3189,365,376,1,Starter plan · 6 seats,subscription,6,29.00,174.00
3378,3190,365,376,1,Starter plan · 6 seats,subscription,6,29.00,174.00
3379,3191,365,376,1,Starter plan · 6 seats,subscription,6,29.00,174.00
3380,3192,365,376,1,Starter plan · 6 seats,subscription,6,29.00,174.00
3381,3193,366,377,3,Business plan · 29 seats,subscription,29,99.00,2871.00
3382,3194,366,377,3,Business plan · 29 seats,subscription,29,99.00,2871.00
3383,3195,366,377,3,Business plan · 29 seats,subscription,29,99.00,2871.00
3384,3196,366,377,3,Business plan · 29 seats,subscription,29,99.00,2871.00
3385,3196,366,377,3,Additional storage,addon,1,129.00,129.00
3386,3197,366,377,3,Business plan · 29 seats,subscription,29,99.00,2871.00
3387,3198,366,377,3,Business plan · 29 seats,subscription,29,99.00,2871.00
3388,3199,366,377,3,Business plan · 29 seats,subscription,29,99.00,2871.00
3389,3200,366,377,3,Business plan · 29 seats,subscription,29,99.00,2871.00
3390,3201,366,377,3,Business plan · 29 seats,subscription,29,99.00,2871.00
3391,3202,366,377,3,Business plan · 29 seats,subscription,29,99.00,2871.00
3392,3203,366,377,3,Business plan · 29 seats,subscription,29,99.00,2871.00
3393,3204,366,377,3,Business plan · 29 seats,subscription,29,99.00,2871.00
3394,3205,366,377,3,Business plan · 29 seats,subscription,29,99.00,2871.00
3395,3206,366,377,3,Business plan · 29 seats,subscription,29,99.00,2871.00
3396,3207,366,377,3,Business plan · 29 seats,subscription,29,99.00,2871.00
3397,3208,366,377,3,Business plan · 29 seats,subscription,29,99.00,2871.00
3398,3209,366,377,3,Business plan · 29 seats,subscription,29,99.00,2871.00
3399,3210,366,377,3,Business plan · 29 seats,subscription,29,99.00,2871.00
3400,3211,366,377,3,Business plan · 29 seats,subscription,29,99.00,2871.00
3401,3212,366,377,3,Business plan · 29 seats,subscription,29,99.00,2871.00
3402,3213,366,377,3,Business plan · 29 seats,subscription,29,99.00,2871.00
3403,3213,366,377,3,Additional storage,addon,1,129.00,129.00
3404,3214,366,377,3,Business plan · 29 seats,subscription,29,99.00,2871.00
3405,3214,366,377,3,Additional storage,addon,1,49.00,49.00
3406,3215,366,377,3,Business plan · 33 seats,subscription,33,99.00,3267.00
3407,3216,366,377,3,Business plan · 33 seats,subscription,33,99.00,3267.00
3408,3217,367,378,1,Starter plan · 10 seats,subscription,10,29.00,290.00
3409,3218,367,378,1,Starter plan · 10 seats,subscription,10,29.00,290.00
3410,3219,367,378,1,Starter plan · 10 seats,subscription,10,29.00,290.00
3411,3220,367,378,1,Starter plan · 10 seats,subscription,10,29.00,290.00
3412,3221,368,379,3,Business plan · 22 seats,subscription,22,99.00,2178.00
3413,3222,368,379,3,Business plan · 23 seats,subscription,23,99.00,2277.00
3414,3223,368,379,3,Business plan · 23 seats,subscription,23,99.00,2277.00
3415,3224,368,379,3,Business plan · 23 seats,subscription,23,99.00,2277.00
3416,3225,368,379,3,Business plan · 23 seats,subscription,23,99.00,2277.00
3417,3226,368,379,3,Business plan · 23 seats,subscription,23,99.00,2277.00
3418,3227,368,379,3,Business plan · 23 seats,subscription,23,99.00,2277.00
3419,3227,368,379,3,Additional storage,addon,1,49.00,49.00
3420,3228,368,379,3,Business plan · 23 seats,subscription,23,99.00,2277.00
3421,3229,368,379,3,Business plan · 23 seats,subscription,23,99.00,2277.00
3422,3230,368,379,3,Business plan · 23 seats,subscription,23,99.00,2277.00
3423,3231,368,379,3,Business plan · 23 seats,subscription,23,99.00,2277.00
3424,3232,368,379,3,Business plan · 23 seats,subscription,23,99.00,2277.00
3425,3233,368,379,3,Business plan · 23 seats,subscription,23,99.00,2277.00
3426,3234,368,379,3,Business plan · 23 seats,subscription,23,99.00,2277.00
3427,3235,368,379,3,Business plan · 23 seats,subscription,23,99.00,2277.00
3428,3236,368,379,3,Business plan · 23 seats,subscription,23,99.00,2277.00
3429,3237,368,379,3,Business plan · 23 seats,subscription,23,99.00,2277.00
3430,3238,368,379,3,Business plan · 23 seats,subscription,23,99.00,2277.00
3431,3239,368,379,3,Business plan · 24 seats,subscription,24,99.00,2376.00
3432,3240,368,379,3,Business plan · 24 seats,subscription,24,99.00,2376.00
3433,3241,368,379,3,Business plan · 24 seats,subscription,24,99.00,2376.00
3434,3242,368,379,3,Business plan · 24 seats,subscription,24,99.00,2376.00
3435,3243,368,379,3,Business plan · 24 seats,subscription,24,99.00,2376.00
3436,3244,368,379,3,Business plan · 24 seats,subscription,24,99.00,2376.00
3437,3245,368,379,3,Business plan · 24 seats,subscription,24,99.00,2376.00
3438,3246,368,379,3,Business plan · 24 seats,subscription,24,99.00,2376.00
3439,3247,368,379,3,Business plan · 24 seats,subscription,24,99.00,2376.00
3440,3248,368,379,3,Business plan · 24 seats,subscription,24,99.00,2376.00
3441,3248,368,379,3,Additional storage,addon,1,129.00,129.00
3442,3249,368,379,3,Business plan · 24 seats,subscription,24,99.00,2376.00
3443,3250,368,379,3,Business plan · 24 seats,subscription,24,99.00,2376.00
3444,3251,368,379,3,Business plan · 24 seats,subscription,24,99.00,2376.00
3445,3251,368,379,3,Additional storage,addon,1,49.00,49.00
3446,3252,368,379,3,Business plan · 24 seats,subscription,24,99.00,2376.00
3447,3253,369,380,2,Team annual · 21 seats,subscription,21,590.00,12390.00
3448,3254,369,381,2,Team annual · 13 seats,subscription,13,590.00,7670.04
3449,3255,369,381,2,Team annual · 14 seats,subscription,14,590.00,8259.96
3450,3256,369,381,2,Team annual · 14 seats,subscription,14,590.00,8259.96
3451,3257,370,382,2,Team plan · 11 seats,subscription,11,59.00,649.00
3452,3258,370,382,2,Team plan · 11 seats,subscription,11,59.00,649.00
3453,3259,370,382,2,Team plan · 11 seats,subscription,11,59.00,649.00
3454,3260,371,383,4,Enterprise annual · 15 seats,subscription,15,1490.00,22350.00
3455,3261,371,383,4,Enterprise annual · 17 seats,subscription,17,1490.00,25329.96
3456,3262,372,384,4,Enterprise annual · 125 seats,subscription,125,1490.00,186249.96
3457,3263,373,385,1,Starter plan · 10 seats,subscription,10,29.00,290.00
3458,3264,373,385,1,Starter plan · 10 seats,subscription,10,29.00,290.00
3459,3265,373,385,1,Starter plan · 10 seats,subscription,10,29.00,290.00
3460,3266,373,385,1,Starter plan · 10 seats,subscription,10,29.00,290.00
3461,3267,373,385,1,Starter plan · 10 seats,subscription,10,29.00,290.00
3462,3268,374,386,3,Business annual · 17 seats,subscription,17,990.00,16830.00
3463,3268,374,386,3,Implementation and onboarding,one_time,1,4000.00,4000.00
3464,3269,375,387,1,Starter plan · 10 seats,subscription,10,29.00,290.00
3465,3270,375,387,1,Starter plan · 10 seats,subscription,10,29.00,290.00
3466,3271,375,387,1,Starter plan · 10 seats,subscription,10,29.00,290.00
3467,3272,375,387,1,Starter plan · 10 seats,subscription,10,29.00,290.00
3468,3273,375,387,1,Starter plan · 10 seats,subscription,10,29.00,290.00
3469,3274,375,387,1,Starter plan · 10 seats,subscription,10,29.00,290.00
3470,3275,375,387,1,Starter plan · 10 seats,subscription,10,29.00,290.00
3471,3276,375,387,1,Starter plan · 10 seats,subscription,10,29.00,290.00
3472,3277,375,387,1,Starter plan · 10 seats,subscription,10,29.00,290.00
3473,3278,375,387,1,Starter plan · 10 seats,subscription,10,29.00,290.00
3474,3279,375,387,1,Starter plan · 10 seats,subscription,10,29.00,290.00
3475,3280,375,387,1,Starter plan · 10 seats,subscription,10,29.00,290.00
3476,3281,375,387,1,Starter plan · 10 seats,subscription,10,29.00,290.00
3477,3282,375,387,1,Starter plan · 10 seats,subscription,10,29.00,290.00
3478,3283,376,388,1,Starter plan · 8 seats,subscription,8,29.00,232.00
3479,3284,376,388,1,Starter plan · 8 seats,subscription,8,29.00,232.00
3480,3285,376,388,1,Starter plan · 8 seats,subscription,8,29.00,232.00
3481,3286,376,388,1,Starter plan · 8 seats,subscription,8,29.00,232.00
3482,3287,376,388,1,Starter plan · 8 seats,subscription,8,29.00,232.00
3483,3288,376,388,1,Starter plan · 8 seats,subscription,8,29.00,232.00
3484,3289,376,388,2,Team plan · 8 seats,subscription,8,59.00,472.00
3485,3290,376,388,2,Team plan · 8 seats,subscription,8,59.00,472.00
3486,3291,376,388,2,Team plan · 8 seats,subscription,8,59.00,472.00
3487,3292,376,388,2,Team plan · 8 seats,subscription,8,59.00,472.00
3488,3293,376,388,2,Team plan · 8 seats,subscription,8,59.00,472.00
3489,3294,377,389,3,Business annual · 12 seats,subscription,12,990.00,11880.00
3490,3295,377,389,4,Enterprise annual · 12 seats,subscription,12,1490.00,17880.00
3491,3296,377,389,4,Enterprise annual · 10 seats,subscription,10,1490.00,14900.04
3492,3297,377,389,4,Enterprise annual · 11 seats,subscription,11,1490.00,16389.96
3493,3298,378,390,1,Starter plan · 6 seats,subscription,6,29.00,174.00
3494,3299,378,390,1,Starter plan · 6 seats,subscription,6,29.00,174.00
3495,3300,379,391,2,Team annual · 50 seats,subscription,50,590.00,29499.96
3496,3301,379,391,2,Team annual · 50 seats,subscription,50,590.00,29499.96
3497,3302,379,391,2,Team annual · 50 seats,subscription,50,590.00,29499.96
3498,3303,380,392,1,Starter plan · 4 seats,subscription,4,29.00,116.00
3499,3304,380,392,1,Starter plan · 4 seats,subscription,4,29.00,116.00
3500,3305,381,393,1,Starter plan · 10 seats,subscription,10,29.00,290.00
3501,3306,381,393,1,Starter plan · 10 seats,subscription,10,29.00,290.00
3502,3307,381,393,1,Starter plan · 10 seats,subscription,10,29.00,290.00
3503,3308,381,393,1,Starter plan · 10 seats,subscription,10,29.00,290.00
3504,3309,382,394,3,Business annual · 15 seats,subscription,15,990.00,14850.00
3505,3310,382,394,3,Business annual · 15 seats,subscription,15,990.00,14850.00
3506,3311,382,394,2,Team annual · 15 seats,subscription,15,590.00,8850.00
3507,3312,382,394,2,Team annual · 16 seats,subscription,16,590.00,9440.04
3508,3313,382,394,2,Team annual · 16 seats,subscription,16,590.00,9440.04
3509,3314,383,395,4,Enterprise annual · 30 seats,subscription,30,1490.00,44700.00
3510,3314,383,395,4,Implementation and onboarding,one_time,1,7500.00,7500.00
3511,3315,384,396,3,Business annual · 30 seats,subscription,30,990.00,29700.00
3512,3316,384,397,3,Business plan · 27 seats,subscription,27,99.00,2673.00
3513,3316,384,397,3,Additional storage,addon,1,129.00,129.00
3514,3317,384,397,3,Business plan · 27 seats,subscription,27,99.00,2673.00
3515,3318,384,397,3,Business plan · 27 seats,subscription,27,99.00,2673.00
3516,3319,384,397,3,Business plan · 27 seats,subscription,27,99.00,2673.00
3517,3319,384,397,3,Additional storage,addon,1,79.00,79.00
3518,3320,384,397,3,Business plan · 27 seats,subscription,27,99.00,2673.00
3519,3321,384,397,3,Business plan · 27 seats,subscription,27,99.00,2673.00
3520,3322,384,397,3,Business plan · 27 seats,subscription,27,99.00,2673.00
3521,3323,384,397,3,Business plan · 27 seats,subscription,27,99.00,2673.00
3522,3324,384,397,3,Business plan · 27 seats,subscription,27,99.00,2673.00
3523,3325,384,397,3,Business plan · 27 seats,subscription,27,99.00,2673.00
3524,3326,385,398,2,Team plan · 7 seats,subscription,7,59.00,413.00
3525,3327,385,398,2,Team plan · 7 seats,subscription,7,59.00,413.00
3526,3328,385,398,2,Team plan · 7 seats,subscription,7,59.00,413.00
3527,3329,385,398,2,Team plan · 7 seats,subscription,7,59.00,413.00
3528,3330,385,398,2,Team plan · 7 seats,subscription,7,59.00,413.00
3529,3331,385,398,2,Team plan · 7 seats,subscription,7,59.00,413.00
3530,3332,385,398,2,Team plan · 7 seats,subscription,7,59.00,413.00
3531,3333,385,398,2,Team plan · 7 seats,subscription,7,59.00,413.00
3532,3334,385,398,2,Team plan · 7 seats,subscription,7,59.00,413.00
3533,3335,385,398,2,Team plan · 7 seats,subscription,7,59.00,413.00
3534,3336,385,398,2,Team plan · 7 seats,subscription,7,59.00,413.00
3535,3337,385,398,2,Team plan · 7 seats,subscription,7,59.00,413.00
3536,3338,385,398,2,Team plan · 7 seats,subscription,7,59.00,413.00
3537,3339,385,398,2,Team plan · 7 seats,subscription,7,59.00,413.00
3538,3340,385,398,2,Team plan · 8 seats,subscription,8,59.00,472.00
3539,3341,385,398,2,Team plan · 8 seats,subscription,8,59.00,472.00
3540,3342,385,398,2,Team plan · 8 seats,subscription,8,59.00,472.00
3541,3343,385,398,2,Team plan · 8 seats,subscription,8,59.00,472.00
3542,3344,385,398,2,Team plan · 8 seats,subscription,8,59.00,472.00
3543,3345,385,398,2,Team plan · 8 seats,subscription,8,59.00,472.00
3544,3346,385,398,2,Team plan · 8 seats,subscription,8,59.00,472.00
3545,3347,385,398,2,Team plan · 8 seats,subscription,8,59.00,472.00
3546,3348,385,398,2,Team plan · 8 seats,subscription,8,59.00,472.00
3547,3349,385,398,2,Team plan · 8 seats,subscription,8,59.00,472.00
3548,3350,386,399,3,Business annual · 15 seats,subscription,15,990.00,14850.00
3549,3351,387,400,3,Business annual · 20 seats,subscription,20,990.00,19800.00
3550,3352,388,401,2,Team annual · 11 seats,subscription,11,590.00,6489.96
3551,3353,388,401,2,Team annual · 11 seats,subscription,11,590.00,6489.96
3552,3354,389,402,1,Starter plan · 10 seats,subscription,10,29.00,290.00
3553,3355,389,402,2,Team plan · 10 seats,subscription,10,59.00,590.00
3554,3356,389,402,3,Business plan · 10 seats,subscription,10,99.00,990.00
3555,3357,389,402,3,Business plan · 10 seats,subscription,10,99.00,990.00
3556,3358,389,402,3,Business plan · 10 seats,subscription,10,99.00,990.00
3557,3359,389,402,3,Business plan · 10 seats,subscription,10,99.00,990.00
3558,3360,389,402,3,Business plan · 10 seats,subscription,10,99.00,990.00
3559,3360,389,402,3,Additional storage,addon,1,79.00,79.00
3560,3361,389,402,3,Business plan · 10 seats,subscription,10,99.00,990.00
3561,3362,389,402,3,Business plan · 10 seats,subscription,10,99.00,990.00
3562,3362,389,402,3,Additional storage,addon,1,129.00,129.00
3563,3363,389,402,3,Business plan · 11 seats,subscription,11,99.00,1089.00
3564,3363,389,402,3,Additional storage,addon,1,79.00,79.00
3565,3364,389,402,3,Business plan · 11 seats,subscription,11,99.00,1089.00
3566,3365,389,402,3,Business plan · 11 seats,subscription,11,99.00,1089.00
3567,3366,389,402,3,Business plan · 11 seats,subscription,11,99.00,1089.00
3568,3367,389,402,3,Business plan · 11 seats,subscription,11,99.00,1089.00
3569,3368,389,402,3,Business plan · 11 seats,subscription,11,99.00,1089.00
3570,3369,390,403,2,Team plan · 10 seats,subscription,10,59.00,590.00
3571,3370,390,403,2,Team plan · 10 seats,subscription,10,59.00,590.00
3572,3371,390,403,2,Team plan · 10 seats,subscription,10,59.00,590.00
3573,3372,390,403,2,Team plan · 10 seats,subscription,10,59.00,590.00
3574,3373,390,403,2,Team plan · 10 seats,subscription,10,59.00,590.00
3575,3374,390,403,2,Team plan · 10 seats,subscription,10,59.00,590.00
3576,3375,390,403,2,Team plan · 10 seats,subscription,10,59.00,590.00
3577,3376,390,403,2,Team plan · 10 seats,subscription,10,59.00,590.00
3578,3377,390,403,2,Team plan · 10 seats,subscription,10,59.00,590.00
3579,3378,390,403,2,Team plan · 10 seats,subscription,10,59.00,590.00
3580,3379,390,403,2,Team plan · 10 seats,subscription,10,59.00,590.00
3581,3380,390,403,2,Team plan · 10 seats,subscription,10,59.00,590.00
3582,3381,390,403,2,Team plan · 10 seats,subscription,10,59.00,590.00
3583,3382,390,403,2,Team plan · 10 seats,subscription,10,59.00,590.00
3584,3383,390,403,2,Team plan · 10 seats,subscription,10,59.00,590.00
3585,3384,390,403,2,Team plan · 10 seats,subscription,10,59.00,590.00
3586,3385,390,403,2,Team plan · 10 seats,subscription,10,59.00,590.00
3587,3386,390,403,2,Team plan · 10 seats,subscription,10,59.00,590.00
3588,3387,390,403,2,Team plan · 10 seats,subscription,10,59.00,590.00
3589,3388,390,403,2,Team plan · 10 seats,subscription,10,59.00,590.00
3590,3389,390,403,2,Team plan · 10 seats,subscription,10,59.00,590.00
3591,3390,390,403,2,Team plan · 10 seats,subscription,10,59.00,590.00
3592,3391,390,403,2,Team plan · 10 seats,subscription,10,59.00,590.00
3593,3392,391,404,2,Team annual · 6 seats,subscription,6,590.00,3540.00
3594,3393,392,405,4,Enterprise annual · 259 seats,subscription,259,1490.00,385910.04
3595,3393,392,405,4,Implementation and onboarding,one_time,1,1500.00,1500.00
3596,3394,393,406,3,Business plan · 37 seats,subscription,37,99.00,3663.00
3597,3395,393,406,3,Business plan · 37 seats,subscription,37,99.00,3663.00
3598,3396,393,406,3,Business plan · 37 seats,subscription,37,99.00,3663.00
3599,3397,393,406,3,Business plan · 37 seats,subscription,37,99.00,3663.00
3600,3397,393,406,3,Additional storage,addon,1,49.00,49.00
3601,3398,394,407,3,Business annual · 332 seats,subscription,332,1188.00,394416.00
3602,3398,394,407,3,Implementation and onboarding,one_time,1,1500.00,1500.00
3603,3399,394,407,3,Business annual · 332 seats,subscription,332,1188.00,394416.00
3604,3400,394,407,3,Business annual · 386 seats,subscription,386,1188.00,458568.00
3605,3401,395,408,3,Business annual · 38 seats,subscription,38,990.00,37620.00
3606,3401,395,408,3,Implementation and onboarding,one_time,1,4000.00,4000.00
3607,3402,396,409,2,Team plan · 2 seats,subscription,2,59.00,118.00
3608,3403,396,409,2,Team plan · 2 seats,subscription,2,59.00,118.00
3609,3404,396,409,2,Team plan · 2 seats,subscription,2,59.00,118.00
3610,3405,396,409,2,Team plan · 2 seats,subscription,2,59.00,118.00
3611,3406,396,409,2,Team plan · 2 seats,subscription,2,59.00,118.00
3612,3407,396,409,2,Team plan · 2 seats,subscription,2,59.00,118.00
3613,3408,396,409,3,Business plan · 2 seats,subscription,2,99.00,198.00
3614,3409,396,409,3,Business plan · 2 seats,subscription,2,99.00,198.00
3615,3410,396,409,3,Business plan · 2 seats,subscription,2,99.00,198.00
3616,3411,396,409,3,Business plan · 2 seats,subscription,2,99.00,198.00
3617,3412,396,409,3,Business plan · 2 seats,subscription,2,99.00,198.00
3618,3413,396,409,3,Business plan · 2 seats,subscription,2,99.00,198.00
3619,3414,396,409,3,Business plan · 2 seats,subscription,2,99.00,198.00
3620,3415,396,409,3,Business plan · 2 seats,subscription,2,99.00,198.00
3621,3415,396,409,3,Additional storage,addon,1,79.00,79.00
3622,3416,396,409,3,Business plan · 2 seats,subscription,2,99.00,198.00
3623,3417,396,409,3,Business plan · 2 seats,subscription,2,99.00,198.00
3624,3418,396,409,3,Business plan · 2 seats,subscription,2,99.00,198.00
3625,3419,396,409,3,Business plan · 2 seats,subscription,2,99.00,198.00
3626,3419,396,409,3,Additional storage,addon,1,49.00,49.00
3627,3420,396,409,3,Business plan · 2 seats,subscription,2,99.00,198.00
3628,3421,397,410,4,Enterprise annual · 155 seats,subscription,155,1490.00,230949.96
3629,3421,397,410,4,Implementation and onboarding,one_time,1,2500.00,2500.00
3630,3422,398,411,1,Starter plan · 4 seats,subscription,4,29.00,116.00
3631,3423,398,411,1,Starter plan · 4 seats,subscription,4,29.00,116.00
3632,3424,398,411,1,Starter plan · 4 seats,subscription,4,29.00,116.00
3633,3425,398,411,1,Starter plan · 4 seats,subscription,4,29.00,116.00
3634,3426,398,411,1,Starter plan · 4 seats,subscription,4,29.00,116.00
3635,3427,398,411,1,Starter plan · 4 seats,subscription,4,29.00,116.00
3636,3428,398,411,1,Starter plan · 4 seats,subscription,4,29.00,116.00
3637,3429,398,411,1,Starter plan · 4 seats,subscription,4,29.00,116.00
3638,3430,398,411,1,Starter plan · 4 seats,subscription,4,29.00,116.00
3639,3431,398,411,1,Starter plan · 4 seats,subscription,4,29.00,116.00
3640,3432,398,411,1,Starter plan · 4 seats,subscription,4,29.00,116.00
3641,3433,398,411,1,Starter plan · 4 seats,subscription,4,29.00,116.00
3642,3434,398,411,1,Starter plan · 4 seats,subscription,4,29.00,116.00
3643,3435,398,411,2,Team plan · 4 seats,subscription,4,59.00,236.00
3644,3436,398,411,2,Team plan · 4 seats,subscription,4,59.00,236.00
3645,3437,398,411,2,Team plan · 4 seats,subscription,4,59.00,236.00
3646,3438,398,411,2,Team plan · 4 seats,subscription,4,59.00,236.00
3647,3439,398,411,2,Team plan · 4 seats,subscription,4,59.00,236.00
3648,3440,398,411,2,Team plan · 4 seats,subscription,4,59.00,236.00
3649,3441,398,411,2,Team plan · 4 seats,subscription,4,59.00,236.00
3650,3442,398,411,2,Team plan · 4 seats,subscription,4,59.00,236.00
3651,3443,398,411,2,Team plan · 4 seats,subscription,4,59.00,236.00
3652,3444,398,411,2,Team plan · 4 seats,subscription,4,59.00,236.00
3653,3445,398,411,2,Team plan · 4 seats,subscription,4,59.00,236.00
3654,3446,398,411,2,Team plan · 4 seats,subscription,4,59.00,236.00
3655,3447,399,412,2,Team annual · 3 seats,subscription,3,590.00,1770.00
3656,3448,400,413,3,Business annual · 395 seats,subscription,395,990.00,391050.00
3657,3448,400,413,3,Implementation and onboarding,one_time,1,1500.00,1500.00
3658,3449,401,414,2,Team plan · 11 seats,subscription,11,59.00,649.00
3659,3450,401,414,2,Team plan · 11 seats,subscription,11,59.00,649.00
3660,3451,401,414,2,Team plan · 11 seats,subscription,11,59.00,649.00
3661,3452,401,414,2,Team plan · 11 seats,subscription,11,59.00,649.00
3662,3453,401,414,2,Team plan · 11 seats,subscription,11,59.00,649.00
3663,3454,401,414,3,Business plan · 11 seats,subscription,11,99.00,1089.00
3664,3454,401,414,3,Additional storage,addon,1,79.00,79.00
3665,3455,401,414,3,Business plan · 11 seats,subscription,11,99.00,1089.00
3666,3456,401,414,3,Business plan · 11 seats,subscription,11,99.00,1089.00
3667,3457,401,414,3,Business plan · 11 seats,subscription,11,99.00,1089.00
3668,3458,401,414,3,Business plan · 11 seats,subscription,11,99.00,1089.00
3669,3459,401,414,3,Business plan · 11 seats,subscription,11,99.00,1089.00
3670,3460,401,414,3,Business plan · 13 seats,subscription,13,99.00,1287.00
3671,3460,401,414,3,Additional storage,addon,1,79.00,79.00
3672,3461,401,414,3,Business plan · 13 seats,subscription,13,99.00,1287.00
3673,3462,401,414,3,Business plan · 13 seats,subscription,13,99.00,1287.00
3674,3463,401,414,3,Business plan · 13 seats,subscription,13,99.00,1287.00
3675,3464,401,414,3,Business plan · 13 seats,subscription,13,99.00,1287.00
3676,3464,401,414,3,Additional storage,addon,1,49.00,49.00
3677,3465,401,414,3,Business plan · 13 seats,subscription,13,99.00,1287.00
3678,3466,401,414,3,Business plan · 13 seats,subscription,13,99.00,1287.00
3679,3467,401,414,3,Business plan · 13 seats,subscription,13,99.00,1287.00
3680,3468,401,414,3,Business plan · 13 seats,subscription,13,99.00,1287.00
3681,3469,401,414,3,Business plan · 13 seats,subscription,13,99.00,1287.00
3682,3470,401,414,3,Business plan · 13 seats,subscription,13,99.00,1287.00
3683,3471,401,414,3,Business plan · 14 seats,subscription,14,99.00,1386.00
3684,3472,401,414,3,Business plan · 14 seats,subscription,14,99.00,1386.00
3685,3473,401,414,3,Business plan · 14 seats,subscription,14,99.00,1386.00
3686,3473,401,414,3,Additional storage,addon,1,129.00,129.00
3687,3474,401,414,3,Business plan · 14 seats,subscription,14,99.00,1386.00
3688,3474,401,414,3,Additional storage,addon,1,49.00,49.00
3689,3475,401,414,3,Business plan · 14 seats,subscription,14,99.00,1386.00
3690,3475,401,414,3,Additional storage,addon,1,49.00,49.00
3691,3476,402,415,1,Starter plan · 10 seats,subscription,10,29.00,290.00
3692,3477,402,415,1,Starter plan · 10 seats,subscription,10,29.00,290.00
3693,3478,402,415,1,Starter plan · 10 seats,subscription,10,29.00,290.00
3694,3479,402,415,1,Starter plan · 10 seats,subscription,10,29.00,290.00
3695,3480,402,415,1,Starter plan · 10 seats,subscription,10,29.00,290.00
3696,3481,402,415,1,Starter plan · 10 seats,subscription,10,29.00,290.00
3697,3482,402,415,1,Starter plan · 10 seats,subscription,10,29.00,290.00
3698,3483,402,415,1,Starter plan · 10 seats,subscription,10,29.00,290.00
3699,3484,402,415,1,Starter plan · 10 seats,subscription,10,29.00,290.00
3700,3485,402,415,1,Starter plan · 10 seats,subscription,10,29.00,290.00
3701,3486,402,415,1,Starter plan · 10 seats,subscription,10,29.00,290.00
3702,3487,402,415,1,Starter plan · 10 seats,subscription,10,29.00,290.00
3703,3488,402,415,1,Starter plan · 10 seats,subscription,10,29.00,290.00
3704,3489,402,415,1,Starter plan · 9 seats,subscription,9,29.00,261.00
3705,3490,402,415,1,Starter plan · 9 seats,subscription,9,29.00,261.00
3706,3491,403,416,4,Enterprise annual · 177 seats,subscription,177,1490.00,263730.00
3707,3491,403,416,4,Implementation and onboarding,one_time,1,7500.00,7500.00
3708,3492,404,417,2,Team annual · 18 seats,subscription,18,590.00,10620.00
3709,3493,405,418,1,Starter plan · 5 seats,subscription,5,29.00,145.00
3710,3494,405,418,1,Starter plan · 5 seats,subscription,5,29.00,145.00
3711,3495,405,418,1,Starter plan · 5 seats,subscription,5,29.00,145.00
3712,3496,405,418,1,Starter plan · 5 seats,subscription,5,29.00,145.00
3713,3497,405,418,1,Starter plan · 5 seats,subscription,5,29.00,145.00
3714,3498,405,418,1,Starter plan · 5 seats,subscription,5,29.00,145.00
3715,3499,405,418,2,Team plan · 5 seats,subscription,5,59.00,295.00
3716,3500,405,418,2,Team plan · 5 seats,subscription,5,59.00,295.00
3717,3501,405,418,2,Team plan · 5 seats,subscription,5,59.00,295.00
3718,3502,405,418,3,Business plan · 5 seats,subscription,5,99.00,495.00
3719,3503,405,418,3,Business plan · 5 seats,subscription,5,99.00,495.00
3720,3503,405,418,3,Additional storage,addon,1,129.00,129.00
3721,3504,405,418,3,Business plan · 5 seats,subscription,5,99.00,495.00
3722,3504,405,418,3,Additional storage,addon,1,49.00,49.00
3723,3505,405,418,3,Business plan · 5 seats,subscription,5,99.00,495.00
3724,3506,405,418,3,Business plan · 5 seats,subscription,5,99.00,495.00
3725,3507,405,418,3,Business plan · 5 seats,subscription,5,99.00,495.00
3726,3508,405,418,3,Business plan · 5 seats,subscription,5,99.00,495.00
3727,3508,405,418,3,Additional storage,addon,1,129.00,129.00
3728,3509,405,418,3,Business plan · 5 seats,subscription,5,99.00,495.00
3729,3510,405,418,3,Business plan · 5 seats,subscription,5,99.00,495.00
3730,3510,405,418,3,Additional storage,addon,1,49.00,49.00
3731,3511,405,418,3,Business plan · 5 seats,subscription,5,99.00,495.00
3732,3512,406,419,2,Team plan · 7 seats,subscription,7,59.00,413.00
3733,3513,406,419,2,Team plan · 7 seats,subscription,7,59.00,413.00
3734,3514,406,419,2,Team plan · 7 seats,subscription,7,59.00,413.00
3735,3515,406,419,2,Team plan · 7 seats,subscription,7,59.00,413.00
3736,3516,406,419,2,Team plan · 7 seats,subscription,7,59.00,413.00
3737,3517,406,419,2,Team plan · 7 seats,subscription,7,59.00,413.00
3738,3518,406,419,2,Team plan · 7 seats,subscription,7,59.00,413.00
3739,3519,406,419,2,Team plan · 7 seats,subscription,7,59.00,413.00
3740,3520,406,419,2,Team plan · 7 seats,subscription,7,59.00,413.00
3741,3521,406,419,2,Team plan · 7 seats,subscription,7,59.00,413.00
3742,3522,406,419,2,Team plan · 7 seats,subscription,7,59.00,413.00
3743,3523,406,419,2,Team plan · 7 seats,subscription,7,59.00,413.00
3744,3524,406,419,2,Team plan · 7 seats,subscription,7,59.00,413.00
3745,3525,406,419,2,Team plan · 7 seats,subscription,7,59.00,413.00
3746,3526,406,419,2,Team plan · 7 seats,subscription,7,59.00,413.00
3747,3527,406,419,2,Team plan · 7 seats,subscription,7,59.00,413.00
3748,3528,406,419,2,Team plan · 7 seats,subscription,7,59.00,413.00
3749,3529,406,419,2,Team plan · 7 seats,subscription,7,59.00,413.00
3750,3530,406,419,2,Team plan · 7 seats,subscription,7,59.00,413.00
3751,3531,406,419,2,Team plan · 7 seats,subscription,7,59.00,413.00
3752,3532,406,419,2,Team plan · 7 seats,subscription,7,59.00,413.00
3753,3533,406,419,2,Team plan · 7 seats,subscription,7,59.00,413.00
3754,3534,406,419,2,Team plan · 7 seats,subscription,7,59.00,413.00
3755,3535,406,419,2,Team plan · 7 seats,subscription,7,59.00,413.00
3756,3536,406,419,2,Team plan · 7 seats,subscription,7,59.00,413.00
3757,3537,406,419,2,Team plan · 7 seats,subscription,7,59.00,413.00
3758,3538,406,419,2,Team plan · 7 seats,subscription,7,59.00,413.00
3759,3539,406,419,2,Team plan · 7 seats,subscription,7,59.00,413.00
3760,3540,406,419,2,Team plan · 7 seats,subscription,7,59.00,413.00
3761,3541,406,419,2,Team plan · 7 seats,subscription,7,59.00,413.00
3762,3542,406,419,2,Team plan · 7 seats,subscription,7,59.00,413.00
3763,3543,407,420,2,Team annual · 31 seats,subscription,31,590.00,18290.04
3764,3544,407,420,2,Team annual · 38 seats,subscription,38,590.00,22419.96
3765,3545,407,420,2,Team annual · 37 seats,subscription,37,590.00,21830.04
3766,3546,407,420,2,Team annual · 50 seats,subscription,50,590.00,29499.96
3767,3547,408,421,2,Team plan · 4 seats,subscription,4,59.00,236.00
3768,3548,408,421,2,Team plan · 4 seats,subscription,4,59.00,236.00
3769,3549,408,421,2,Team plan · 4 seats,subscription,4,59.00,236.00
3770,3550,408,421,2,Team plan · 4 seats,subscription,4,59.00,236.00
3771,3551,408,421,2,Team plan · 4 seats,subscription,4,59.00,236.00
3772,3552,409,422,2,Team annual · 25 seats,subscription,25,590.00,14750.04
3773,3553,409,422,2,Team annual · 50 seats,subscription,50,590.00,29499.96
3774,3554,410,423,3,Business annual · 28 seats,subscription,28,990.00,27720.00
3775,3554,410,423,3,Implementation and onboarding,one_time,1,7500.00,7500.00
3776,3555,410,423,2,Team annual · 28 seats,subscription,28,590.00,16520.04
3777,3556,411,424,3,Business plan · 47 seats,subscription,47,99.00,4653.00
3778,3557,411,424,3,Business plan · 47 seats,subscription,47,99.00,4653.00
3779,3558,411,424,2,Team plan · 47 seats,subscription,47,59.00,2773.00
3780,3559,411,424,2,Team plan · 47 seats,subscription,47,59.00,2773.00
3781,3560,411,424,2,Team plan · 50 seats,subscription,50,59.00,2950.00
3782,3561,411,424,2,Team plan · 50 seats,subscription,50,59.00,2950.00
3783,3562,412,425,1,Starter plan · 10 seats,subscription,10,29.00,290.00
3784,3563,412,425,1,Starter plan · 10 seats,subscription,10,29.00,290.00
3785,3564,412,425,1,Starter plan · 10 seats,subscription,10,29.00,290.00
3786,3565,412,425,1,Starter plan · 10 seats,subscription,10,29.00,290.00
3787,3566,412,425,1,Starter plan · 10 seats,subscription,10,29.00,290.00
3788,3567,412,425,1,Starter plan · 10 seats,subscription,10,29.00,290.00
3789,3568,412,425,1,Starter plan · 10 seats,subscription,10,29.00,290.00
3790,3569,412,425,1,Starter plan · 10 seats,subscription,10,29.00,290.00
3791,3570,412,425,1,Starter plan · 10 seats,subscription,10,29.00,290.00
3792,3571,412,425,1,Starter plan · 10 seats,subscription,10,29.00,290.00
3793,3572,412,425,1,Starter plan · 10 seats,subscription,10,29.00,290.00
3794,3573,412,425,1,Starter plan · 10 seats,subscription,10,29.00,290.00
3795,3574,412,425,1,Starter plan · 10 seats,subscription,10,29.00,290.00
3796,3575,412,425,1,Starter plan · 10 seats,subscription,10,29.00,290.00
3797,3576,412,425,2,Team plan · 10 seats,subscription,10,59.00,590.00
3798,3577,412,425,2,Team plan · 10 seats,subscription,10,59.00,590.00
3799,3578,412,425,2,Team plan · 10 seats,subscription,10,59.00,590.00
3800,3579,412,425,2,Team plan · 10 seats,subscription,10,59.00,590.00
3801,3580,412,425,2,Team plan · 10 seats,subscription,10,59.00,590.00
3802,3581,412,425,2,Team plan · 10 seats,subscription,10,59.00,590.00
3803,3582,412,425,2,Team plan · 10 seats,subscription,10,59.00,590.00
3804,3583,412,425,2,Team plan · 10 seats,subscription,10,59.00,590.00
3805,3584,412,425,2,Team plan · 11 seats,subscription,11,59.00,649.00
3806,3585,412,425,2,Team plan · 11 seats,subscription,11,59.00,649.00
3807,3586,412,425,2,Team plan · 11 seats,subscription,11,59.00,649.00
3808,3587,412,425,2,Team plan · 11 seats,subscription,11,59.00,649.00
3809,3588,412,425,2,Team plan · 11 seats,subscription,11,59.00,649.00
3810,3589,412,425,2,Team plan · 11 seats,subscription,11,59.00,649.00
3811,3590,412,425,2,Team plan · 11 seats,subscription,11,59.00,649.00
3812,3591,412,425,2,Team plan · 11 seats,subscription,11,59.00,649.00
3813,3592,412,425,2,Team plan · 11 seats,subscription,11,59.00,649.00
3814,3593,412,425,2,Team plan · 11 seats,subscription,11,59.00,649.00
3815,3594,412,425,2,Team plan · 11 seats,subscription,11,59.00,649.00
3816,3595,412,425,2,Team plan · 11 seats,subscription,11,59.00,649.00
3817,3596,412,425,2,Team plan · 11 seats,subscription,11,59.00,649.00
3818,3597,412,425,2,Team plan · 11 seats,subscription,11,59.00,649.00
3819,3598,412,425,2,Team plan · 11 seats,subscription,11,59.00,649.00
3820,3599,412,425,2,Team plan · 11 seats,subscription,11,59.00,649.00
3821,3600,412,425,2,Team plan · 11 seats,subscription,11,59.00,649.00
3822,3601,412,425,2,Team plan · 11 seats,subscription,11,59.00,649.00
3823,3602,413,426,2,Team plan · 25 seats,subscription,25,59.00,1475.00
3824,3603,413,426,2,Team plan · 25 seats,subscription,25,59.00,1475.00
3825,3604,413,426,2,Team plan · 25 seats,subscription,25,59.00,1475.00
3826,3605,413,426,2,Team plan · 25 seats,subscription,25,59.00,1475.00
3827,3606,413,426,2,Team plan · 25 seats,subscription,25,59.00,1475.00
3828,3607,413,426,2,Team plan · 25 seats,subscription,25,59.00,1475.00
3829,3608,413,426,2,Team plan · 25 seats,subscription,25,59.00,1475.00
3830,3609,413,426,2,Team plan · 25 seats,subscription,25,59.00,1475.00
3831,3610,413,426,2,Team plan · 25 seats,subscription,25,59.00,1475.00
3832,3611,413,426,2,Team plan · 25 seats,subscription,25,59.00,1475.00
3833,3612,414,427,2,Team annual · 8 seats,subscription,8,590.00,4719.96
3834,3613,414,427,2,Team annual · 8 seats,subscription,8,590.00,4719.96
3835,3614,415,428,1,Starter plan · 4 seats,subscription,4,29.00,116.00
3836,3615,415,428,1,Starter plan · 4 seats,subscription,4,29.00,116.00
3837,3616,416,429,2,Team annual · 29 seats,subscription,29,590.00,17109.96
3838,3617,417,430,1,Starter plan · 2 seats,subscription,2,29.00,58.00
3839,3618,417,430,1,Starter plan · 2 seats,subscription,2,29.00,58.00
3840,3619,417,430,1,Starter plan · 2 seats,subscription,2,29.00,58.00
3841,3620,417,430,1,Starter plan · 2 seats,subscription,2,29.00,58.00
3842,3621,417,430,1,Starter plan · 2 seats,subscription,2,29.00,58.00
3843,3622,417,430,1,Starter plan · 2 seats,subscription,2,29.00,58.00
3844,3623,417,430,1,Starter plan · 2 seats,subscription,2,29.00,58.00
3845,3624,417,430,1,Starter plan · 2 seats,subscription,2,29.00,58.00
3846,3625,417,430,1,Starter plan · 2 seats,subscription,2,29.00,58.00
3847,3626,417,430,1,Starter plan · 2 seats,subscription,2,29.00,58.00
3848,3627,417,430,1,Starter plan · 2 seats,subscription,2,29.00,58.00
3849,3628,417,430,1,Starter plan · 2 seats,subscription,2,29.00,58.00
3850,3629,418,431,2,Team annual · 34 seats,subscription,34,590.00,20060.04
3851,3630,419,432,1,Starter plan · 3 seats,subscription,3,29.00,87.00
3852,3631,420,433,2,Team plan · 2 seats,subscription,2,59.00,118.00
3853,3632,420,433,2,Team plan · 2 seats,subscription,2,59.00,118.00
3854,3633,420,433,2,Team plan · 2 seats,subscription,2,59.00,118.00
3855,3634,420,433,2,Team plan · 2 seats,subscription,2,59.00,118.00
3856,3635,420,433,2,Team plan · 2 seats,subscription,2,59.00,118.00
3857,3636,420,433,2,Team plan · 2 seats,subscription,2,59.00,118.00
3858,3637,420,433,2,Team plan · 2 seats,subscription,2,59.00,118.00
3859,3638,420,433,2,Team plan · 2 seats,subscription,2,59.00,118.00
3860,3639,420,433,2,Team plan · 2 seats,subscription,2,59.00,118.00
3861,3640,420,433,2,Team plan · 2 seats,subscription,2,59.00,118.00
3862,3641,420,433,2,Team plan · 2 seats,subscription,2,59.00,118.00
3863,3642,420,433,2,Team plan · 2 seats,subscription,2,59.00,118.00
3864,3643,420,433,2,Team plan · 2 seats,subscription,2,59.00,118.00
3865,3644,420,433,2,Team plan · 2 seats,subscription,2,59.00,118.00
3866,3645,420,433,2,Team plan · 2 seats,subscription,2,59.00,118.00
3867,3646,420,433,2,Team plan · 2 seats,subscription,2,59.00,118.00
3868,3647,421,434,4,Enterprise annual · 112 seats,subscription,112,1490.00,166880.04
3869,3647,421,434,4,Implementation and onboarding,one_time,1,4000.00,4000.00
3870,3648,421,434,4,Enterprise annual · 112 seats,subscription,112,1490.00,166880.04
3871,3648,421,434,4,Customer success package,addon,1,3600.00,3600.00
3872,3649,421,434,4,Enterprise annual · 131 seats,subscription,131,1490.00,195189.96
3873,3650,421,434,4,Enterprise annual · 139 seats,subscription,139,1490.00,207110.04
3874,3651,422,435,1,Starter plan · 6 seats,subscription,6,29.00,174.00
3875,3652,422,435,1,Starter plan · 6 seats,subscription,6,29.00,174.00
3876,3653,422,435,1,Starter plan · 6 seats,subscription,6,29.00,174.00
3877,3654,422,435,1,Starter plan · 6 seats,subscription,6,29.00,174.00
3878,3655,422,435,1,Starter plan · 6 seats,subscription,6,29.00,174.00
3879,3656,422,435,1,Starter plan · 6 seats,subscription,6,29.00,174.00
3880,3657,422,435,1,Starter plan · 6 seats,subscription,6,29.00,174.00
3881,3658,422,435,1,Starter plan · 6 seats,subscription,6,29.00,174.00
3882,3659,422,435,2,Team plan · 6 seats,subscription,6,59.00,354.00
3883,3660,422,435,2,Team plan · 6 seats,subscription,6,59.00,354.00
3884,3661,422,435,2,Team plan · 6 seats,subscription,6,59.00,354.00
3885,3662,422,435,2,Team plan · 6 seats,subscription,6,59.00,354.00
3886,3663,422,435,2,Team plan · 6 seats,subscription,6,59.00,354.00
3887,3664,422,435,2,Team plan · 6 seats,subscription,6,59.00,354.00
3888,3665,422,435,2,Team plan · 6 seats,subscription,6,59.00,354.00
3889,3666,422,435,2,Team plan · 6 seats,subscription,6,59.00,354.00
3890,3667,422,435,2,Team plan · 6 seats,subscription,6,59.00,354.00
3891,3668,422,435,2,Team plan · 6 seats,subscription,6,59.00,354.00
3892,3669,422,435,3,Business plan · 6 seats,subscription,6,99.00,594.00
3893,3669,422,435,3,Additional storage,addon,1,129.00,129.00
3894,3670,422,435,3,Business plan · 6 seats,subscription,6,99.00,594.00
3895,3671,422,435,3,Business plan · 6 seats,subscription,6,99.00,594.00
3896,3672,422,435,3,Business plan · 6 seats,subscription,6,99.00,594.00
3897,3673,422,435,3,Business plan · 6 seats,subscription,6,99.00,594.00
3898,3674,422,435,3,Business plan · 6 seats,subscription,6,99.00,594.00
3899,3675,422,435,3,Business plan · 6 seats,subscription,6,99.00,594.00
3900,3676,422,435,3,Business plan · 7 seats,subscription,7,99.00,693.00
3901,3677,423,436,4,Enterprise annual · 15 seats,subscription,15,1490.00,22350.00
3902,3677,423,436,4,Implementation and onboarding,one_time,1,2500.00,2500.00
3903,3678,424,437,4,Enterprise annual · 169 seats,subscription,169,1490.00,251810.04
3904,3678,424,437,4,Implementation and onboarding,one_time,1,4000.00,4000.00
3905,3679,424,437,4,Enterprise annual · 130 seats,subscription,130,1490.00,193700.04
3906,3680,424,437,3,Business annual · 152 seats,subscription,152,990.00,150480.00
3907,3681,425,438,3,Business plan · 19 seats,subscription,19,99.00,1881.00
3908,3681,425,438,3,Additional storage,addon,1,129.00,129.00
3909,3682,426,439,1,Starter plan · 10 seats,subscription,10,29.00,290.00
3910,3683,426,439,1,Starter plan · 10 seats,subscription,10,29.00,290.00
3911,3684,426,439,1,Starter plan · 10 seats,subscription,10,29.00,290.00
3912,3685,426,439,1,Starter plan · 10 seats,subscription,10,29.00,290.00
3913,3686,426,439,1,Starter plan · 10 seats,subscription,10,29.00,290.00
3914,3687,426,439,1,Starter plan · 10 seats,subscription,10,29.00,290.00
3915,3688,426,439,1,Starter plan · 10 seats,subscription,10,29.00,290.00
3916,3689,426,439,1,Starter plan · 10 seats,subscription,10,29.00,290.00
3917,3690,426,439,1,Starter plan · 10 seats,subscription,10,29.00,290.00
3918,3691,426,439,1,Starter plan · 10 seats,subscription,10,29.00,290.00
3919,3692,426,439,1,Starter plan · 10 seats,subscription,10,29.00,290.00
3920,3693,426,439,1,Starter plan · 10 seats,subscription,10,29.00,290.00
3921,3694,426,439,1,Starter plan · 10 seats,subscription,10,29.00,290.00
3922,3695,426,439,1,Starter plan · 10 seats,subscription,10,29.00,290.00
3923,3696,426,439,1,Starter plan · 10 seats,subscription,10,29.00,290.00
3924,3697,426,439,1,Starter plan · 10 seats,subscription,10,29.00,290.00
3925,3698,426,439,1,Starter plan · 10 seats,subscription,10,29.00,290.00
3926,3699,426,439,1,Starter plan · 10 seats,subscription,10,29.00,290.00
3927,3700,426,439,1,Starter plan · 10 seats,subscription,10,29.00,290.00
3928,3701,426,439,1,Starter plan · 10 seats,subscription,10,29.00,290.00
3929,3702,426,439,1,Starter plan · 10 seats,subscription,10,29.00,290.00
3930,3703,426,439,1,Starter plan · 10 seats,subscription,10,29.00,290.00
3931,3704,426,439,1,Starter plan · 10 seats,subscription,10,29.00,290.00
3932,3705,426,439,1,Starter plan · 10 seats,subscription,10,29.00,290.00
3933,3706,427,440,1,Starter plan · 4 seats,subscription,4,29.00,116.00
3934,3707,427,440,1,Starter plan · 5 seats,subscription,5,29.00,145.00
3935,3708,427,440,1,Starter plan · 5 seats,subscription,5,29.00,145.00
3936,3709,427,440,1,Starter plan · 5 seats,subscription,5,29.00,145.00
3937,3710,427,440,1,Starter plan · 5 seats,subscription,5,29.00,145.00
3938,3711,427,440,1,Starter plan · 5 seats,subscription,5,29.00,145.00
3939,3712,427,440,1,Starter plan · 5 seats,subscription,5,29.00,145.00
3940,3713,427,440,1,Starter plan · 5 seats,subscription,5,29.00,145.00
3941,3714,427,440,1,Starter plan · 5 seats,subscription,5,29.00,145.00
3942,3715,427,440,1,Starter plan · 5 seats,subscription,5,29.00,145.00
3943,3716,427,440,1,Starter plan · 5 seats,subscription,5,29.00,145.00
3944,3717,427,440,1,Starter plan · 5 seats,subscription,5,29.00,145.00
3945,3718,427,440,1,Starter plan · 5 seats,subscription,5,29.00,145.00
3946,3719,427,440,1,Starter plan · 5 seats,subscription,5,29.00,145.00
3947,3720,427,440,1,Starter plan · 5 seats,subscription,5,29.00,145.00
3948,3721,427,440,1,Starter plan · 5 seats,subscription,5,29.00,145.00
3949,3722,427,440,1,Starter plan · 5 seats,subscription,5,29.00,145.00
3950,3723,427,440,1,Starter plan · 5 seats,subscription,5,29.00,145.00
3951,3724,427,440,1,Starter plan · 5 seats,subscription,5,29.00,145.00
3952,3725,427,440,1,Starter plan · 5 seats,subscription,5,29.00,145.00
3953,3726,427,440,1,Starter plan · 5 seats,subscription,5,29.00,145.00
3954,3727,427,440,1,Starter plan · 5 seats,subscription,5,29.00,145.00
3955,3728,427,440,1,Starter plan · 5 seats,subscription,5,29.00,145.00
3956,3729,427,440,1,Starter plan · 5 seats,subscription,5,29.00,145.00
3957,3730,428,441,2,Team plan · 8 seats,subscription,8,59.00,472.00
3958,3731,428,441,2,Team plan · 8 seats,subscription,8,59.00,472.00
3959,3732,428,441,2,Team plan · 8 seats,subscription,8,59.00,472.00
3960,3733,428,441,2,Team plan · 8 seats,subscription,8,59.00,472.00
3961,3734,428,441,2,Team plan · 8 seats,subscription,8,59.00,472.00
3962,3735,428,441,2,Team plan · 8 seats,subscription,8,59.00,472.00
3963,3736,428,441,2,Team plan · 8 seats,subscription,8,59.00,472.00
3964,3737,428,441,2,Team plan · 8 seats,subscription,8,59.00,472.00
3965,3738,428,441,2,Team plan · 8 seats,subscription,8,59.00,472.00
3966,3739,428,441,2,Team plan · 8 seats,subscription,8,59.00,472.00
3967,3740,428,441,2,Team plan · 8 seats,subscription,8,59.00,472.00
3968,3741,428,441,2,Team plan · 8 seats,subscription,8,59.00,472.00
3969,3742,428,441,2,Team plan · 8 seats,subscription,8,59.00,472.00
3970,3743,428,441,2,Team plan · 9 seats,subscription,9,59.00,531.00
3971,3744,428,441,2,Team plan · 9 seats,subscription,9,59.00,531.00
3972,3745,428,441,2,Team plan · 9 seats,subscription,9,59.00,531.00
3973,3746,428,441,2,Team plan · 9 seats,subscription,9,59.00,531.00
3974,3747,429,442,1,Starter plan · 7 seats,subscription,7,29.00,203.00
3975,3748,429,442,1,Starter plan · 7 seats,subscription,7,29.00,203.00
3976,3749,429,442,1,Starter plan · 7 seats,subscription,7,29.00,203.00
3977,3750,430,443,3,Business plan · 29 seats,subscription,29,99.00,2871.00
3978,3751,430,443,3,Business plan · 29 seats,subscription,29,99.00,2871.00
3979,3752,430,443,3,Business plan · 29 seats,subscription,29,99.00,2871.00
3980,3752,430,443,3,Additional storage,addon,1,49.00,49.00
3981,3753,430,443,3,Business plan · 29 seats,subscription,29,99.00,2871.00
3982,3754,430,443,3,Business plan · 29 seats,subscription,29,99.00,2871.00
3983,3755,430,443,3,Business plan · 29 seats,subscription,29,99.00,2871.00
3984,3756,430,443,3,Business plan · 29 seats,subscription,29,99.00,2871.00
3985,3756,430,443,3,Additional storage,addon,1,129.00,129.00
3986,3757,430,443,3,Business plan · 29 seats,subscription,29,99.00,2871.00
3987,3758,431,444,2,Team annual · 26 seats,subscription,26,590.00,15339.96
3988,3759,432,445,4,Enterprise annual · 26 seats,subscription,26,1490.00,38739.96
3989,3759,432,445,4,Implementation and onboarding,one_time,1,7500.00,7500.00
3990,3760,432,445,4,Enterprise annual · 28 seats,subscription,28,1490.00,41720.04
3991,3761,432,445,4,Enterprise annual · 30 seats,subscription,30,1490.00,44700.00
3992,3762,433,446,1,Starter plan · 3 seats,subscription,3,29.00,87.00
3993,3763,433,446,1,Starter plan · 3 seats,subscription,3,29.00,87.00
3994,3764,433,446,1,Starter plan · 4 seats,subscription,4,29.00,116.00
3995,3765,433,446,1,Starter plan · 4 seats,subscription,4,29.00,116.00
3996,3766,433,446,1,Starter plan · 4 seats,subscription,4,29.00,116.00
3997,3767,433,446,1,Starter plan · 4 seats,subscription,4,29.00,116.00
3998,3768,433,446,1,Starter plan · 4 seats,subscription,4,29.00,116.00
3999,3769,433,446,1,Starter plan · 4 seats,subscription,4,29.00,116.00
4000,3770,433,446,2,Team plan · 4 seats,subscription,4,59.00,236.00
4001,3771,433,446,2,Team plan · 4 seats,subscription,4,59.00,236.00
4002,3772,433,446,2,Team plan · 4 seats,subscription,4,59.00,236.00
4003,3773,433,446,2,Team plan · 4 seats,subscription,4,59.00,236.00
4004,3774,433,446,2,Team plan · 3 seats,subscription,3,59.00,177.00
4005,3775,433,446,2,Team plan · 3 seats,subscription,3,59.00,177.00
4006,3776,433,446,2,Team plan · 3 seats,subscription,3,59.00,177.00
4007,3777,433,446,2,Team plan · 3 seats,subscription,3,59.00,177.00
4008,3778,433,446,3,Business plan · 3 seats,subscription,3,99.00,297.00
4009,3779,433,446,3,Business plan · 3 seats,subscription,3,99.00,297.00
4010,3780,433,446,3,Business plan · 4 seats,subscription,4,99.00,396.00
4011,3781,433,446,3,Business plan · 4 seats,subscription,4,99.00,396.00
4012,3782,433,446,3,Business plan · 4 seats,subscription,4,99.00,396.00
4013,3782,433,446,3,Additional storage,addon,1,79.00,79.00
4014,3783,433,446,3,Business plan · 4 seats,subscription,4,99.00,396.00
4015,3783,433,446,3,Additional storage,addon,1,129.00,129.00
4016,3784,434,447,4,Enterprise annual · 296 seats,subscription,296,1490.00,441039.96
4017,3784,434,447,4,Implementation and onboarding,one_time,1,7500.00,7500.00
4018,3784,434,447,4,Customer success package,addon,1,2400.00,2400.00
4019,3785,434,447,3,Business annual · 296 seats,subscription,296,990.00,293040.00
4020,3786,434,447,4,Enterprise annual · 435 seats,subscription,435,1490.00,648150.00
4021,3786,434,447,4,Customer success package,addon,1,6000.00,6000.00
4022,3787,434,447,4,Enterprise annual · 487 seats,subscription,487,1490.00,725630.04
4023,3788,435,448,2,Team plan · 9 seats,subscription,9,59.00,531.00
4024,3789,435,448,2,Team plan · 9 seats,subscription,9,59.00,531.00
4025,3790,435,448,2,Team plan · 9 seats,subscription,9,59.00,531.00
4026,3791,435,448,2,Team plan · 9 seats,subscription,9,59.00,531.00
4027,3792,435,448,2,Team plan · 9 seats,subscription,9,59.00,531.00
4028,3793,435,448,2,Team plan · 9 seats,subscription,9,59.00,531.00
4029,3794,435,448,2,Team plan · 9 seats,subscription,9,59.00,531.00
4030,3795,435,448,2,Team plan · 9 seats,subscription,9,59.00,531.00
4031,3796,435,448,2,Team plan · 9 seats,subscription,9,59.00,531.00
4032,3797,435,448,2,Team plan · 9 seats,subscription,9,59.00,531.00
4033,3798,435,448,2,Team plan · 9 seats,subscription,9,59.00,531.00
4034,3799,435,448,2,Team plan · 9 seats,subscription,9,59.00,531.00
4035,3800,435,448,2,Team plan · 9 seats,subscription,9,59.00,531.00
4036,3801,435,448,2,Team plan · 9 seats,subscription,9,59.00,531.00
4037,3802,435,448,2,Team plan · 9 seats,subscription,9,59.00,531.00
4038,3803,436,449,2,Team plan · 6 seats,subscription,6,59.00,354.00
4039,3804,436,449,2,Team plan · 6 seats,subscription,6,59.00,354.00
4040,3805,436,449,2,Team plan · 6 seats,subscription,6,59.00,354.00
4041,3806,436,449,2,Team plan · 6 seats,subscription,6,59.00,354.00
4042,3807,436,449,2,Team plan · 6 seats,subscription,6,59.00,354.00
4043,3808,436,449,2,Team plan · 7 seats,subscription,7,59.00,413.00
4044,3809,436,449,2,Team plan · 8 seats,subscription,8,59.00,472.00
4045,3810,436,449,2,Team plan · 8 seats,subscription,8,59.00,472.00
4046,3811,436,449,2,Team plan · 8 seats,subscription,8,59.00,472.00
4047,3812,436,449,2,Team plan · 8 seats,subscription,8,59.00,472.00
4048,3813,436,449,2,Team plan · 8 seats,subscription,8,59.00,472.00
4049,3814,436,449,2,Team plan · 8 seats,subscription,8,59.00,472.00
4050,3815,437,450,1,Starter plan · 10 seats,subscription,10,29.00,290.00
4051,3816,437,450,1,Starter plan · 10 seats,subscription,10,29.00,290.00
4052,3817,437,450,1,Starter plan · 10 seats,subscription,10,29.00,290.00
4053,3818,438,451,2,Team annual · 29 seats,subscription,29,590.00,17109.96
4054,3819,438,451,3,Business annual · 29 seats,subscription,29,990.00,28710.00
4055,3820,438,451,3,Business annual · 29 seats,subscription,29,990.00,28710.00
4056,3821,438,451,3,Business annual · 29 seats,subscription,29,990.00,28710.00
4057,3822,438,451,2,Team annual · 33 seats,subscription,33,590.00,19470.00
4058,3823,439,452,2,Team plan · 2 seats,subscription,2,59.00,118.00
4059,3824,439,452,2,Team plan · 2 seats,subscription,2,59.00,118.00
4060,3825,439,452,2,Team plan · 2 seats,subscription,2,59.00,118.00
4061,3826,439,452,2,Team plan · 2 seats,subscription,2,59.00,118.00
4062,3827,439,452,2,Team plan · 2 seats,subscription,2,59.00,118.00
4063,3828,439,452,2,Team plan · 2 seats,subscription,2,59.00,118.00
4064,3829,439,452,2,Team plan · 2 seats,subscription,2,59.00,118.00
4065,3830,440,453,3,Business annual · 34 seats,subscription,34,1188.00,40392.00
4066,3830,440,453,3,Implementation and onboarding,one_time,1,7500.00,7500.00
4067,3831,440,453,3,Business annual · 41 seats,subscription,41,1188.00,48708.00
4068,3832,441,454,2,Team annual · 34 seats,subscription,34,590.00,20060.04
4069,3833,441,454,3,Business annual · 50 seats,subscription,50,990.00,49500.00
4070,3834,442,455,1,Starter plan · 10 seats,subscription,10,29.00,290.00
4071,3835,442,455,1,Starter plan · 10 seats,subscription,10,29.00,290.00
4072,3836,442,455,1,Starter plan · 10 seats,subscription,10,29.00,290.00
4073,3837,442,455,1,Starter plan · 8 seats,subscription,8,29.00,232.00
4074,3838,442,455,1,Starter plan · 8 seats,subscription,8,29.00,232.00
4075,3839,442,455,1,Starter plan · 8 seats,subscription,8,29.00,232.00
4076,3840,442,455,1,Starter plan · 8 seats,subscription,8,29.00,232.00
4077,3841,442,455,1,Starter plan · 8 seats,subscription,8,29.00,232.00
4078,3842,442,455,1,Starter plan · 10 seats,subscription,10,29.00,290.00
4079,3843,442,455,1,Starter plan · 10 seats,subscription,10,29.00,290.00
4080,3844,442,455,1,Starter plan · 10 seats,subscription,10,29.00,290.00
4081,3845,442,455,1,Starter plan · 10 seats,subscription,10,29.00,290.00
4082,3846,442,455,1,Starter plan · 10 seats,subscription,10,29.00,290.00
4083,3847,442,455,1,Starter plan · 10 seats,subscription,10,29.00,290.00
4084,3848,442,455,1,Starter plan · 10 seats,subscription,10,29.00,290.00
4085,3849,442,455,1,Starter plan · 10 seats,subscription,10,29.00,290.00
4086,3850,442,455,1,Starter plan · 10 seats,subscription,10,29.00,290.00
4087,3851,442,455,1,Starter plan · 10 seats,subscription,10,29.00,290.00
4088,3852,442,455,2,Team plan · 10 seats,subscription,10,59.00,590.00
4089,3853,443,456,2,Team plan · 50 seats,subscription,50,59.00,2950.00
4090,3854,443,456,2,Team plan · 50 seats,subscription,50,59.00,2950.00
4091,3855,443,456,2,Team plan · 50 seats,subscription,50,59.00,2950.00
4092,3856,443,456,2,Team plan · 50 seats,subscription,50,59.00,2950.00
4093,3857,443,456,2,Team plan · 50 seats,subscription,50,59.00,2950.00
4094,3858,443,456,2,Team plan · 50 seats,subscription,50,59.00,2950.00
4095,3859,443,456,2,Team plan · 50 seats,subscription,50,59.00,2950.00
4096,3860,444,457,1,Starter plan · 10 seats,subscription,10,29.00,290.00
4097,3861,444,457,1,Starter plan · 10 seats,subscription,10,29.00,290.00
4098,3862,444,457,1,Starter plan · 10 seats,subscription,10,29.00,290.00
4099,3863,444,457,1,Starter plan · 10 seats,subscription,10,29.00,290.00
4100,3864,444,457,1,Starter plan · 10 seats,subscription,10,29.00,290.00
4101,3865,444,457,1,Starter plan · 10 seats,subscription,10,29.00,290.00
4102,3866,444,457,1,Starter plan · 10 seats,subscription,10,29.00,290.00
4103,3867,444,457,1,Starter plan · 10 seats,subscription,10,29.00,290.00
4104,3868,444,457,2,Team plan · 10 seats,subscription,10,59.00,590.00
4105,3869,444,457,2,Team plan · 10 seats,subscription,10,59.00,590.00
4106,3870,444,457,2,Team plan · 10 seats,subscription,10,59.00,590.00
4107,3871,444,457,2,Team plan · 10 seats,subscription,10,59.00,590.00
4108,3872,444,457,2,Team plan · 8 seats,subscription,8,59.00,472.00
4109,3873,445,458,3,Business annual · 20 seats,subscription,20,990.00,19800.00
4110,3873,445,458,3,Implementation and onboarding,one_time,1,4000.00,4000.00
4111,3874,446,459,4,Enterprise annual · 31 seats,subscription,31,1490.00,46190.04
4112,3874,446,459,4,Implementation and onboarding,one_time,1,1500.00,1500.00
4113,3875,447,460,2,Team plan · 6 seats,subscription,6,59.00,354.00
4114,3876,447,460,2,Team plan · 6 seats,subscription,6,59.00,354.00
4115,3877,447,460,2,Team plan · 6 seats,subscription,6,59.00,354.00
4116,3878,447,460,2,Team plan · 6 seats,subscription,6,59.00,354.00
4117,3879,447,460,2,Team plan · 6 seats,subscription,6,59.00,354.00
4118,3880,447,460,2,Team plan · 6 seats,subscription,6,59.00,354.00
4119,3881,447,460,2,Team plan · 6 seats,subscription,6,59.00,354.00
4120,3882,447,460,2,Team plan · 6 seats,subscription,6,59.00,354.00
4121,3883,447,460,2,Team plan · 6 seats,subscription,6,59.00,354.00
4122,3884,447,460,2,Team plan · 6 seats,subscription,6,59.00,354.00
4123,3885,447,460,3,Business plan · 6 seats,subscription,6,99.00,594.00
4124,3886,447,460,3,Business plan · 6 seats,subscription,6,99.00,594.00
4125,3887,447,460,3,Business plan · 6 seats,subscription,6,99.00,594.00
4126,3888,447,460,3,Business plan · 6 seats,subscription,6,99.00,594.00
4127,3889,447,460,3,Business plan · 6 seats,subscription,6,99.00,594.00
4128,3890,447,460,3,Business plan · 6 seats,subscription,6,99.00,594.00
4129,3891,447,460,3,Business plan · 6 seats,subscription,6,99.00,594.00
4130,3891,447,460,3,Additional storage,addon,1,49.00,49.00
4131,3892,447,460,3,Business plan · 6 seats,subscription,6,99.00,594.00
4132,3893,447,460,3,Business plan · 6 seats,subscription,6,99.00,594.00
4133,3894,447,460,3,Business plan · 6 seats,subscription,6,99.00,594.00
4134,3894,447,460,3,Additional storage,addon,1,49.00,49.00
4135,3895,447,461,3,Business plan · 5 seats,subscription,5,99.00,495.00
4136,3896,447,461,3,Business plan · 5 seats,subscription,5,99.00,495.00
4137,3897,447,461,3,Business plan · 5 seats,subscription,5,99.00,495.00
4138,3898,447,461,3,Business plan · 5 seats,subscription,5,99.00,495.00
4139,3899,448,462,3,Business annual · 28 seats,subscription,28,990.00,27720.00
4140,3899,448,462,3,Implementation and onboarding,one_time,1,7500.00,7500.00
4141,3900,449,463,2,Team plan · 25 seats,subscription,25,59.00,1475.00
4142,3901,449,463,2,Team plan · 25 seats,subscription,25,59.00,1475.00
4143,3902,449,463,2,Team plan · 25 seats,subscription,25,59.00,1475.00
4144,3903,449,463,2,Team plan · 25 seats,subscription,25,59.00,1475.00
4145,3904,449,463,2,Team plan · 25 seats,subscription,25,59.00,1475.00
4146,3905,449,463,2,Team plan · 25 seats,subscription,25,59.00,1475.00
4147,3906,449,463,2,Team plan · 25 seats,subscription,25,59.00,1475.00
4148,3907,449,463,2,Team plan · 25 seats,subscription,25,59.00,1475.00
4149,3908,449,463,2,Team plan · 25 seats,subscription,25,59.00,1475.00
4150,3909,449,463,2,Team plan · 25 seats,subscription,25,59.00,1475.00
4151,3910,449,463,2,Team plan · 25 seats,subscription,25,59.00,1475.00
4152,3911,449,463,2,Team plan · 25 seats,subscription,25,59.00,1475.00
4153,3912,449,463,2,Team plan · 25 seats,subscription,25,59.00,1475.00
4154,3913,449,463,2,Team plan · 25 seats,subscription,25,59.00,1475.00
4155,3914,449,463,2,Team plan · 27 seats,subscription,27,59.00,1593.00
4156,3915,449,463,2,Team plan · 27 seats,subscription,27,59.00,1593.00
4157,3916,449,463,2,Team plan · 27 seats,subscription,27,59.00,1593.00
4158,3917,449,463,2,Team plan · 27 seats,subscription,27,59.00,1593.00
4159,3918,449,463,2,Team plan · 27 seats,subscription,27,59.00,1593.00
4160,3919,449,463,2,Team plan · 27 seats,subscription,27,59.00,1593.00
4161,3920,449,463,2,Team plan · 27 seats,subscription,27,59.00,1593.00
4162,3921,449,463,2,Team plan · 27 seats,subscription,27,59.00,1593.00
4163,3922,449,463,2,Team plan · 27 seats,subscription,27,59.00,1593.00
4164,3923,449,463,2,Team plan · 27 seats,subscription,27,59.00,1593.00
4165,3924,449,463,2,Team plan · 27 seats,subscription,27,59.00,1593.00
4166,3925,449,463,2,Team plan · 27 seats,subscription,27,59.00,1593.00
4167,3926,449,463,3,Business plan · 27 seats,subscription,27,99.00,2673.00
4168,3927,449,463,3,Business plan · 27 seats,subscription,27,99.00,2673.00
4169,3928,449,463,3,Business plan · 27 seats,subscription,27,99.00,2673.00
4170,3929,449,463,3,Business plan · 27 seats,subscription,27,99.00,2673.00
4171,3929,449,463,3,Additional storage,addon,1,79.00,79.00
4172,3930,450,464,4,Enterprise annual · 92 seats,subscription,92,1490.00,137079.96
4173,3930,450,464,4,Implementation and onboarding,one_time,1,7500.00,7500.00
4174,3931,450,464,4,Enterprise annual · 103 seats,subscription,103,1490.00,153470.04
4175,3932,451,465,3,Business annual · 9 seats,subscription,9,990.00,8910.00
4176,3932,451,465,3,Implementation and onboarding,one_time,1,1500.00,1500.00
4177,3933,452,466,3,Business annual · 24 seats,subscription,24,990.00,23760.00
4178,3933,452,466,3,Implementation and onboarding,one_time,1,7500.00,7500.00
4179,3934,453,467,1,Starter plan · 6 seats,subscription,6,29.00,174.00
4180,3935,454,468,2,Team plan · 6 seats,subscription,6,59.00,354.00
4181,3936,454,468,2,Team plan · 5 seats,subscription,5,59.00,295.00
4182,3937,455,469,2,Team annual · 6 seats,subscription,6,590.00,3540.00
4183,3938,456,470,2,Team plan · 12 seats,subscription,12,59.00,708.00
4184,3939,456,470,2,Team plan · 12 seats,subscription,12,59.00,708.00
4185,3940,456,470,2,Team plan · 10 seats,subscription,10,59.00,590.00
4186,3941,456,470,2,Team plan · 10 seats,subscription,10,59.00,590.00
4187,3942,456,470,2,Team plan · 10 seats,subscription,10,59.00,590.00
4188,3943,456,470,2,Team plan · 10 seats,subscription,10,59.00,590.00
4189,3944,456,470,3,Business plan · 10 seats,subscription,10,99.00,990.00
4190,3945,456,470,3,Business plan · 10 seats,subscription,10,99.00,990.00
4191,3946,456,470,3,Business plan · 10 seats,subscription,10,99.00,990.00
4192,3946,456,470,3,Additional storage,addon,1,49.00,49.00
4193,3947,456,470,3,Business plan · 10 seats,subscription,10,99.00,990.00
4194,3948,456,470,3,Business plan · 10 seats,subscription,10,99.00,990.00
4195,3949,456,470,3,Business plan · 10 seats,subscription,10,99.00,990.00
4196,3949,456,470,3,Additional storage,addon,1,49.00,49.00
4197,3950,456,470,3,Business plan · 10 seats,subscription,10,99.00,990.00
4198,3951,457,471,2,Team annual · 50 seats,subscription,50,590.00,29499.96
4199,3952,458,472,1,Starter plan · 2 seats,subscription,2,29.00,58.00
4200,3953,458,472,1,Starter plan · 2 seats,subscription,2,29.00,58.00
4201,3954,458,472,1,Starter plan · 2 seats,subscription,2,29.00,58.00
4202,3955,458,472,1,Starter plan · 2 seats,subscription,2,29.00,58.00
4203,3956,458,472,1,Starter plan · 2 seats,subscription,2,29.00,58.00
4204,3957,458,472,1,Starter plan · 2 seats,subscription,2,29.00,58.00
4205,3958,458,472,1,Starter plan · 2 seats,subscription,2,29.00,58.00
4206,3959,458,472,1,Starter plan · 2 seats,subscription,2,29.00,58.00
4207,3960,458,472,1,Starter plan · 2 seats,subscription,2,29.00,58.00
4208,3961,458,472,1,Starter plan · 2 seats,subscription,2,29.00,58.00
4209,3962,458,472,1,Starter plan · 2 seats,subscription,2,29.00,58.00
4210,3963,458,472,1,Starter plan · 2 seats,subscription,2,29.00,58.00
4211,3964,458,472,1,Starter plan · 2 seats,subscription,2,29.00,58.00
4212,3965,458,472,1,Starter plan · 2 seats,subscription,2,29.00,58.00
4213,3966,458,472,1,Starter plan · 2 seats,subscription,2,29.00,58.00
4214,3967,458,472,1,Starter plan · 2 seats,subscription,2,29.00,58.00
4215,3968,458,472,1,Starter plan · 2 seats,subscription,2,29.00,58.00
4216,3969,458,472,1,Starter plan · 2 seats,subscription,2,29.00,58.00
4217,3970,458,472,1,Starter plan · 2 seats,subscription,2,29.00,58.00
4218,3971,458,472,1,Starter plan · 2 seats,subscription,2,29.00,58.00
4219,3972,458,472,1,Starter plan · 2 seats,subscription,2,29.00,58.00
4220,3973,458,472,1,Starter plan · 2 seats,subscription,2,29.00,58.00
4221,3974,458,472,1,Starter plan · 2 seats,subscription,2,29.00,58.00
4222,3975,458,472,1,Starter plan · 2 seats,subscription,2,29.00,58.00
4223,3976,458,472,1,Starter plan · 2 seats,subscription,2,29.00,58.00
4224,3977,458,472,1,Starter plan · 2 seats,subscription,2,29.00,58.00
4225,3978,458,472,1,Starter plan · 2 seats,subscription,2,29.00,58.00
4226,3979,458,472,1,Starter plan · 2 seats,subscription,2,29.00,58.00
4227,3980,459,473,4,Enterprise annual · 386 seats,subscription,386,1490.00,575139.96
4228,3980,459,473,4,Implementation and onboarding,one_time,1,4000.00,4000.00
4229,3981,459,473,4,Enterprise annual · 400 seats,subscription,400,1490.00,596000.04
4230,3982,460,474,2,Team annual · 50 seats,subscription,50,590.00,29499.96
4231,3983,460,474,2,Team annual · 50 seats,subscription,50,590.00,29499.96
4232,3984,461,475,3,Business annual · 34 seats,subscription,34,990.00,33660.00
4233,3984,461,475,3,Implementation and onboarding,one_time,1,2500.00,2500.00
4234,3985,462,476,3,Business plan · 29 seats,subscription,29,82.50,2392.50
4235,3986,462,476,3,Business plan · 29 seats,subscription,29,82.50,2392.50
4236,3987,462,476,3,Business plan · 29 seats,subscription,29,82.50,2392.50
4237,3988,462,476,3,Business plan · 29 seats,subscription,29,82.50,2392.50
4238,3989,462,476,3,Business plan · 29 seats,subscription,29,82.50,2392.50
4239,3990,462,476,3,Business plan · 29 seats,subscription,29,82.50,2392.50
4240,3991,462,476,3,Business plan · 29 seats,subscription,29,82.50,2392.50
4241,3992,462,476,3,Business plan · 29 seats,subscription,29,82.50,2392.50
4242,3993,462,476,2,Team plan · 29 seats,subscription,29,49.17,1425.83
4243,3994,462,476,2,Team plan · 29 seats,subscription,29,49.17,1425.83
4244,3995,462,476,2,Team plan · 29 seats,subscription,29,49.17,1425.83
4245,3996,462,476,1,Starter plan · 10 seats,subscription,10,29.00,290.00
4246,3997,462,476,1,Starter plan · 10 seats,subscription,10,29.00,290.00
4247,3998,462,476,1,Starter plan · 10 seats,subscription,10,29.00,290.00
4248,3999,462,476,1,Starter plan · 10 seats,subscription,10,29.00,290.00
4249,4000,462,476,1,Starter plan · 10 seats,subscription,10,29.00,290.00
4250,4001,462,476,1,Starter plan · 10 seats,subscription,10,29.00,290.00
4251,4002,462,476,1,Starter plan · 10 seats,subscription,10,29.00,290.00
4252,4003,462,476,1,Starter plan · 10 seats,subscription,10,29.00,290.00
4253,4004,462,476,1,Starter plan · 10 seats,subscription,10,29.00,290.00
4254,4005,462,476,1,Starter plan · 10 seats,subscription,10,29.00,290.00
4255,4006,462,476,1,Starter plan · 10 seats,subscription,10,29.00,290.00
4256,4007,462,476,1,Starter plan · 10 seats,subscription,10,29.00,290.00
4257,4008,462,476,1,Starter plan · 10 seats,subscription,10,29.00,290.00
4258,4009,462,476,1,Starter plan · 10 seats,subscription,10,29.00,290.00
4259,4010,462,476,1,Starter plan · 10 seats,subscription,10,29.00,290.00
4260,4011,462,476,1,Starter plan · 10 seats,subscription,10,29.00,290.00
4261,4012,462,476,1,Starter plan · 10 seats,subscription,10,29.00,290.00
4262,4013,462,476,1,Starter plan · 10 seats,subscription,10,29.00,290.00
4263,4014,462,476,1,Starter plan · 10 seats,subscription,10,29.00,290.00
4264,4015,462,476,1,Starter plan · 10 seats,subscription,10,29.00,290.00
4265,4016,462,476,1,Starter plan · 10 seats,subscription,10,29.00,290.00
4266,4017,462,476,1,Starter plan · 10 seats,subscription,10,29.00,290.00
4267,4018,462,476,1,Starter plan · 10 seats,subscription,10,29.00,290.00
4268,4019,462,476,1,Starter plan · 10 seats,subscription,10,29.00,290.00
4269,4020,462,476,1,Starter plan · 10 seats,subscription,10,29.00,290.00
4270,4021,462,476,1,Starter plan · 10 seats,subscription,10,29.00,290.00
4271,4022,462,476,1,Starter plan · 10 seats,subscription,10,29.00,290.00
4272,4023,462,476,1,Starter plan · 10 seats,subscription,10,29.00,290.00
4273,4024,462,476,1,Starter plan · 10 seats,subscription,10,29.00,290.00
4274,4025,462,476,1,Starter plan · 10 seats,subscription,10,29.00,290.00
4275,4026,462,476,1,Starter plan · 10 seats,subscription,10,29.00,290.00
4276,4027,462,476,1,Starter plan · 10 seats,subscription,10,29.00,290.00
4277,4028,462,476,1,Starter plan · 10 seats,subscription,10,29.00,290.00
4278,4029,462,476,1,Starter plan · 10 seats,subscription,10,29.00,290.00
4279,4030,462,476,1,Starter plan · 10 seats,subscription,10,29.00,290.00
4280,4031,462,476,1,Starter plan · 8 seats,subscription,8,29.00,232.00
4281,4032,462,476,1,Starter plan · 8 seats,subscription,8,29.00,232.00
4282,4033,463,477,3,Business annual · 126 seats,subscription,126,990.00,124740.00
4283,4033,463,477,3,Implementation and onboarding,one_time,1,1500.00,1500.00
4284,4034,464,478,2,Team annual · 7 seats,subscription,7,708.00,4956.00
4285,4035,464,478,3,Business annual · 8 seats,subscription,8,1188.00,9504.00
4286,4036,464,478,4,Enterprise annual · 8 seats,subscription,8,1490.00,11919.96
4287,4037,465,479,1,Starter plan · 9 seats,subscription,9,29.00,261.00
4288,4038,465,479,1,Starter plan · 9 seats,subscription,9,29.00,261.00
4289,4039,465,479,1,Starter plan · 9 seats,subscription,9,29.00,261.00
4290,4040,465,479,1,Starter plan · 9 seats,subscription,9,29.00,261.00
4291,4041,465,479,1,Starter plan · 9 seats,subscription,9,29.00,261.00
4292,4042,465,479,1,Starter plan · 9 seats,subscription,9,29.00,261.00
4293,4043,465,479,1,Starter plan · 9 seats,subscription,9,29.00,261.00
4294,4044,465,479,1,Starter plan · 9 seats,subscription,9,29.00,261.00
4295,4045,465,479,1,Starter plan · 9 seats,subscription,9,29.00,261.00
4296,4046,465,479,2,Team plan · 10 seats,subscription,10,59.00,590.00
4297,4047,465,479,2,Team plan · 10 seats,subscription,10,59.00,590.00
4298,4048,465,479,2,Team plan · 10 seats,subscription,10,59.00,590.00
4299,4049,465,479,2,Team plan · 10 seats,subscription,10,59.00,590.00
4300,4050,466,480,2,Team plan · 9 seats,subscription,9,59.00,531.00
4301,4051,466,480,2,Team plan · 9 seats,subscription,9,59.00,531.00
4302,4052,466,480,2,Team plan · 9 seats,subscription,9,59.00,531.00
4303,4053,466,480,2,Team plan · 9 seats,subscription,9,59.00,531.00
4304,4054,466,480,2,Team plan · 9 seats,subscription,9,59.00,531.00
4305,4055,466,480,2,Team plan · 7 seats,subscription,7,59.00,413.00
4306,4056,466,480,2,Team plan · 7 seats,subscription,7,59.00,413.00
4307,4057,466,480,2,Team plan · 7 seats,subscription,7,59.00,413.00
4308,4058,466,480,2,Team plan · 7 seats,subscription,7,59.00,413.00
4309,4059,466,480,2,Team plan · 7 seats,subscription,7,59.00,413.00
4310,4060,466,480,2,Team plan · 7 seats,subscription,7,59.00,413.00
4311,4061,466,480,2,Team plan · 7 seats,subscription,7,59.00,413.00
4312,4062,466,480,2,Team plan · 7 seats,subscription,7,59.00,413.00
4313,4063,466,480,3,Business plan · 7 seats,subscription,7,99.00,693.00
4314,4064,466,480,3,Business plan · 7 seats,subscription,7,99.00,693.00
4315,4065,466,480,3,Business plan · 7 seats,subscription,7,99.00,693.00
4316,4066,466,480,3,Business plan · 7 seats,subscription,7,99.00,693.00
4317,4067,466,480,3,Business plan · 7 seats,subscription,7,99.00,693.00
4318,4068,466,480,3,Business plan · 7 seats,subscription,7,99.00,693.00
4319,4069,466,480,3,Business plan · 7 seats,subscription,7,99.00,693.00
4320,4070,466,480,3,Business plan · 7 seats,subscription,7,99.00,693.00
4321,4071,467,481,3,Business plan · 5 seats,subscription,5,99.00,495.00
4322,4072,467,481,3,Business plan · 5 seats,subscription,5,99.00,495.00
4323,4072,467,481,3,Additional storage,addon,1,49.00,49.00
4324,4073,467,481,3,Business plan · 5 seats,subscription,5,99.00,495.00
4325,4074,467,481,3,Business plan · 5 seats,subscription,5,99.00,495.00
4326,4075,467,481,3,Business plan · 5 seats,subscription,5,99.00,495.00
4327,4076,467,481,3,Business plan · 5 seats,subscription,5,99.00,495.00
4328,4077,467,481,3,Business plan · 5 seats,subscription,5,99.00,495.00
4329,4078,467,481,3,Business plan · 5 seats,subscription,5,99.00,495.00
4330,4079,467,481,3,Business plan · 5 seats,subscription,5,99.00,495.00
4331,4080,467,481,3,Business plan · 5 seats,subscription,5,99.00,495.00
4332,4081,467,481,3,Business plan · 5 seats,subscription,5,99.00,495.00
4333,4082,467,481,3,Business plan · 5 seats,subscription,5,99.00,495.00
4334,4083,467,481,3,Business plan · 4 seats,subscription,4,99.00,396.00
4335,4084,467,481,3,Business plan · 4 seats,subscription,4,99.00,396.00
4336,4085,467,481,3,Business plan · 4 seats,subscription,4,99.00,396.00
4337,4086,468,482,2,Team plan · 3 seats,subscription,3,59.00,177.00
4338,4087,468,482,2,Team plan · 3 seats,subscription,3,59.00,177.00
4339,4088,468,482,2,Team plan · 3 seats,subscription,3,59.00,177.00
4340,4089,468,482,2,Team plan · 3 seats,subscription,3,59.00,177.00
4341,4090,468,482,2,Team plan · 3 seats,subscription,3,59.00,177.00
4342,4091,468,482,2,Team plan · 3 seats,subscription,3,59.00,177.00
4343,4092,468,482,2,Team plan · 4 seats,subscription,4,59.00,236.00
4344,4093,468,482,2,Team plan · 4 seats,subscription,4,59.00,236.00
4345,4094,468,482,2,Team plan · 4 seats,subscription,4,59.00,236.00
4346,4095,468,482,2,Team plan · 4 seats,subscription,4,59.00,236.00
4347,4096,468,482,2,Team plan · 4 seats,subscription,4,59.00,236.00
4348,4097,468,482,2,Team plan · 4 seats,subscription,4,59.00,236.00
4349,4098,468,482,2,Team plan · 4 seats,subscription,4,59.00,236.00
4350,4099,468,482,2,Team plan · 4 seats,subscription,4,59.00,236.00
4351,4100,468,482,2,Team plan · 5 seats,subscription,5,59.00,295.00
4352,4101,468,482,2,Team plan · 5 seats,subscription,5,59.00,295.00
4353,4102,468,482,2,Team plan · 5 seats,subscription,5,59.00,295.00
4354,4103,468,482,2,Team plan · 5 seats,subscription,5,59.00,295.00
4355,4104,468,482,2,Team plan · 5 seats,subscription,5,59.00,295.00
4356,4105,468,482,2,Team plan · 5 seats,subscription,5,59.00,295.00
4357,4106,468,482,2,Team plan · 5 seats,subscription,5,59.00,295.00
4358,4107,468,482,2,Team plan · 5 seats,subscription,5,59.00,295.00
4359,4108,468,482,2,Team plan · 5 seats,subscription,5,59.00,295.00
4360,4109,468,482,2,Team plan · 5 seats,subscription,5,59.00,295.00
4361,4110,468,482,2,Team plan · 5 seats,subscription,5,59.00,295.00
4362,4111,468,482,2,Team plan · 5 seats,subscription,5,59.00,295.00
4363,4112,468,482,2,Team plan · 5 seats,subscription,5,59.00,295.00
4364,4113,468,482,2,Team plan · 5 seats,subscription,5,59.00,295.00
4365,4114,468,482,2,Team plan · 5 seats,subscription,5,59.00,295.00
4366,4115,468,482,2,Team plan · 5 seats,subscription,5,59.00,295.00
4367,4116,468,482,2,Team plan · 5 seats,subscription,5,59.00,295.00
4368,4117,468,482,2,Team plan · 5 seats,subscription,5,59.00,295.00
4369,4118,468,482,2,Team plan · 5 seats,subscription,5,59.00,295.00
4370,4119,468,482,2,Team plan · 5 seats,subscription,5,59.00,295.00
4371,4120,468,482,2,Team plan · 5 seats,subscription,5,59.00,295.00
4372,4121,468,482,2,Team plan · 5 seats,subscription,5,59.00,295.00
4373,4122,468,482,2,Team plan · 5 seats,subscription,5,59.00,295.00
4374,4123,468,483,2,Team plan · 3 seats,subscription,3,59.00,177.00
4375,4124,468,483,2,Team plan · 3 seats,subscription,3,59.00,177.00
4376,4125,468,483,2,Team plan · 3 seats,subscription,3,59.00,177.00
4377,4126,468,483,2,Team plan · 3 seats,subscription,3,59.00,177.00
4378,4127,468,483,2,Team plan · 3 seats,subscription,3,59.00,177.00
4379,4128,468,483,2,Team plan · 3 seats,subscription,3,59.00,177.00
4380,4129,469,484,1,Starter plan · 10 seats,subscription,10,29.00,290.00
4381,4130,469,484,2,Team plan · 10 seats,subscription,10,59.00,590.00
4382,4131,469,484,2,Team plan · 10 seats,subscription,10,59.00,590.00
4383,4132,469,484,2,Team plan · 10 seats,subscription,10,59.00,590.00
4384,4133,469,484,2,Team plan · 10 seats,subscription,10,59.00,590.00
4385,4134,470,485,2,Team plan · 8 seats,subscription,8,59.00,472.00
4386,4135,470,485,2,Team plan · 8 seats,subscription,8,59.00,472.00
4387,4136,470,485,2,Team plan · 8 seats,subscription,8,59.00,472.00
4388,4137,470,485,2,Team plan · 9 seats,subscription,9,59.00,531.00
4389,4138,470,485,2,Team plan · 9 seats,subscription,9,59.00,531.00
4390,4139,470,485,2,Team plan · 9 seats,subscription,9,59.00,531.00
4391,4140,470,485,2,Team plan · 9 seats,subscription,9,59.00,531.00
4392,4141,470,485,2,Team plan · 9 seats,subscription,9,59.00,531.00
4393,4142,470,485,2,Team plan · 9 seats,subscription,9,59.00,531.00
4394,4143,470,485,2,Team plan · 9 seats,subscription,9,59.00,531.00
4395,4144,470,485,2,Team plan · 9 seats,subscription,9,59.00,531.00
4396,4145,470,485,2,Team plan · 9 seats,subscription,9,59.00,531.00
4397,4146,470,485,2,Team plan · 9 seats,subscription,9,59.00,531.00
4398,4147,471,486,3,Business annual · 42 seats,subscription,42,990.00,41580.00
4399,4147,471,486,3,Implementation and onboarding,one_time,1,4000.00,4000.00
4400,4148,471,486,3,Business annual · 46 seats,subscription,46,990.00,45540.00
4401,4149,471,486,4,Enterprise annual · 56 seats,subscription,56,1490.00,83439.96
4402,4149,471,486,4,Customer success package,addon,1,3600.00,3600.00
4403,4150,471,486,4,Enterprise annual · 68 seats,subscription,68,1490.00,101319.96
4404,4151,472,487,3,Business annual · 47 seats,subscription,47,990.00,46530.00
4405,4151,472,487,3,Implementation and onboarding,one_time,1,4000.00,4000.00
4406,4152,472,487,3,Business annual · 47 seats,subscription,47,990.00,46530.00
4407,4153,472,487,3,Business annual · 52 seats,subscription,52,990.00,51480.00
4408,4154,473,488,4,Enterprise annual · 283 seats,subscription,283,1490.00,421670.04
4409,4155,474,489,2,Team annual · 40 seats,subscription,40,590.00,23600.04
4410,4156,475,490,1,Starter plan · 10 seats,subscription,10,29.00,290.00
4411,4157,475,490,1,Starter plan · 10 seats,subscription,10,29.00,290.00
4412,4158,475,490,1,Starter plan · 10 seats,subscription,10,29.00,290.00
4413,4159,475,490,1,Starter plan · 10 seats,subscription,10,29.00,290.00
4414,4160,475,490,1,Starter plan · 10 seats,subscription,10,29.00,290.00
4415,4161,475,490,1,Starter plan · 8 seats,subscription,8,29.00,232.00
4416,4162,476,491,1,Starter plan · 8 seats,subscription,8,29.00,232.00
4417,4163,476,491,1,Starter plan · 8 seats,subscription,8,29.00,232.00
4418,4164,476,491,1,Starter plan · 8 seats,subscription,8,29.00,232.00
4419,4165,476,491,2,Team plan · 8 seats,subscription,8,59.00,472.00
4420,4166,476,491,2,Team plan · 8 seats,subscription,8,59.00,472.00
4421,4167,476,491,2,Team plan · 8 seats,subscription,8,59.00,472.00
4422,4168,476,491,2,Team plan · 8 seats,subscription,8,59.00,472.00
4423,4169,476,491,2,Team plan · 8 seats,subscription,8,59.00,472.00
4424,4170,476,491,3,Business plan · 8 seats,subscription,8,99.00,792.00
4425,4171,476,491,3,Business plan · 8 seats,subscription,8,99.00,792.00
4426,4172,476,491,3,Business plan · 8 seats,subscription,8,99.00,792.00
4427,4172,476,491,3,Additional storage,addon,1,49.00,49.00
4428,4173,476,491,3,Business plan · 9 seats,subscription,9,99.00,891.00
4429,4173,476,491,3,Additional storage,addon,1,79.00,79.00
4430,4174,476,491,3,Business plan · 9 seats,subscription,9,99.00,891.00
4431,4175,476,491,3,Business plan · 9 seats,subscription,9,99.00,891.00
4432,4176,476,491,3,Business plan · 9 seats,subscription,9,99.00,891.00
4433,4176,476,491,3,Additional storage,addon,1,79.00,79.00
4434,4177,476,491,3,Business plan · 9 seats,subscription,9,99.00,891.00
4435,4178,476,491,3,Business plan · 9 seats,subscription,9,99.00,891.00
4436,4178,476,491,3,Additional storage,addon,1,129.00,129.00
4437,4179,477,492,2,Team plan · 5 seats,subscription,5,59.00,295.00
4438,4180,477,492,2,Team plan · 5 seats,subscription,5,59.00,295.00
4439,4181,477,492,2,Team plan · 5 seats,subscription,5,59.00,295.00
4440,4182,477,492,2,Team plan · 5 seats,subscription,5,59.00,295.00
4441,4183,477,492,2,Team plan · 5 seats,subscription,5,59.00,295.00
4442,4184,477,492,2,Team plan · 5 seats,subscription,5,59.00,295.00
4443,4185,477,492,2,Team plan · 5 seats,subscription,5,59.00,295.00
4444,4186,477,492,2,Team plan · 5 seats,subscription,5,59.00,295.00
4445,4187,477,492,2,Team plan · 5 seats,subscription,5,59.00,295.00
4446,4188,477,492,2,Team plan · 5 seats,subscription,5,59.00,295.00
4447,4189,477,492,3,Business plan · 5 seats,subscription,5,99.00,495.00
4448,4190,478,493,2,Team annual · 18 seats,subscription,18,590.00,10620.00
4449,4191,479,494,2,Team annual · 17 seats,subscription,17,590.00,10029.96
4450,4192,479,494,2,Team annual · 16 seats,subscription,16,590.00,9440.04
4451,4193,480,495,4,Enterprise annual · 309 seats,subscription,309,1490.00,460410.00
